# Blender 4.0.2
# www.blender.org
mtllib pickup-simple.mtl
o WheelFL
v 0.774530 0.002808 1.482572
v 0.852169 0.013769 1.482572
v 0.905159 0.043173 1.482572
v 0.916674 0.081684 1.482572
v 0.883060 0.117075 1.482572
v 0.814988 0.138109 1.482572
v 0.734071 0.138109 1.482572
v 0.666000 0.117074 1.482572
v 0.632385 0.081684 1.482572
v 0.643901 0.043173 1.482572
v 0.696890 0.013769 1.482572
v 0.774530 0.014572 1.393216
v 0.852169 0.025160 1.396053
v 0.905159 0.053562 1.403663
v 0.916674 0.090760 1.413630
v 0.883060 0.124945 1.422790
v 0.814988 0.145263 1.428234
v 0.734071 0.145263 1.428234
v 0.666000 0.124945 1.422790
v 0.632385 0.090760 1.413630
v 0.643901 0.053562 1.403663
v 0.696890 0.025160 1.396053
v 0.774530 0.049062 1.309949
v 0.852169 0.058555 1.315430
v 0.905159 0.084019 1.330132
v 0.916674 0.117370 1.349387
v 0.883060 0.148020 1.367082
v 0.814988 0.166236 1.377600
v 0.734071 0.166236 1.377600
v 0.666000 0.148020 1.367082
v 0.632385 0.117370 1.349387
v 0.643901 0.084019 1.330132
v 0.696890 0.058555 1.315430
v 0.774530 0.103928 1.238447
v 0.852169 0.111679 1.246197
v 0.905159 0.132470 1.266989
v 0.916674 0.159702 1.294220
v 0.883060 0.184727 1.319245
v 0.814988 0.199600 1.334119
v 0.734071 0.199600 1.334119
v 0.666000 0.184727 1.319245
v 0.632385 0.159701 1.294220
v 0.643901 0.132470 1.266989
v 0.696890 0.111679 1.246197
v 0.774530 0.175431 1.183581
v 0.852169 0.180911 1.193074
v 0.905159 0.195613 1.218538
v 0.916674 0.214868 1.251889
v 0.883060 0.232564 1.282539
v 0.814988 0.243081 1.300755
v 0.734071 0.243081 1.300755
v 0.666000 0.232564 1.282539
v 0.632385 0.214868 1.251889
v 0.643901 0.195613 1.218538
v 0.696890 0.180911 1.193074
v 0.774530 0.258697 1.149091
v 0.852169 0.261534 1.159678
v 0.905159 0.269144 1.188080
v 0.916674 0.279112 1.225279
v 0.883060 0.288271 1.259464
v 0.814988 0.293716 1.279781
v 0.734071 0.293716 1.279781
v 0.666000 0.288271 1.259464
v 0.632385 0.279112 1.225279
v 0.643901 0.269144 1.188080
v 0.696890 0.261534 1.159678
v 0.774530 0.348053 1.137327
v 0.852169 0.348053 1.148288
v 0.905159 0.348053 1.177692
v 0.916674 0.348053 1.216202
v 0.883060 0.348053 1.251593
v 0.814988 0.348053 1.272628
v 0.734071 0.348053 1.272628
v 0.666000 0.348053 1.251593
v 0.632385 0.348053 1.216202
v 0.643901 0.348053 1.177692
v 0.696890 0.348053 1.148288
v 0.774530 0.437409 1.149091
v 0.852169 0.434572 1.159678
v 0.905159 0.426962 1.188080
v 0.916674 0.416995 1.225279
v 0.883060 0.407835 1.259464
v 0.814988 0.402391 1.279781
v 0.734071 0.402391 1.279781
v 0.666000 0.407835 1.259464
v 0.632385 0.416995 1.225279
v 0.643901 0.426962 1.188080
v 0.696890 0.434572 1.159678
v 0.774530 0.520676 1.183581
v 0.852169 0.515195 1.193074
v 0.905159 0.500493 1.218538
v 0.916674 0.481238 1.251889
v 0.883060 0.463542 1.282538
v 0.814988 0.453025 1.300755
v 0.734071 0.453025 1.300755
v 0.666000 0.463542 1.282538
v 0.632385 0.481238 1.251889
v 0.643901 0.500493 1.218538
v 0.696890 0.515195 1.193074
v 0.774530 0.592178 1.238447
v 0.852169 0.584428 1.246198
v 0.905159 0.563636 1.266989
v 0.916674 0.536405 1.294220
v 0.883060 0.511380 1.319245
v 0.814988 0.496506 1.334119
v 0.734071 0.496506 1.334119
v 0.666000 0.511380 1.319245
v 0.632385 0.536405 1.294220
v 0.643901 0.563636 1.266989
v 0.696890 0.584428 1.246198
v 0.774530 0.647044 1.309949
v 0.852169 0.637551 1.315430
v 0.905159 0.612087 1.330132
v 0.916674 0.578736 1.349387
v 0.883060 0.548086 1.367082
v 0.814988 0.529870 1.377600
v 0.734071 0.529870 1.377600
v 0.666000 0.548086 1.367082
v 0.632385 0.578736 1.349387
v 0.643901 0.612087 1.330132
v 0.696890 0.637551 1.315430
v 0.774530 0.681534 1.393216
v 0.852169 0.670946 1.396053
v 0.905159 0.642545 1.403663
v 0.916674 0.605346 1.413630
v 0.883060 0.571161 1.422790
v 0.814988 0.550843 1.428234
v 0.734071 0.550843 1.428234
v 0.666000 0.571161 1.422790
v 0.632385 0.605346 1.413630
v 0.643901 0.642545 1.403663
v 0.696890 0.670946 1.396053
v 0.774530 0.693298 1.482572
v 0.852169 0.682337 1.482572
v 0.905159 0.652933 1.482572
v 0.916674 0.614422 1.482572
v 0.883060 0.579032 1.482572
v 0.814988 0.557997 1.482572
v 0.734071 0.557997 1.482572
v 0.666000 0.579032 1.482572
v 0.632385 0.614422 1.482572
v 0.643901 0.652933 1.482572
v 0.696890 0.682337 1.482572
v 0.774530 0.681534 1.571928
v 0.852169 0.670946 1.569091
v 0.905159 0.642545 1.561481
v 0.916674 0.605346 1.551513
v 0.883060 0.571161 1.542354
v 0.814988 0.550843 1.536909
v 0.734071 0.550843 1.536909
v 0.666000 0.571161 1.542354
v 0.632385 0.605346 1.551513
v 0.643901 0.642545 1.561481
v 0.696890 0.670946 1.569091
v 0.774530 0.647044 1.655194
v 0.852169 0.637551 1.649714
v 0.905159 0.612087 1.635012
v 0.916674 0.578736 1.615757
v 0.883060 0.548086 1.598061
v 0.814988 0.529870 1.587544
v 0.734071 0.529870 1.587544
v 0.666000 0.548086 1.598061
v 0.632385 0.578736 1.615757
v 0.643901 0.612087 1.635012
v 0.696890 0.637551 1.649714
v 0.774530 0.592178 1.726697
v 0.852169 0.584428 1.718946
v 0.905159 0.563636 1.698155
v 0.916674 0.536405 1.670923
v 0.883060 0.511380 1.645898
v 0.814988 0.496506 1.631025
v 0.734071 0.496506 1.631025
v 0.666000 0.511380 1.645898
v 0.632385 0.536405 1.670923
v 0.643901 0.563636 1.698155
v 0.696890 0.584428 1.718946
v 0.774530 0.520676 1.781563
v 0.852169 0.515195 1.772070
v 0.905159 0.500493 1.746606
v 0.916674 0.481238 1.713255
v 0.883060 0.463542 1.682605
v 0.814988 0.453025 1.664389
v 0.734071 0.453025 1.664389
v 0.666000 0.463542 1.682605
v 0.632385 0.481238 1.713255
v 0.643901 0.500493 1.746606
v 0.696890 0.515195 1.772070
v 0.774530 0.437409 1.816053
v 0.852169 0.434572 1.805465
v 0.905159 0.426962 1.777063
v 0.916674 0.416995 1.739865
v 0.883060 0.407835 1.705680
v 0.814988 0.402391 1.685362
v 0.734071 0.402391 1.685362
v 0.666000 0.407835 1.705680
v 0.632385 0.416995 1.739865
v 0.643901 0.426962 1.777063
v 0.696890 0.434572 1.805465
v 0.774530 0.348053 1.827817
v 0.852169 0.348053 1.816856
v 0.905159 0.348053 1.787452
v 0.916674 0.348053 1.748941
v 0.883060 0.348053 1.713550
v 0.814988 0.348053 1.692516
v 0.734071 0.348053 1.692516
v 0.666000 0.348053 1.713550
v 0.632385 0.348053 1.748941
v 0.643901 0.348053 1.787452
v 0.696890 0.348053 1.816856
v 0.774530 0.258697 1.816053
v 0.852169 0.261534 1.805465
v 0.905159 0.269144 1.777063
v 0.916674 0.279112 1.739865
v 0.883060 0.288272 1.705680
v 0.814988 0.293716 1.685362
v 0.734071 0.293716 1.685362
v 0.666000 0.288272 1.705680
v 0.632385 0.279112 1.739865
v 0.643901 0.269144 1.777063
v 0.696890 0.261534 1.805465
v 0.774530 0.175431 1.781563
v 0.852169 0.180911 1.772070
v 0.905159 0.195613 1.746606
v 0.916674 0.214868 1.713254
v 0.883060 0.232564 1.682605
v 0.814988 0.243081 1.664389
v 0.734071 0.243081 1.664389
v 0.666000 0.232564 1.682605
v 0.632385 0.214868 1.713254
v 0.643901 0.195613 1.746606
v 0.696890 0.180911 1.772070
v 0.774530 0.103928 1.726697
v 0.852169 0.111679 1.718946
v 0.905159 0.132470 1.698155
v 0.916674 0.159702 1.670924
v 0.883060 0.184727 1.645898
v 0.814988 0.199600 1.631025
v 0.734071 0.199600 1.631025
v 0.666000 0.184727 1.645898
v 0.632385 0.159702 1.670924
v 0.643901 0.132470 1.698155
v 0.696890 0.111679 1.718946
v 0.774530 0.049062 1.655194
v 0.852169 0.058555 1.649714
v 0.905159 0.084019 1.635012
v 0.916674 0.117370 1.615757
v 0.883060 0.148020 1.598061
v 0.814988 0.166236 1.587544
v 0.734071 0.166236 1.587544
v 0.666000 0.148020 1.598061
v 0.632385 0.117370 1.615757
v 0.643901 0.084019 1.635012
v 0.696890 0.058555 1.649714
v 0.774530 0.014572 1.571928
v 0.852169 0.025160 1.569091
v 0.905159 0.053562 1.561481
v 0.916674 0.090760 1.551513
v 0.883060 0.124945 1.542353
v 0.814988 0.145263 1.536909
v 0.734071 0.145263 1.536909
v 0.666000 0.124945 1.542353
v 0.632385 0.090760 1.551513
v 0.643901 0.053562 1.561481
v 0.696890 0.025160 1.569091
v 0.814988 0.145871 1.482572
v 0.814988 0.152760 1.430243
v 0.734071 0.145871 1.482572
v 0.734071 0.152760 1.430243
v 0.814988 0.172958 1.381481
v 0.734071 0.172958 1.381481
v 0.814988 0.205088 1.339607
v 0.734071 0.205088 1.339607
v 0.814988 0.246962 1.307477
v 0.734071 0.246962 1.307477
v 0.814988 0.295724 1.287279
v 0.734071 0.295724 1.287279
v 0.814988 0.348053 1.280389
v 0.734071 0.348053 1.280389
v 0.814988 0.400382 1.287279
v 0.734071 0.400382 1.287279
v 0.814988 0.449144 1.307477
v 0.734071 0.449144 1.307477
v 0.814988 0.491018 1.339607
v 0.734071 0.491018 1.339607
v 0.814988 0.523148 1.381481
v 0.734071 0.523148 1.381481
v 0.814988 0.543346 1.430243
v 0.734071 0.543346 1.430243
v 0.814988 0.550236 1.482572
v 0.734071 0.550236 1.482572
v 0.814988 0.543346 1.534901
v 0.734071 0.543346 1.534901
v 0.814988 0.523148 1.583663
v 0.734071 0.523148 1.583663
v 0.814988 0.491018 1.625536
v 0.734071 0.491018 1.625536
v 0.814988 0.449144 1.657667
v 0.734071 0.449144 1.657667
v 0.814988 0.400382 1.677865
v 0.734071 0.400382 1.677865
v 0.814988 0.348053 1.684754
v 0.734071 0.348053 1.684754
v 0.814988 0.295725 1.677865
v 0.734071 0.295725 1.677865
v 0.814988 0.246962 1.657667
v 0.734071 0.246962 1.657667
v 0.814988 0.205089 1.625537
v 0.734071 0.205089 1.625537
v 0.814988 0.172958 1.583663
v 0.734071 0.172958 1.583663
v 0.814988 0.152760 1.534900
v 0.734071 0.152760 1.534900
v 0.809967 0.151827 1.482572
v 0.809967 0.158513 1.431785
v 0.739093 0.151827 1.482572
v 0.739093 0.158513 1.431785
v 0.809967 0.178116 1.384459
v 0.739093 0.178116 1.384459
v 0.809967 0.209300 1.343819
v 0.739093 0.209300 1.343819
v 0.809967 0.249940 1.312635
v 0.739093 0.249940 1.312635
v 0.809967 0.297266 1.293032
v 0.739093 0.297266 1.293032
v 0.809967 0.348053 1.286346
v 0.739093 0.348053 1.286346
v 0.809967 0.398840 1.293032
v 0.739093 0.398840 1.293032
v 0.809967 0.446166 1.312635
v 0.739093 0.446166 1.312635
v 0.809967 0.486806 1.343819
v 0.739093 0.486806 1.343819
v 0.809967 0.517990 1.384459
v 0.739093 0.517990 1.384459
v 0.809967 0.537593 1.431785
v 0.739093 0.537593 1.431785
v 0.809967 0.544279 1.482572
v 0.739093 0.544279 1.482572
v 0.809967 0.537593 1.533359
v 0.739093 0.537593 1.533359
v 0.809967 0.517990 1.580685
v 0.739093 0.517990 1.580685
v 0.809967 0.486806 1.621325
v 0.739093 0.486806 1.621325
v 0.809967 0.446166 1.652508
v 0.739093 0.446166 1.652508
v 0.809967 0.398840 1.672112
v 0.739093 0.398840 1.672112
v 0.809967 0.348053 1.678798
v 0.739093 0.348053 1.678798
v 0.809967 0.297266 1.672112
v 0.739093 0.297266 1.672112
v 0.809967 0.249940 1.652508
v 0.739093 0.249940 1.652508
v 0.809967 0.209300 1.621325
v 0.739093 0.209300 1.621325
v 0.809967 0.178116 1.580685
v 0.739093 0.178116 1.580685
v 0.809967 0.158513 1.533359
v 0.739093 0.158513 1.533359
v 0.718146 0.225632 1.483515
v 0.698186 0.243981 1.544946
v 0.653554 0.243982 1.483515
v 0.698186 0.243981 1.422085
v 0.770402 0.243981 1.521481
v 0.770402 0.243981 1.445549
v 0.807050 0.293548 1.418924
v 0.750442 0.283901 1.384118
v 0.822658 0.283901 1.483515
v 0.807050 0.293548 1.548107
v 0.834995 0.348494 1.521481
v 0.834995 0.348494 1.445549
v 0.828037 0.403440 1.483515
v 0.802698 0.413087 1.422085
v 0.790362 0.348494 1.384118
v 0.752103 0.403441 1.379003
v 0.718146 0.348494 1.360653
v 0.684188 0.293548 1.379003
v 0.685849 0.413088 1.384118
v 0.645929 0.348494 1.384118
v 0.629242 0.403441 1.418924
v 0.601297 0.348494 1.445549
v 0.633594 0.283901 1.422085
v 0.608255 0.293549 1.483515
v 0.633594 0.283901 1.544946
v 0.601297 0.348494 1.521481
v 0.629242 0.403441 1.548107
v 0.613634 0.413087 1.483515
v 0.645929 0.348494 1.582913
v 0.684188 0.293548 1.588028
v 0.685849 0.413088 1.582912
v 0.718146 0.348494 1.606377
v 0.752103 0.403441 1.588028
v 0.790362 0.348494 1.582913
v 0.750442 0.283901 1.582912
v 0.802698 0.413087 1.544946
v 0.738105 0.453007 1.544946
v 0.782738 0.453007 1.483515
v 0.718146 0.471356 1.483515
v 0.738105 0.453007 1.422085
v 0.665890 0.453007 1.445549
v 0.665890 0.453007 1.521481
v 0.814988 0.138109 1.482572
v 0.734071 0.138109 1.482572
v 0.814988 0.145263 1.428234
v 0.734071 0.145263 1.428234
v 0.814988 0.166236 1.377600
v 0.734071 0.166236 1.377600
v 0.814988 0.199600 1.334119
v 0.734071 0.199600 1.334119
v 0.814988 0.243081 1.300755
v 0.734071 0.243081 1.300755
v 0.814988 0.293716 1.279781
v 0.734071 0.293716 1.279781
v 0.814988 0.348053 1.272628
v 0.734071 0.348053 1.272628
v 0.814988 0.402391 1.279781
v 0.734071 0.402391 1.279781
v 0.814988 0.453025 1.300755
v 0.734071 0.453025 1.300755
v 0.814988 0.496506 1.334119
v 0.734071 0.496506 1.334119
v 0.814988 0.529870 1.377600
v 0.734071 0.529870 1.377600
v 0.814988 0.550843 1.428234
v 0.734071 0.550843 1.428234
v 0.814988 0.557997 1.482572
v 0.734071 0.557997 1.482572
v 0.814988 0.550843 1.536909
v 0.734071 0.550843 1.536909
v 0.814988 0.529870 1.587544
v 0.734071 0.529870 1.587544
v 0.814988 0.496506 1.631024
v 0.734071 0.496506 1.631024
v 0.814988 0.453025 1.664389
v 0.734071 0.453025 1.664389
v 0.814988 0.402391 1.685362
v 0.734071 0.402391 1.685362
v 0.814988 0.348053 1.692516
v 0.734071 0.348053 1.692516
v 0.814988 0.293716 1.685362
v 0.734071 0.293716 1.685362
v 0.814988 0.243081 1.664389
v 0.734071 0.243081 1.664389
v 0.814988 0.199600 1.631025
v 0.734071 0.199600 1.631025
v 0.814988 0.166236 1.587544
v 0.734071 0.166236 1.587544
v 0.814988 0.145263 1.536909
v 0.734071 0.145263 1.536909
v 0.814988 0.145871 1.482572
v 0.814988 0.152760 1.430243
v 0.734071 0.145871 1.482572
v 0.734071 0.152760 1.430243
v 0.814988 0.172958 1.381480
v 0.734071 0.172958 1.381480
v 0.814988 0.205088 1.339607
v 0.734071 0.205088 1.339607
v 0.814988 0.246962 1.307477
v 0.734071 0.246962 1.307477
v 0.814988 0.295724 1.287278
v 0.734071 0.295724 1.287278
v 0.814988 0.348053 1.280389
v 0.734071 0.348053 1.280389
v 0.814988 0.400382 1.287278
v 0.734071 0.400382 1.287278
v 0.814988 0.449144 1.307477
v 0.734071 0.449144 1.307477
v 0.814988 0.491018 1.339607
v 0.734071 0.491018 1.339607
v 0.814988 0.523148 1.381480
v 0.734071 0.523148 1.381480
v 0.814988 0.543346 1.430243
v 0.734071 0.543346 1.430243
v 0.814988 0.550236 1.482572
v 0.734071 0.550236 1.482572
v 0.814988 0.543346 1.534900
v 0.734071 0.543346 1.534900
v 0.814988 0.523148 1.583663
v 0.734071 0.523148 1.583663
v 0.814988 0.491018 1.625536
v 0.734071 0.491018 1.625536
v 0.814988 0.449144 1.657667
v 0.734071 0.449144 1.657667
v 0.814988 0.400382 1.677865
v 0.734071 0.400382 1.677865
v 0.814988 0.348053 1.684754
v 0.734071 0.348053 1.684754
v 0.814988 0.295725 1.677865
v 0.734071 0.295725 1.677865
v 0.814988 0.246962 1.657667
v 0.734071 0.246962 1.657667
v 0.814988 0.205089 1.625536
v 0.734071 0.205089 1.625536
v 0.814988 0.172958 1.583663
v 0.734071 0.172958 1.583663
v 0.814988 0.152760 1.534900
v 0.734071 0.152760 1.534900
v 0.809967 0.151827 1.482572
v 0.809967 0.158513 1.431785
v 0.739093 0.151827 1.482572
v 0.739093 0.158513 1.431785
v 0.809967 0.178116 1.384459
v 0.739093 0.178116 1.384459
v 0.809967 0.209300 1.343819
v 0.739093 0.209300 1.343819
v 0.809967 0.249940 1.312635
v 0.739093 0.249940 1.312635
v 0.809967 0.297266 1.293032
v 0.739093 0.297266 1.293032
v 0.809967 0.348053 1.286346
v 0.739093 0.348053 1.286346
v 0.809967 0.398840 1.293032
v 0.739093 0.398840 1.293032
v 0.809967 0.446166 1.312635
v 0.739093 0.446166 1.312635
v 0.809967 0.486806 1.343819
v 0.739093 0.486806 1.343819
v 0.809967 0.517990 1.384459
v 0.739093 0.517990 1.384459
v 0.809967 0.537593 1.431785
v 0.739093 0.537593 1.431785
v 0.809967 0.544279 1.482572
v 0.739093 0.544279 1.482572
v 0.809967 0.537593 1.533359
v 0.739093 0.537593 1.533359
v 0.809967 0.517990 1.580685
v 0.739093 0.517990 1.580685
v 0.809967 0.486806 1.621324
v 0.739093 0.486806 1.621324
v 0.809967 0.446166 1.652508
v 0.739093 0.446166 1.652508
v 0.809967 0.398840 1.672111
v 0.739093 0.398840 1.672111
v 0.809967 0.348053 1.678798
v 0.739093 0.348053 1.678798
v 0.809967 0.297266 1.672112
v 0.739093 0.297266 1.672112
v 0.809967 0.249940 1.652508
v 0.739093 0.249940 1.652508
v 0.809967 0.209300 1.621325
v 0.739093 0.209300 1.621325
v 0.809967 0.178116 1.580685
v 0.739093 0.178116 1.580685
v 0.809967 0.158513 1.533359
v 0.739093 0.158513 1.533359
v 0.809967 0.280073 1.482573
v 0.809967 0.282390 1.464979
v 0.739093 0.280073 1.482573
v 0.739093 0.282390 1.464979
v 0.809967 0.289181 1.448583
v 0.739093 0.289181 1.448583
v 0.809967 0.299984 1.434504
v 0.739093 0.299984 1.434504
v 0.809967 0.314063 1.423701
v 0.739093 0.314063 1.423701
v 0.809967 0.330458 1.416910
v 0.739093 0.330458 1.416910
v 0.809967 0.348053 1.414594
v 0.739093 0.348053 1.414594
v 0.809967 0.365648 1.416910
v 0.739093 0.365648 1.416910
v 0.809967 0.382043 1.423701
v 0.739093 0.382042 1.423701
v 0.809967 0.396122 1.434505
v 0.739093 0.396122 1.434505
v 0.809967 0.406925 1.448583
v 0.739093 0.406925 1.448583
v 0.809967 0.413716 1.464979
v 0.739093 0.413716 1.464979
v 0.809967 0.416033 1.482573
v 0.739093 0.416033 1.482573
v 0.809967 0.413716 1.500168
v 0.739093 0.413716 1.500168
v 0.809967 0.406925 1.516563
v 0.739093 0.406925 1.516563
v 0.809967 0.396122 1.530642
v 0.739093 0.396122 1.530642
v 0.809967 0.382042 1.541445
v 0.739093 0.382042 1.541445
v 0.809967 0.365648 1.548236
v 0.739093 0.365648 1.548236
v 0.809967 0.348053 1.550553
v 0.739093 0.348053 1.550553
v 0.809967 0.330459 1.548236
v 0.739093 0.330459 1.548236
v 0.809967 0.314063 1.541445
v 0.739093 0.314063 1.541445
v 0.809967 0.299984 1.530642
v 0.739093 0.299984 1.530642
v 0.809967 0.289181 1.516563
v 0.739093 0.289181 1.516563
v 0.809967 0.282390 1.500167
v 0.739093 0.282390 1.500167
v 0.809967 0.305088 1.482573
v 0.809967 0.306552 1.471453
v 0.739093 0.305088 1.482573
v 0.739093 0.306552 1.471453
v 0.809967 0.310844 1.461091
v 0.739093 0.310844 1.461091
v 0.809967 0.317672 1.452192
v 0.739093 0.317672 1.452192
v 0.809967 0.326571 1.445364
v 0.739093 0.326571 1.445364
v 0.809967 0.336933 1.441072
v 0.739093 0.336933 1.441072
v 0.809967 0.348053 1.439608
v 0.739093 0.348053 1.439608
v 0.809967 0.359173 1.441072
v 0.739093 0.359173 1.441072
v 0.809967 0.369535 1.445364
v 0.739093 0.369535 1.445364
v 0.809967 0.378434 1.452193
v 0.739093 0.378434 1.452193
v 0.809967 0.385262 1.461091
v 0.739093 0.385262 1.461091
v 0.809967 0.389554 1.471453
v 0.739093 0.389554 1.471453
v 0.809967 0.391018 1.482573
v 0.739093 0.391018 1.482573
v 0.809967 0.389554 1.493693
v 0.739093 0.389554 1.493693
v 0.809967 0.385262 1.504055
v 0.739093 0.385262 1.504055
v 0.809967 0.378434 1.512954
v 0.739093 0.378434 1.512954
v 0.809967 0.369535 1.519782
v 0.739093 0.369535 1.519782
v 0.809967 0.359174 1.524074
v 0.739093 0.359174 1.524074
v 0.809967 0.348053 1.525538
v 0.739093 0.348053 1.525538
v 0.809967 0.336933 1.524074
v 0.739093 0.336933 1.524074
v 0.809967 0.326571 1.519782
v 0.739093 0.326571 1.519782
v 0.809967 0.317672 1.512954
v 0.739093 0.317672 1.512954
v 0.809967 0.310844 1.504056
v 0.739093 0.310844 1.504056
v 0.809967 0.306552 1.493693
v 0.739093 0.306552 1.493693
vn -0.0000 -0.9659 -0.2588
vn 0.2880 -0.9576 -0.0000
vn -0.0000 -1.0000 -0.0000
vn 0.2880 -0.9250 -0.2479
vn 0.7060 -0.7082 -0.0000
vn 0.7060 -0.6841 -0.1833
vn 0.9702 0.2422 -0.0000
vn 0.9702 0.2339 0.0627
vn 0.4989 0.8667 -0.0000
vn 0.4989 0.8371 0.2243
vn 0.2952 0.9554 -0.0000
vn -0.2952 0.9229 0.2473
vn -0.4989 0.8667 -0.0000
vn -0.2952 0.9554 -0.0000
vn -0.4989 0.8371 0.2243
vn -0.9702 0.2422 -0.0000
vn -0.7060 -0.6841 -0.1833
vn -0.7060 -0.7082 -0.0000
vn -0.2880 -0.9576 -0.0000
vn -0.2880 -0.9250 -0.2479
vn 0.2880 -0.8293 -0.4788
vn 0.7060 -0.6133 -0.3541
vn 0.4989 0.7505 0.4333
vn 0.2952 0.9229 0.2473
vn -0.2952 0.8274 0.4777
vn -0.4989 0.7505 0.4333
vn -0.9702 0.2339 0.0627
vn -0.9702 0.2098 0.1211
vn -0.7060 -0.6133 -0.3541
vn -0.0000 -0.8660 -0.5000
vn 0.2880 -0.6772 -0.6772
vn 0.9702 0.1713 0.1713
vn 0.9702 0.2098 0.1211
vn 0.4989 0.6128 0.6128
vn 0.2952 0.8274 0.4777
vn -0.2952 0.6756 0.6756
vn -0.4989 0.6128 0.6128
vn -0.9702 0.1713 0.1713
vn -0.2880 -0.6772 -0.6772
vn -0.2880 -0.8293 -0.4788
vn -0.0000 -0.7071 -0.7071
vn 0.2880 -0.4788 -0.8293
vn 0.7060 -0.5008 -0.5008
vn 0.9702 0.1211 0.2098
vn 0.4989 0.4333 0.7505
vn 0.2952 0.6756 0.6756
vn -0.2952 0.4777 0.8274
vn -0.4989 0.4333 0.7505
vn -0.9702 0.1211 0.2098
vn -0.7060 -0.5008 -0.5008
vn -0.7060 -0.3541 -0.6133
vn -0.2880 -0.4788 -0.8293
vn -0.0000 -0.2588 -0.9659
vn -0.0000 -0.5000 -0.8660
vn 0.2880 -0.2479 -0.9250
vn 0.7060 -0.3541 -0.6133
vn 0.7060 -0.1833 -0.6841
vn 0.9702 0.0627 0.2339
vn 0.4989 0.2243 0.8371
vn 0.2952 0.4777 0.8274
vn -0.4989 0.2243 0.8371
vn -0.9702 0.0627 0.2339
vn -0.2880 -0.2479 -0.9250
vn 0.2880 -0.0000 -0.9576
vn 0.7060 -0.0000 -0.7082
vn 0.4989 -0.0000 0.8667
vn 0.2952 -0.0000 0.9554
vn 0.2952 0.2473 0.9229
vn -0.2952 -0.0000 0.9554
vn -0.2952 0.2473 0.9229
vn -0.4989 -0.0000 0.8667
vn -0.9702 -0.0000 0.2422
vn -0.7060 -0.1833 -0.6841
vn -0.7060 -0.0000 -0.7082
vn -0.2880 -0.0000 -0.9576
vn -0.0000 0.2588 -0.9659
vn -0.0000 -0.0000 -1.0000
vn 0.2880 0.2479 -0.9250
vn 0.7060 0.1833 -0.6841
vn 0.9702 -0.0000 0.2422
vn 0.9702 -0.0627 0.2339
vn 0.4989 -0.2243 0.8371
vn -0.4989 -0.2243 0.8371
vn -0.9702 -0.0627 0.2339
vn -0.7060 0.1833 -0.6841
vn -0.2880 0.2479 -0.9250
vn -0.0000 0.5000 -0.8660
vn 0.2880 0.4788 -0.8293
vn 0.7060 0.3541 -0.6133
vn 0.9702 -0.1211 0.2098
vn 0.4989 -0.4333 0.7505
vn 0.2952 -0.2473 0.9229
vn -0.2952 -0.4777 0.8274
vn -0.2952 -0.2473 0.9229
vn -0.9702 -0.1211 0.2098
vn -0.7060 0.3541 -0.6133
vn 0.2880 0.6772 -0.6772
vn 0.7060 0.5008 -0.5008
vn 0.9702 -0.1713 0.1713
vn 0.2952 -0.6756 0.6756
vn 0.2952 -0.4777 0.8274
vn -0.2952 -0.6756 0.6756
vn -0.4989 -0.4333 0.7505
vn -0.4989 -0.6128 0.6128
vn -0.7060 0.5008 -0.5008
vn -0.2880 0.6772 -0.6772
vn -0.2880 0.4788 -0.8293
vn -0.0000 0.7071 -0.7071
vn 0.2880 0.8293 -0.4788
vn 0.9702 -0.2098 0.1211
vn 0.4989 -0.6128 0.6128
vn 0.4989 -0.7505 0.4333
vn -0.4989 -0.7505 0.4333
vn -0.9702 -0.1713 0.1713
vn -0.9702 -0.2098 0.1211
vn -0.2880 0.8293 -0.4788
vn -0.0000 0.8660 -0.5000
vn 0.2880 0.9250 -0.2479
vn 0.7060 0.6133 -0.3541
vn 0.9702 -0.2339 0.0627
vn 0.4989 -0.8371 0.2243
vn 0.2952 -0.8274 0.4777
vn -0.2952 -0.9229 0.2473
vn -0.2952 -0.8274 0.4777
vn -0.9702 -0.2339 0.0627
vn -0.7060 0.6133 -0.3541
vn -0.2880 0.9250 -0.2479
vn -0.0000 1.0000 -0.0000
vn -0.0000 0.9659 -0.2588
vn 0.2880 0.9576 -0.0000
vn 0.7060 0.6841 -0.1833
vn 0.7060 0.7082 -0.0000
vn 0.9702 -0.2422 -0.0000
vn 0.4989 -0.8667 -0.0000
vn 0.2952 -0.9229 0.2473
vn -0.4989 -0.8667 -0.0000
vn -0.4989 -0.8371 0.2243
vn -0.9702 -0.2422 -0.0000
vn -0.7060 0.6841 -0.1833
vn -0.2880 0.9576 -0.0000
vn -0.0000 0.9659 0.2588
vn 0.7060 0.6841 0.1833
vn 0.9702 -0.2339 -0.0627
vn 0.4989 -0.8371 -0.2243
vn 0.2952 -0.9554 -0.0000
vn -0.2952 -0.9554 -0.0000
vn -0.4989 -0.8371 -0.2243
vn -0.9702 -0.2339 -0.0627
vn -0.7060 0.7082 -0.0000
vn -0.2880 0.9250 0.2479
vn -0.0000 0.8660 0.5000
vn 0.2880 0.9250 0.2479
vn 0.2880 0.8293 0.4788
vn 0.7060 0.6133 0.3541
vn 0.9702 -0.2098 -0.1211
vn 0.2952 -0.8274 -0.4777
vn 0.2952 -0.9229 -0.2473
vn -0.2952 -0.8274 -0.4777
vn -0.2952 -0.9229 -0.2473
vn -0.4989 -0.7505 -0.4333
vn -0.7060 0.6133 0.3541
vn -0.7060 0.6841 0.1833
vn -0.2880 0.8293 0.4788
vn -0.0000 0.7071 0.7071
vn 0.2880 0.6772 0.6772
vn 0.9702 -0.1713 -0.1713
vn 0.4989 -0.6128 -0.6128
vn 0.4989 -0.7505 -0.4333
vn -0.4989 -0.6128 -0.6128
vn -0.9702 -0.2098 -0.1211
vn -0.9702 -0.1713 -0.1713
vn -0.7060 0.5008 0.5008
vn -0.0000 0.5000 0.8660
vn 0.7060 0.3541 0.6133
vn 0.7060 0.5008 0.5008
vn 0.9702 -0.1211 -0.2098
vn 0.4989 -0.4333 -0.7505
vn 0.2952 -0.6756 -0.6756
vn -0.2952 -0.4777 -0.8274
vn -0.2952 -0.6756 -0.6756
vn -0.4989 -0.4333 -0.7505
vn -0.9702 -0.1211 -0.2098
vn -0.7060 0.3541 0.6133
vn -0.2880 0.6772 0.6772
vn 0.2880 0.2479 0.9250
vn 0.2880 0.4788 0.8293
vn 0.9702 -0.0627 -0.2339
vn 0.4989 -0.2243 -0.8371
vn 0.2952 -0.4777 -0.8274
vn -0.2952 -0.2473 -0.9229
vn -0.4989 -0.2243 -0.8371
vn -0.9702 -0.0627 -0.2339
vn -0.2880 0.2479 0.9250
vn -0.2880 0.4788 0.8293
vn -0.0000 -0.0000 1.0000
vn -0.0000 0.2588 0.9659
vn 0.2880 -0.0000 0.9576
vn 0.7060 0.1833 0.6841
vn 0.7060 -0.0000 0.7082
vn 0.4989 -0.0000 -0.8667
vn 0.2952 -0.2473 -0.9229
vn -0.4989 -0.0000 -0.8667
vn -0.9702 -0.0000 -0.2422
vn -0.7060 0.1833 0.6841
vn -0.7060 -0.0000 0.7082
vn -0.0000 -0.2588 0.9659
vn 0.2880 -0.2479 0.9250
vn 0.7060 -0.1833 0.6841
vn 0.9702 -0.0000 -0.2422
vn 0.9702 0.0627 -0.2339
vn 0.4989 0.2243 -0.8371
vn 0.2952 -0.0000 -0.9554
vn -0.2952 0.2473 -0.9229
vn -0.2952 -0.0000 -0.9554
vn -0.4989 0.2243 -0.8371
vn -0.7060 -0.1833 0.6841
vn -0.2880 -0.0000 0.9576
vn -0.0000 -0.5000 0.8660
vn 0.2880 -0.4788 0.8293
vn 0.9702 0.1211 -0.2098
vn 0.4989 0.4333 -0.7505
vn 0.2952 0.2473 -0.9229
vn -0.4989 0.4333 -0.7505
vn -0.9702 0.1211 -0.2098
vn -0.9702 0.0627 -0.2339
vn -0.7060 -0.3541 0.6133
vn -0.2880 -0.2479 0.9250
vn -0.2880 -0.4788 0.8293
vn -0.0000 -0.7071 0.7071
vn 0.7060 -0.5008 0.5008
vn 0.7060 -0.3541 0.6133
vn 0.9702 0.1713 -0.1713
vn 0.4989 0.6128 -0.6128
vn 0.2952 0.4777 -0.8274
vn -0.2952 0.6756 -0.6756
vn -0.2952 0.4777 -0.8274
vn -0.4989 0.6128 -0.6128
vn -0.7060 -0.5008 0.5008
vn -0.0000 -0.8660 0.5000
vn 0.2880 -0.6772 0.6772
vn 0.2880 -0.8293 0.4788
vn 0.7060 -0.6133 0.3541
vn 0.9702 0.2098 -0.1211
vn 0.4989 0.7505 -0.4333
vn 0.2952 0.6756 -0.6756
vn -0.2952 0.8274 -0.4777
vn -0.4989 0.7505 -0.4333
vn -0.9702 0.1713 -0.1713
vn -0.7060 -0.6133 0.3541
vn -0.2880 -0.6772 0.6772
vn -0.2880 -0.8293 0.4788
vn 0.2880 -0.9250 0.2479
vn 0.7060 -0.6841 0.1833
vn 0.9702 0.2339 -0.0627
vn 0.4989 0.8371 -0.2243
vn 0.2952 0.8274 -0.4777
vn -0.4989 0.8371 -0.2243
vn -0.9702 0.2339 -0.0627
vn -0.9702 0.2098 -0.1211
vn -0.2880 -0.9250 0.2479
vn -0.0000 -0.9659 0.2588
vn 0.2952 0.9229 -0.2473
vn -0.2952 0.9229 -0.2473
vn -0.7060 -0.6841 0.1833
vn 0.7646 -0.0000 0.6446
vn 0.7646 0.1668 0.6226
vn 0.7646 0.4558 -0.4558
vn 0.7646 0.3223 -0.5582
vn -0.7646 -0.6446 -0.0000
vn -0.7646 -0.6226 -0.1668
vn -0.7646 -0.5582 0.3223
vn -0.7646 -0.6226 0.1668
vn -0.7646 0.6226 0.1668
vn -0.7646 0.5582 0.3223
vn -0.7646 -0.3223 -0.5582
vn -0.7646 -0.1668 -0.6226
vn 0.7646 -0.5582 0.3223
vn 0.7646 -0.4558 0.4558
vn 0.7646 0.6226 0.1668
vn 0.7646 0.6446 -0.0000
vn 0.7646 -0.3223 -0.5582
vn 0.7646 -0.4558 -0.4558
vn -0.7646 0.1668 0.6226
vn -0.7646 -0.0000 0.6446
vn -0.7646 0.3223 -0.5582
vn -0.7646 0.4558 -0.4558
vn 0.7646 0.3223 0.5582
vn 0.7646 0.1668 -0.6226
vn -0.7646 -0.4558 0.4558
vn -0.7646 0.6446 -0.0000
vn -0.7646 -0.4558 -0.4558
vn 0.7646 -0.3223 0.5582
vn 0.7646 0.6226 -0.1668
vn 0.7646 -0.5582 -0.3223
vn -0.7646 0.3223 0.5582
vn -0.7646 0.1668 -0.6226
vn 0.7646 0.4558 0.4558
vn 0.7646 -0.0000 -0.6446
vn -0.7646 -0.3223 0.5582
vn -0.7646 0.5582 -0.3223
vn -0.7646 -0.1668 0.6226
vn 0.7646 -0.1668 -0.6226
vn 0.7646 0.5582 0.3223
vn 0.7646 -0.6226 0.1668
vn -0.7646 -0.0000 -0.6446
vn -0.7646 0.4558 0.4558
vn 0.7646 -0.6226 -0.1668
vn 0.7646 -0.6446 -0.0000
vn 0.7646 0.5582 -0.3223
vn 0.7646 -0.1668 0.6226
vn -0.7646 -0.5582 -0.3223
vn -0.7646 0.6226 -0.1668
vn 0.0038 -1.0000 -0.0000
vn -0.1195 -0.8538 0.5068
vn -0.4663 -0.8846 -0.0000
vn 0.3542 -0.8764 0.3263
vn -0.1195 -0.8538 -0.5068
vn 0.3542 -0.8764 -0.3263
vn 0.8197 -0.5728 -0.0000
vn 0.6803 -0.4764 -0.5569
vn 0.2113 -0.5369 -0.8168
vn 0.6803 -0.4764 0.5569
vn 0.9414 0.0034 0.3371
vn 0.9414 0.0034 -0.3371
vn 0.8770 0.4806 -0.0000
vn 0.6370 0.5643 -0.5252
vn 0.5205 -0.0090 -0.8538
vn 0.2233 0.4482 -0.8656
vn -0.2113 0.5369 -0.8168
vn -0.2233 -0.4482 -0.8656
vn -0.5205 0.0090 -0.8538
vn -0.6370 -0.5643 -0.5252
vn -0.9414 -0.0034 -0.3371
vn -0.6803 0.4764 -0.5569
vn -0.8770 -0.4806 -0.0000
vn -0.6370 -0.5643 0.5252
vn -0.9414 -0.0034 0.3371
vn -0.5205 0.0090 0.8538
vn -0.6803 0.4764 0.5569
vn -0.8197 0.5728 -0.0000
vn -0.2113 0.5369 0.8168
vn -0.2233 -0.4482 0.8656
vn 0.2113 -0.5369 0.8168
vn 0.5205 -0.0090 0.8538
vn 0.2233 0.4482 0.8656
vn 0.6370 0.5643 0.5252
vn 0.1195 0.8538 0.5068
vn 0.4663 0.8846 -0.0000
vn -0.0038 1.0000 -0.0000
vn 0.1195 0.8538 -0.5068
vn -0.3542 0.8764 -0.3263
vn -0.3542 0.8764 0.3263
vn 1.0000 -0.0000 -0.0000
vn -1.0000 -0.0000 -0.0000
vt 0.541667 0.545455
vt 0.500000 0.636364
vt 0.500000 0.545455
vt 0.541667 0.636364
vt 0.500000 0.727273
vt 0.541667 0.727273
vt 0.500000 0.818182
vt 0.541667 0.818182
vt 0.500000 0.909091
vt 0.541667 0.909091
vt 0.500000 1.000000
vt 0.541667 0.090909
vt 0.500000 0.181818
vt 0.500000 0.090909
vt 0.541667 0.181818
vt 0.500000 0.272727
vt 0.541667 0.363636
vt 0.500000 0.363636
vt 0.500000 0.454545
vt 0.541667 0.454545
vt 0.583333 0.636364
vt 0.583333 0.727273
vt 0.583333 0.909091
vt 0.541667 1.000000
vt 0.583333 0.090909
vt 0.583333 0.181818
vt 0.541667 0.272727
vt 0.583333 0.272727
vt 0.583333 0.363636
vt 0.583333 0.545455
vt 0.625000 0.636364
vt 0.625000 0.818182
vt 0.583333 0.818182
vt 0.625000 0.909091
vt 0.583333 1.000000
vt 0.625000 0.090909
vt 0.625000 0.181818
vt 0.625000 0.272727
vt 0.625000 0.454545
vt 0.583333 0.454545
vt 0.625000 0.545455
vt 0.666667 0.636364
vt 0.625000 0.727273
vt 0.666667 0.818182
vt 0.666667 0.909091
vt 0.625000 1.000000
vt 0.666667 0.090909
vt 0.666667 0.181818
vt 0.666667 0.272727
vt 0.625000 0.363636
vt 0.666667 0.363636
vt 0.666667 0.454545
vt 0.708333 0.545455
vt 0.666667 0.545455
vt 0.708333 0.636364
vt 0.666667 0.727273
vt 0.708333 0.727273
vt 0.708333 0.818182
vt 0.708333 0.909091
vt 0.666667 1.000000
vt 0.708333 0.181818
vt 0.708333 0.272727
vt 0.708333 0.454545
vt 0.750000 0.636364
vt 0.750000 0.727273
vt 0.750000 0.909091
vt 0.750000 1.000000
vt 0.708333 1.000000
vt 0.750000 0.090909
vt 0.708333 0.090909
vt 0.750000 0.181818
vt 0.750000 0.272727
vt 0.708333 0.363636
vt 0.750000 0.363636
vt 0.750000 0.454545
vt 0.791667 0.545455
vt 0.750000 0.545455
vt 0.791667 0.636364
vt 0.791667 0.727273
vt 0.750000 0.818182
vt 0.791667 0.818182
vt 0.791667 0.909091
vt 0.791667 0.181818
vt 0.791667 0.272727
vt 0.791667 0.363636
vt 0.791667 0.454545
vt 0.833333 0.545455
vt 0.833333 0.636364
vt 0.833333 0.727273
vt 0.833333 0.818182
vt 0.833333 0.909091
vt 0.791667 1.000000
vt 0.833333 0.090909
vt 0.791667 0.090909
vt 0.833333 0.272727
vt 0.833333 0.363636
vt 0.875000 0.636364
vt 0.875000 0.727273
vt 0.875000 0.818182
vt 0.875000 1.000000
vt 0.833333 1.000000
vt 0.875000 0.090909
vt 0.833333 0.181818
vt 0.875000 0.181818
vt 0.875000 0.363636
vt 0.875000 0.454545
vt 0.833333 0.454545
vt 0.875000 0.545455
vt 0.916667 0.636364
vt 0.916667 0.818182
vt 0.875000 0.909091
vt 0.916667 0.909091
vt 0.916667 0.181818
vt 0.875000 0.272727
vt 0.916667 0.272727
vt 0.916667 0.454545
vt 0.916667 0.545455
vt 0.958333 0.636364
vt 0.916667 0.727273
vt 0.958333 0.818182
vt 0.958333 0.909091
vt 0.916667 1.000000
vt 0.958333 0.090909
vt 0.916667 0.090909
vt 0.958333 0.272727
vt 0.916667 0.363636
vt 0.958333 0.454545
vt 1.000000 0.545455
vt 0.958333 0.545455
vt 1.000000 0.636364
vt 0.958333 0.727273
vt 1.000000 0.727273
vt 1.000000 0.818182
vt 1.000000 0.909091
vt 0.958333 1.000000
vt 1.000000 0.181818
vt 0.958333 0.181818
vt 1.000000 0.272727
vt 0.958333 0.363636
vt 1.000000 0.454545
vt 0.041667 0.545455
vt -0.000000 0.636364
vt -0.000000 0.545455
vt 0.041667 0.727273
vt -0.000000 0.727273
vt 0.041667 0.818182
vt -0.000000 0.818182
vt 0.041667 0.909091
vt -0.000000 0.909091
vt -0.000000 1.000000
vt -0.000000 0.090909
vt 0.041667 0.181818
vt -0.000000 0.181818
vt -0.000000 0.272727
vt 0.041667 0.272727
vt -0.000000 0.363636
vt 0.041667 0.454545
vt -0.000000 0.454545
vt 0.083333 0.545455
vt 0.041667 0.636364
vt 0.083333 0.636364
vt 0.083333 0.727273
vt 0.083333 0.818182
vt 0.083333 1.000000
vt 0.041667 1.000000
vt 0.083333 0.090909
vt 0.041667 0.090909
vt 0.083333 0.181818
vt 0.083333 0.363636
vt 0.041667 0.363636
vt 0.083333 0.454545
vt 0.125000 0.545455
vt 0.125000 0.636364
vt 0.125000 0.818182
vt 0.125000 0.909091
vt 0.083333 0.909091
vt 0.125000 0.181818
vt 0.083333 0.272727
vt 0.125000 0.272727
vt 0.125000 0.363636
vt 0.166667 0.545455
vt 0.166667 0.727273
vt 0.125000 0.727273
vt 0.166667 0.818182
vt 0.166667 0.909091
vt 0.125000 1.000000
vt 0.166667 0.090909
vt 0.125000 0.090909
vt 0.166667 0.181818
vt 0.166667 0.272727
vt 0.166667 0.363636
vt 0.125000 0.454545
vt 0.208333 0.636364
vt 0.166667 0.636364
vt 0.208333 0.818182
vt 0.208333 0.909091
vt 0.166667 1.000000
vt 0.208333 0.090909
vt 0.208333 0.181818
vt 0.208333 0.272727
vt 0.208333 0.454545
vt 0.166667 0.454545
vt 0.250000 0.545455
vt 0.208333 0.545455
vt 0.250000 0.636364
vt 0.208333 0.727273
vt 0.250000 0.727273
vt 0.250000 0.909091
vt 0.208333 1.000000
vt 0.250000 0.181818
vt 0.250000 0.272727
vt 0.208333 0.363636
vt 0.250000 0.363636
vt 0.291667 0.545455
vt 0.291667 0.636364
vt 0.291667 0.727273
vt 0.250000 0.818182
vt 0.291667 0.818182
vt 0.291667 0.909091
vt 0.250000 1.000000
vt 0.291667 0.090909
vt 0.250000 0.090909
vt 0.291667 0.181818
vt 0.291667 0.363636
vt 0.250000 0.454545
vt 0.333333 0.545455
vt 0.333333 0.636364
vt 0.333333 0.818182
vt 0.333333 0.909091
vt 0.291667 1.000000
vt 0.333333 0.181818
vt 0.333333 0.272727
vt 0.291667 0.272727
vt 0.333333 0.363636
vt 0.291667 0.454545
vt 0.333333 0.454545
vt 0.375000 0.545455
vt 0.375000 0.727273
vt 0.333333 0.727273
vt 0.375000 0.818182
vt 0.375000 0.909091
vt 0.333333 1.000000
vt 0.375000 0.090909
vt 0.333333 0.090909
vt 0.375000 0.181818
vt 0.375000 0.363636
vt 0.416667 0.545455
vt 0.375000 0.636364
vt 0.416667 0.636364
vt 0.416667 0.727273
vt 0.416667 0.818182
vt 0.416667 0.909091
vt 0.375000 1.000000
vt 0.416667 0.090909
vt 0.416667 0.181818
vt 0.375000 0.272727
vt 0.416667 0.363636
vt 0.375000 0.454545
vt 0.416667 0.454545
vt 0.458333 0.636364
vt 0.458333 0.727273
vt 0.458333 0.818182
vt 0.458333 0.909091
vt 0.416667 1.000000
vt 0.458333 0.181818
vt 0.458333 0.272727
vt 0.416667 0.272727
vt 0.458333 0.454545
vt 0.458333 0.545455
vt 0.458333 1.000000
vt 0.458333 0.090909
vt 0.458333 0.363636
vt 1.000000 0.090909
vt 1.000000 1.000000
vt 0.909091 0.000000
vt 0.954545 0.078731
vt 0.863636 0.078731
vt 0.181819 0.000000
vt 0.227273 0.078731
vt 0.136365 0.078731
vt 0.727273 0.000000
vt 0.772727 0.078731
vt 0.681818 0.078731
vt 0.545455 0.000000
vt 0.590909 0.078731
vt 0.500000 0.078731
vt 0.318182 0.078731
vt 0.363637 0.000000
vt 0.409092 0.078731
vt 0.363637 0.157461
vt 0.454546 0.157461
vt 0.545455 0.157461
vt 0.272728 0.157461
vt 0.318182 0.236191
vt 0.409092 0.236191
vt 0.363637 0.314921
vt 0.454546 0.314921
vt 0.500000 0.236191
vt 0.590909 0.236191
vt 0.545455 0.314921
vt 0.636364 0.314921
vt 0.636364 0.157461
vt 0.681818 0.236191
vt 0.727273 0.157461
vt 0.772727 0.236191
vt 0.727273 0.314921
vt 0.818182 0.157461
vt 0.909091 0.157461
vt 0.863636 0.236191
vt 0.954545 0.236191
vt 0.909091 0.314921
vt 0.818182 0.314921
vt 0.045455 0.236191
vt 0.090910 0.314921
vt 0.000000 0.314921
vt 1.000000 0.157461
vt 0.090910 0.157461
vt 0.136365 0.236191
vt 0.181819 0.157461
vt 0.227273 0.236191
vt 0.181819 0.314921
vt 0.272728 0.314921
vt 0.227273 0.393651
vt 0.318182 0.393651
vt 0.272728 0.472382
vt 0.409092 0.393651
vt 0.500000 0.393651
vt 0.454546 0.472382
vt 0.590909 0.393651
vt 0.681818 0.393651
vt 0.636364 0.472382
vt 0.772727 0.393651
vt 0.863636 0.393651
vt 0.818182 0.472382
vt 0.045455 0.393651
vt 0.136365 0.393651
vt 0.090910 0.472382
vt 1.000000 0.363636
s 1
usemtl TiresMat
f 12/1/1 2/2/2 1/3/3
f 13/4/4 3/5/5 2/2/2
f 14/6/6 4/7/7 3/5/5
f 15/8/8 5/9/9 4/7/7
f 16/10/10 6/11/11 5/9/9
f 18/12/12 8/13/13 7/14/14
f 19/15/15 9/16/16 8/13/13
f 9/16/16 21/17/17 10/18/18
f 21/17/17 11/19/19 10/18/18
f 22/20/20 1/3/3 11/19/19
f 12/1/1 24/21/21 13/4/4
f 13/4/4 25/22/22 14/6/6
f 25/22/22 15/8/8 14/6/6
f 15/8/8 27/23/23 16/10/10
f 27/23/23 17/24/24 16/10/10
f 29/25/25 19/15/15 18/12/12
f 30/26/26 20/27/27 19/15/15
f 31/28/28 21/17/17 20/27/27
f 32/29/29 22/20/20 21/17/17
f 22/20/20 23/30/30 12/1/1
f 23/30/30 35/31/31 24/21/21
f 35/31/31 25/22/22 24/21/21
f 25/22/22 37/32/32 26/33/33
f 26/33/33 38/34/34 27/23/23
f 38/34/34 28/35/35 27/23/23
f 40/36/36 30/26/26 29/25/25
f 41/37/37 31/28/28 30/26/26
f 42/38/38 32/29/29 31/28/28
f 32/29/29 44/39/39 33/40/40
f 44/39/39 23/30/30 33/40/40
f 34/41/41 46/42/42 35/31/31
f 46/42/42 36/43/43 35/31/31
f 36/43/43 48/44/44 37/32/32
f 37/32/32 49/45/45 38/34/34
f 49/45/45 39/46/46 38/34/34
f 51/47/47 41/37/37 40/36/36
f 52/48/48 42/38/38 41/37/37
f 53/49/49 43/50/50 42/38/38
f 54/51/51 44/39/39 43/50/50
f 55/52/52 34/41/41 44/39/39
f 56/53/53 46/42/42 45/54/54
f 57/55/55 47/56/56 46/42/42
f 58/57/57 48/44/44 47/56/56
f 59/58/58 49/45/45 48/44/44
f 60/59/59 50/60/60 49/45/45
f 51/47/47 63/61/61 52/48/48
f 63/61/61 53/49/49 52/48/48
f 64/62/62 54/51/51 53/49/49
f 54/51/51 66/63/63 55/52/52
f 66/63/63 45/54/54 55/52/52
f 56/53/53 68/64/64 57/55/55
f 68/64/64 58/57/57 57/55/55
f 69/65/65 59/58/58 58/57/57
f 59/58/58 71/66/66 60/59/59
f 60/59/59 72/67/67 61/68/68
f 73/69/69 63/61/61 62/70/70
f 74/71/71 64/62/62 63/61/61
f 75/72/72 65/73/73 64/62/62
f 76/74/74 66/63/63 65/73/73
f 77/75/75 56/53/53 66/63/63
f 210/214/206 200/205/197 199/203/195
f 211/215/207 201/207/199 200/205/197
f 212/216/208 202/217/209 201/207/199
f 213/218/210 203/208/200 202/217/209
f 214/219/211 204/220/212 203/208/200
f 216/221/213 206/210/202 205/222/214
f 217/223/215 207/211/203 206/210/202
f 207/211/203 219/224/216 208/213/205
f 219/224/216 209/225/217 208/213/205
f 209/225/217 210/214/206 199/203/195
f 221/226/218 211/215/207 210/214/206
f 222/227/219 212/216/208 211/215/207
f 212/216/208 224/228/220 213/218/210
f 224/228/220 214/219/211 213/218/210
f 225/229/221 215/230/222 214/219/211
f 216/221/213 228/231/223 217/223/215
f 217/223/215 229/232/224 218/233/225
f 229/232/224 219/224/216 218/233/225
f 230/234/226 220/235/227 219/224/216
f 231/236/228 210/214/206 220/235/227
f 232/237/229 222/227/219 221/226/218
f 222/227/219 234/238/230 223/239/231
f 234/238/230 224/228/220 223/239/231
f 235/240/232 225/229/221 224/228/220
f 236/241/233 226/242/234 225/229/221
f 238/243/235 228/231/223 227/244/236
f 239/245/237 229/232/224 228/231/223
f 229/232/224 241/246/238 230/234/226
f 241/246/238 231/236/228 230/234/226
f 231/236/228 232/237/229 221/226/218
f 243/247/239 233/248/240 232/237/229
f 244/249/241 234/238/230 233/248/240
f 245/250/242 235/240/232 234/238/230
f 246/251/243 236/241/233 235/240/232
f 247/252/244 237/253/245 236/241/233
f 249/254/246 239/245/237 238/243/235
f 250/255/247 240/256/248 239/245/237
f 240/256/248 252/257/249 241/246/238
f 252/257/249 242/258/250 241/246/238
f 253/259/251 232/237/229 242/258/250
f 243/247/239 255/260/252 244/249/241
f 255/260/252 245/250/242 244/249/241
f 256/261/253 246/251/243 245/250/242
f 257/262/254 247/252/244 246/251/243
f 258/263/255 248/264/256 247/252/244
f 249/254/246 261/265/257 250/255/247
f 250/255/247 262/266/258 251/267/259
f 262/266/258 252/257/249 251/267/259
f 252/257/249 264/268/260 253/259/251
f 264/268/260 243/247/239 253/259/251
f 1/3/3 255/260/252 254/269/261
f 2/2/2 256/261/253 255/260/252
f 256/261/253 4/7/7 257/262/254
f 4/7/7 258/263/255 257/262/254
f 258/263/255 6/11/11 259/270/262
f 7/14/14 261/265/257 260/271/263
f 8/13/13 262/266/258 261/265/257
f 9/16/16 263/272/264 262/266/258
f 263/272/264 11/19/19 264/268/260
f 11/19/19 254/269/261 264/268/260
f 350/222/265 300/198/266 302/222/265
f 284/102/267 330/93/268 282/93/268
f 313/11/269 266/24/270 265/11/269
f 309/264/271 359/270/272 311/270/272
f 291/165/273 341/164/274 293/164/274
f 321/60/275 275/68/276 273/60/275
f 358/254/277 308/243/278 310/254/277
f 340/167/279 290/151/280 292/167/279
f 322/47/281 272/36/282 274/47/281
f 347/209/283 301/220/284 299/209/283
f 329/101/285 283/100/286 281/101/285
f 348/198/266 298/187/287 300/198/266
f 330/93/268 280/94/288 282/93/268
f 307/253/289 357/264/271 309/264/271
f 337/150/290 291/165/273 289/150/290
f 319/46/291 273/60/275 271/46/291
f 356/243/278 306/244/292 308/243/278
f 338/273/280 288/123/293 290/273/280
f 272/36/282 318/25/294 270/25/294
f 345/197/295 299/209/283 297/197/295
f 327/92/296 281/101/285 279/92/296
f 346/187/287 296/188/297 298/187/287
f 328/94/288 278/69/298 280/94/288
f 353/242/299 307/253/289 305/242/299
f 331/100/286 285/122/300 283/100/286
f 349/220/284 303/230/301 301/220/284
f 276/70/302 322/47/281 274/47/281
f 342/166/303 292/167/279 294/166/303
f 360/271/304 310/254/277 312/271/304
f 323/68/276 277/67/305 275/68/276
f 341/164/274 295/186/306 293/164/274
f 311/270/272 313/11/269 265/11/269
f 316/12/307 267/14/308 268/12/307
f 334/124/309 284/102/267 286/124/309
f 352/221/310 302/222/265 304/221/310
f 315/14/308 312/271/304 267/14/308
f 314/24/270 269/35/311 266/24/270
f 333/122/300 287/135/312 285/122/300
f 303/230/301 353/242/299 305/242/299
f 326/69/298 276/70/302 278/69/298
f 296/188/297 342/166/303 294/166/303
f 277/67/305 327/92/296 279/92/296
f 295/186/306 345/197/295 297/197/295
f 318/25/294 268/12/307 270/25/294
f 288/123/293 334/124/309 286/124/309
f 306/244/292 352/221/310 304/221/310
f 317/35/311 271/46/291 269/35/311
f 335/135/312 289/274/290 287/135/312
f 12/1/1 13/4/4 2/2/2
f 13/4/4 14/6/6 3/5/5
f 14/6/6 15/8/8 4/7/7
f 15/8/8 16/10/10 5/9/9
f 16/10/10 17/24/24 6/11/11
f 18/12/12 19/15/15 8/13/13
f 19/15/15 20/27/27 9/16/16
f 9/16/16 20/27/27 21/17/17
f 21/17/17 22/20/20 11/19/19
f 22/20/20 12/1/1 1/3/3
f 12/1/1 23/30/30 24/21/21
f 13/4/4 24/21/21 25/22/22
f 25/22/22 26/33/33 15/8/8
f 15/8/8 26/33/33 27/23/23
f 27/23/23 28/35/35 17/24/24
f 29/25/25 30/26/26 19/15/15
f 30/26/26 31/28/28 20/27/27
f 31/28/28 32/29/29 21/17/17
f 32/29/29 33/40/40 22/20/20
f 22/20/20 33/40/40 23/30/30
f 23/30/30 34/41/41 35/31/31
f 35/31/31 36/43/43 25/22/22
f 25/22/22 36/43/43 37/32/32
f 26/33/33 37/32/32 38/34/34
f 38/34/34 39/46/46 28/35/35
f 40/36/36 41/37/37 30/26/26
f 41/37/37 42/38/38 31/28/28
f 42/38/38 43/50/50 32/29/29
f 32/29/29 43/50/50 44/39/39
f 44/39/39 34/41/41 23/30/30
f 34/41/41 45/54/54 46/42/42
f 46/42/42 47/56/56 36/43/43
f 36/43/43 47/56/56 48/44/44
f 37/32/32 48/44/44 49/45/45
f 49/45/45 50/60/60 39/46/46
f 51/47/47 52/48/48 41/37/37
f 52/48/48 53/49/49 42/38/38
f 53/49/49 54/51/51 43/50/50
f 54/51/51 55/52/52 44/39/39
f 55/52/52 45/54/54 34/41/41
f 56/53/53 57/55/55 46/42/42
f 57/55/55 58/57/57 47/56/56
f 58/57/57 59/58/58 48/44/44
f 59/58/58 60/59/59 49/45/45
f 60/59/59 61/68/68 50/60/60
f 51/47/47 62/70/70 63/61/61
f 63/61/61 64/62/62 53/49/49
f 64/62/62 65/73/73 54/51/51
f 54/51/51 65/73/73 66/63/63
f 66/63/63 56/53/53 45/54/54
f 56/53/53 67/77/77 68/64/64
f 68/64/64 69/65/65 58/57/57
f 69/65/65 70/80/80 59/58/58
f 59/58/58 70/80/80 71/66/66
f 60/59/59 71/66/66 72/67/67
f 73/69/69 74/71/71 63/61/61
f 74/71/71 75/72/72 64/62/62
f 75/72/72 76/74/74 65/73/73
f 76/74/74 77/75/75 66/63/63
f 77/75/75 67/77/77 56/53/53
f 210/214/206 211/215/207 200/205/197
f 211/215/207 212/216/208 201/207/199
f 212/216/208 213/218/210 202/217/209
f 213/218/210 214/219/211 203/208/200
f 214/219/211 215/230/222 204/220/212
f 216/221/213 217/223/215 206/210/202
f 217/223/215 218/233/225 207/211/203
f 207/211/203 218/233/225 219/224/216
f 219/224/216 220/235/227 209/225/217
f 209/225/217 220/235/227 210/214/206
f 221/226/218 222/227/219 211/215/207
f 222/227/219 223/239/231 212/216/208
f 212/216/208 223/239/231 224/228/220
f 224/228/220 225/229/221 214/219/211
f 225/229/221 226/242/234 215/230/222
f 216/221/213 227/244/236 228/231/223
f 217/223/215 228/231/223 229/232/224
f 229/232/224 230/234/226 219/224/216
f 230/234/226 231/236/228 220/235/227
f 231/236/228 221/226/218 210/214/206
f 232/237/229 233/248/240 222/227/219
f 222/227/219 233/248/240 234/238/230
f 234/238/230 235/240/232 224/228/220
f 235/240/232 236/241/233 225/229/221
f 236/241/233 237/253/245 226/242/234
f 238/243/235 239/245/237 228/231/223
f 239/245/237 240/256/248 229/232/224
f 229/232/224 240/256/248 241/246/238
f 241/246/238 242/258/250 231/236/228
f 231/236/228 242/258/250 232/237/229
f 243/247/239 244/249/241 233/248/240
f 244/249/241 245/250/242 234/238/230
f 245/250/242 246/251/243 235/240/232
f 246/251/243 247/252/244 236/241/233
f 247/252/244 248/264/256 237/253/245
f 249/254/246 250/255/247 239/245/237
f 250/255/247 251/267/259 240/256/248
f 240/256/248 251/267/259 252/257/249
f 252/257/249 253/259/251 242/258/250
f 253/259/251 243/247/239 232/237/229
f 243/247/239 254/269/261 255/260/252
f 255/260/252 256/261/253 245/250/242
f 256/261/253 257/262/254 246/251/243
f 257/262/254 258/263/255 247/252/244
f 258/263/255 259/270/262 248/264/256
f 249/254/246 260/271/263 261/265/257
f 250/255/247 261/265/257 262/266/258
f 262/266/258 263/272/264 252/257/249
f 252/257/249 263/272/264 264/268/260
f 264/268/260 254/269/261 243/247/239
f 1/3/3 2/2/2 255/260/252
f 2/2/2 3/5/5 256/261/253
f 256/261/253 3/5/5 4/7/7
f 4/7/7 5/9/9 258/263/255
f 258/263/255 5/9/9 6/11/11
f 7/14/14 8/13/13 261/265/257
f 8/13/13 9/16/16 262/266/258
f 9/16/16 10/18/18 263/272/264
f 263/272/264 10/18/18 11/19/19
f 11/19/19 1/3/3 254/269/261
f 350/222/265 348/198/266 300/198/266
f 284/102/267 332/102/267 330/93/268
f 313/11/269 314/24/270 266/24/270
f 309/264/271 357/264/271 359/270/272
f 291/165/273 339/165/273 341/164/274
f 321/60/275 323/68/276 275/68/276
f 358/254/277 356/243/278 308/243/278
f 340/167/279 338/151/280 290/151/280
f 322/47/281 320/36/282 272/36/282
f 347/209/283 349/220/284 301/220/284
f 329/101/285 331/100/286 283/100/286
f 348/198/266 346/187/287 298/187/287
f 330/93/268 328/94/288 280/94/288
f 307/253/289 355/253/289 357/264/271
f 337/150/290 339/165/273 291/165/273
f 319/46/291 321/60/275 273/60/275
f 356/243/278 354/244/292 306/244/292
f 338/273/280 336/123/293 288/123/293
f 272/36/282 320/36/282 318/25/294
f 345/197/295 347/209/283 299/209/283
f 327/92/296 329/101/285 281/101/285
f 346/187/287 344/188/297 296/188/297
f 328/94/288 326/69/298 278/69/298
f 353/242/299 355/253/289 307/253/289
f 331/100/286 333/122/300 285/122/300
f 349/220/284 351/230/301 303/230/301
f 276/70/302 324/70/302 322/47/281
f 342/166/303 340/167/279 292/167/279
f 360/271/304 358/254/277 310/254/277
f 323/68/276 325/67/305 277/67/305
f 341/164/274 343/186/306 295/186/306
f 311/270/272 359/270/272 313/11/269
f 316/12/307 315/14/308 267/14/308
f 334/124/309 332/102/267 284/102/267
f 352/221/310 350/222/265 302/222/265
f 315/14/308 360/271/304 312/271/304
f 314/24/270 317/35/311 269/35/311
f 333/122/300 335/135/312 287/135/312
f 303/230/301 351/230/301 353/242/299
f 326/69/298 324/70/302 276/70/302
f 296/188/297 344/188/297 342/166/303
f 277/67/305 325/67/305 327/92/296
f 295/186/306 343/186/306 345/197/295
f 318/25/294 316/12/307 268/12/307
f 288/123/293 336/123/293 334/124/309
f 306/244/292 354/244/292 352/221/310
f 317/35/311 319/46/291 271/46/291
f 335/135/312 337/274/290 289/274/290
usemtl Roof
f 361/275/313 362/276/314 363/277/315
f 361/278/313 365/279/316 362/280/314
f 361/281/313 363/282/315 364/283/317
f 361/284/313 364/285/317 366/286/318
f 365/287/316 361/288/313 366/289/318
f 369/290/319 366/289/318 367/291/320
f 366/286/318 368/292/321 367/291/320
f 366/286/318 364/285/317 368/292/321
f 369/290/319 365/287/316 366/289/318
f 370/293/322 369/290/319 371/294/323
f 370/293/322 365/287/316 369/290/319
f 369/290/319 367/291/320 372/295/324
f 371/294/323 369/290/319 372/295/324
f 371/294/323 372/295/324 373/296/325
f 372/295/324 374/297/326 373/296/325
f 367/291/320 375/298/327 372/295/324
f 372/295/324 375/298/327 374/297/326
f 367/291/320 368/292/321 375/298/327
f 375/298/327 377/299/77 376/300/328
f 375/298/327 376/300/328 374/297/326
f 375/298/327 368/292/321 377/299/77
f 377/299/77 379/301/329 376/300/328
f 368/292/321 378/302/330 377/299/77
f 378/302/330 380/303/331 377/299/77
f 377/299/77 380/303/331 379/301/329
f 378/302/330 383/304/332 380/303/331
f 380/303/331 382/305/333 381/306/334
f 380/303/331 381/306/334 379/301/329
f 380/303/331 383/304/332 382/305/333
f 364/283/317 383/304/332 378/302/330
f 363/282/315 384/307/335 383/304/332
f 383/304/332 384/307/335 382/305/333
f 364/283/317 363/282/315 383/304/332
f 363/277/315 385/308/336 384/307/335
f 384/307/335 385/308/336 386/309/337
f 384/307/335 386/309/337 382/305/333
f 386/309/337 389/310/338 387/311/339
f 386/309/337 387/311/339 388/312/340
f 382/305/333 386/309/337 388/312/340
f 386/309/337 385/308/336 389/310/338
f 389/313/338 391/314/341 387/315/339
f 385/308/336 390/316/342 389/310/338
f 390/317/342 392/318/195 389/313/338
f 389/313/338 392/318/195 391/314/341
f 390/317/342 395/319/343 392/318/195
f 392/318/195 394/320/344 393/321/345
f 392/318/195 393/321/345 391/314/341
f 392/318/195 395/319/343 394/320/344
f 362/280/314 395/319/343 390/317/342
f 365/279/316 370/293/322 395/319/343
f 395/319/343 370/293/322 394/320/344
f 362/280/314 365/279/316 395/319/343
f 394/320/344 396/322/346 393/321/345
f 370/293/322 371/294/323 394/320/344
f 394/320/344 371/294/323 396/322/346
f 393/321/345 396/322/346 397/323/347
f 371/294/323 373/296/325 396/322/346
f 396/322/346 373/296/325 398/324/348
f 397/323/347 396/322/346 398/324/348
f 397/323/347 398/324/348 399/325/349
f 398/326/348 400/327/350 399/328/349
f 373/296/325 374/297/326 398/326/348
f 398/326/348 374/297/326 400/327/350
f 374/297/326 376/300/328 400/327/350
f 376/300/328 379/301/329 400/329/350
f 400/329/350 401/330/351 399/331/349
f 400/329/350 379/301/329 401/330/351
f 379/301/329 381/306/334 401/330/351
f 381/306/334 388/312/340 401/332/351
f 401/332/351 402/333/352 399/334/349
f 401/332/351 388/312/340 402/333/352
f 388/312/340 387/311/339 402/333/352
f 387/315/339 391/314/341 402/335/352
f 402/335/352 397/336/347 399/337/349
f 402/335/352 391/314/341 397/336/347
f 391/314/341 393/321/345 397/336/347
f 362/276/314 390/316/342 385/308/336
f 382/305/333 388/312/340 381/306/334
f 363/277/315 362/276/314 385/308/336
f 364/285/317 378/302/330 368/292/321
usemtl MotorMat
f 445/253/353 491/242/353 443/242/353
f 406/12/354 456/25/354 408/25/354
f 404/14/354 454/12/354 406/12/354
f 421/100/353 471/122/353 469/100/353
f 436/187/354 482/188/354 484/187/354
f 414/70/354 460/47/354 462/70/354
f 429/165/353 475/150/353 427/150/353
f 440/222/354 490/221/354 442/221/354
f 407/35/353 452/24/353 405/24/353
f 418/94/354 468/93/354 420/93/354
f 435/197/353 481/186/353 433/186/353
f 448/254/354 494/243/354 496/254/354
f 413/68/353 459/60/353 411/60/353
f 424/124/354 474/123/354 426/123/354
f 405/24/353 451/11/353 403/11/353
f 441/230/353 487/220/353 439/220/353
f 417/92/353 467/101/353 465/92/353
f 430/167/354 480/166/354 432/166/354
f 447/264/353 493/253/353 445/253/353
f 450/271/354 453/14/354 404/14/354
f 410/36/354 456/25/354 458/36/354
f 425/135/353 471/122/353 423/122/353
f 436/187/354 486/198/354 438/198/354
f 449/270/353 451/11/353 497/270/353
f 430/167/354 476/151/354 478/167/354
f 417/92/353 463/67/353 415/67/353
f 437/209/353 487/220/353 485/209/353
f 422/102/354 472/124/354 424/124/354
f 411/60/353 457/46/353 409/46/353
f 444/244/354 494/243/354 446/243/354
f 431/164/353 481/186/353 479/164/353
f 418/94/354 464/69/354 466/94/354
f 438/198/354 488/222/354 440/222/354
f 427/274/353 473/135/353 425/135/353
f 412/47/354 458/36/354 460/47/354
f 449/270/353 495/264/353 447/264/353
f 432/166/354 482/188/354 434/188/354
f 419/101/353 469/100/353 467/101/353
f 441/230/353 491/242/353 489/230/353
f 428/273/354 474/123/354 476/273/354
f 415/67/353 461/68/353 413/68/353
f 448/254/354 498/271/354 450/271/354
f 437/209/353 483/197/353 435/197/353
f 420/93/354 470/102/354 422/102/354
f 409/46/353 455/35/353 407/35/353
f 442/221/354 492/244/354 444/244/354
f 429/165/353 479/164/353 477/165/353
f 414/70/354 464/69/354 416/69/354
f 526/167/354 572/151/354 574/167/354
f 506/36/354 556/47/354 508/47/354
f 535/220/353 581/209/353 533/209/353
f 517/100/353 563/101/353 515/101/353
f 534/198/354 580/187/354 582/198/354
f 516/93/354 562/94/354 564/93/354
f 541/253/353 591/264/353 589/253/353
f 525/165/353 571/150/353 523/150/353
f 505/46/353 555/60/353 553/46/353
f 540/244/354 590/243/354 542/243/354
f 524/273/354 570/123/354 572/273/354
f 504/25/354 554/36/354 506/36/354
f 533/209/353 579/197/353 531/197/353
f 515/101/353 561/92/353 513/92/353
f 532/187/354 578/188/354 580/187/354
f 514/94/354 560/69/354 562/94/354
f 539/242/353 589/253/353 587/242/353
f 523/274/353 569/135/353 521/135/353
f 503/35/353 553/46/353 551/35/353
f 538/221/354 588/244/354 540/244/354
f 522/123/354 568/124/354 570/123/354
f 502/12/354 552/25/354 504/25/354
f 531/197/353 577/186/353 529/186/353
f 513/92/353 559/67/353 511/67/353
f 572/273/354 618/123/354 620/273/354
f 552/25/354 602/36/354 554/36/354
f 579/197/353 629/209/353 627/197/353
f 561/92/353 611/101/353 609/92/353
f 578/188/354 628/187/354 580/187/354
f 560/69/354 610/94/354 562/94/354
f 589/253/353 635/242/353 587/242/353
f 571/274/353 617/135/353 569/135/353
f 551/35/353 601/46/353 599/35/353
f 586/221/354 636/244/354 588/244/354
f 568/124/354 618/123/354 570/123/354
f 552/25/354 598/12/354 600/25/354
f 577/186/353 627/197/353 625/186/353
f 561/92/353 607/67/353 559/67/353
f 578/188/354 624/166/354 626/188/354
f 560/69/354 606/70/354 608/69/354
f 585/230/353 635/242/353 633/230/353
f 569/135/353 615/122/353 567/122/353
f 551/35/353 596/24/353 548/24/353
f 549/14/354 642/271/354 597/14/354
f 584/222/354 634/221/354 586/221/354
f 566/102/354 616/124/354 568/124/354
f 549/14/354 598/12/354 550/12/354
f 547/11/353 641/270/353 593/270/353
f 542/243/354 592/254/354 544/254/354
f 507/60/353 557/68/353 555/60/353
f 527/164/353 573/165/353 525/165/353
f 543/264/353 593/270/353 591/264/353
f 499/11/353 548/24/353 547/11/353
f 518/102/354 564/93/354 566/102/354
f 536/222/354 582/198/354 584/222/354
f 519/122/353 565/100/353 517/100/353
f 535/220/353 585/230/353 583/220/353
f 508/47/354 558/70/354 510/70/354
f 528/166/354 574/167/354 576/166/354
f 544/254/354 594/271/354 546/271/354
f 509/68/353 559/67/353 557/68/353
f 529/186/353 575/164/353 527/164/353
f 545/270/353 547/11/353 593/270/353
f 501/14/354 550/12/354 502/12/354
f 520/124/354 566/102/354 568/124/354
f 536/222/354 586/221/354 538/221/354
f 546/271/354 549/14/354 501/14/354
f 500/24/353 551/35/353 548/24/353
f 521/135/353 567/122/353 519/122/353
f 537/230/353 587/242/353 585/230/353
f 510/70/354 560/69/354 512/69/354
f 530/188/354 576/166/354 578/188/354
f 590/243/354 636/244/354 638/243/354
f 555/60/353 601/46/353 553/46/353
f 571/150/353 621/165/353 619/150/353
f 589/253/353 639/264/353 637/253/353
f 562/94/354 612/93/354 564/93/354
f 580/187/354 630/198/354 582/198/354
f 565/100/353 611/101/353 563/101/353
f 583/220/353 629/209/353 581/209/353
f 556/47/354 602/36/354 604/47/354
f 572/151/354 622/167/354 574/167/354
f 590/243/354 640/254/354 592/254/354
f 555/60/353 605/68/353 603/60/353
f 575/164/353 621/165/353 573/165/353
f 593/270/353 639/264/353 591/264/353
f 547/11/353 596/24/353 595/11/353
f 566/102/354 612/93/354 614/102/354
f 584/222/354 630/198/354 632/222/354
f 565/100/353 615/122/353 613/100/353
f 583/220/353 633/230/353 631/220/353
f 556/47/354 606/70/354 558/70/354
f 574/167/354 624/166/354 576/166/354
f 594/271/354 640/254/354 642/271/354
f 559/67/353 605/68/353 557/68/353
f 577/186/353 623/164/353 575/164/353
f 445/253/353 493/253/353 491/242/353
f 406/12/354 454/12/354 456/25/354
f 404/14/354 453/14/354 454/12/354
f 421/100/353 423/122/353 471/122/353
f 436/187/354 434/188/354 482/188/354
f 414/70/354 412/47/354 460/47/354
f 429/165/353 477/165/353 475/150/353
f 440/222/354 488/222/354 490/221/354
f 407/35/353 455/35/353 452/24/353
f 418/94/354 466/94/354 468/93/354
f 435/197/353 483/197/353 481/186/353
f 448/254/354 446/243/354 494/243/354
f 413/68/353 461/68/353 459/60/353
f 424/124/354 472/124/354 474/123/354
f 405/24/353 452/24/353 451/11/353
f 441/230/353 489/230/353 487/220/353
f 417/92/353 419/101/353 467/101/353
f 430/167/354 478/167/354 480/166/354
f 447/264/353 495/264/353 493/253/353
f 450/271/354 498/271/354 453/14/354
f 410/36/354 408/25/354 456/25/354
f 425/135/353 473/135/353 471/122/353
f 436/187/354 484/187/354 486/198/354
f 449/270/353 403/11/353 451/11/353
f 430/167/354 428/151/354 476/151/354
f 417/92/353 465/92/353 463/67/353
f 437/209/353 439/220/353 487/220/353
f 422/102/354 470/102/354 472/124/354
f 411/60/353 459/60/353 457/46/353
f 444/244/354 492/244/354 494/243/354
f 431/164/353 433/186/353 481/186/353
f 418/94/354 416/69/354 464/69/354
f 438/198/354 486/198/354 488/222/354
f 427/274/353 475/274/353 473/135/353
f 412/47/354 410/36/354 458/36/354
f 449/270/353 497/270/353 495/264/353
f 432/166/354 480/166/354 482/188/354
f 419/101/353 421/100/353 469/100/353
f 441/230/353 443/242/353 491/242/353
f 428/273/354 426/123/354 474/123/354
f 415/67/353 463/67/353 461/68/353
f 448/254/354 496/254/354 498/271/354
f 437/209/353 485/209/353 483/197/353
f 420/93/354 468/93/354 470/102/354
f 409/46/353 457/46/353 455/35/353
f 442/221/354 490/221/354 492/244/354
f 429/165/353 431/164/353 479/164/353
f 414/70/354 462/70/354 464/69/354
f 526/167/354 524/151/354 572/151/354
f 506/36/354 554/36/354 556/47/354
f 535/220/353 583/220/353 581/209/353
f 517/100/353 565/100/353 563/101/353
f 534/198/354 532/187/354 580/187/354
f 516/93/354 514/94/354 562/94/354
f 541/253/353 543/264/353 591/264/353
f 525/165/353 573/165/353 571/150/353
f 505/46/353 507/60/353 555/60/353
f 540/244/354 588/244/354 590/243/354
f 524/273/354 522/123/354 570/123/354
f 504/25/354 552/25/354 554/36/354
f 533/209/353 581/209/353 579/197/353
f 515/101/353 563/101/353 561/92/353
f 532/187/354 530/188/354 578/188/354
f 514/94/354 512/69/354 560/69/354
f 539/242/353 541/253/353 589/253/353
f 523/274/353 571/274/353 569/135/353
f 503/35/353 505/46/353 553/46/353
f 538/221/354 586/221/354 588/244/354
f 522/123/354 520/124/354 568/124/354
f 502/12/354 550/12/354 552/25/354
f 531/197/353 579/197/353 577/186/353
f 513/92/353 561/92/353 559/67/353
f 572/273/354 570/123/354 618/123/354
f 552/25/354 600/25/354 602/36/354
f 579/197/353 581/209/353 629/209/353
f 561/92/353 563/101/353 611/101/353
f 578/188/354 626/188/354 628/187/354
f 560/69/354 608/69/354 610/94/354
f 589/253/353 637/253/353 635/242/353
f 571/274/353 619/274/353 617/135/353
f 551/35/353 553/46/353 601/46/353
f 586/221/354 634/221/354 636/244/354
f 568/124/354 616/124/354 618/123/354
f 552/25/354 550/12/354 598/12/354
f 577/186/353 579/197/353 627/197/353
f 561/92/353 609/92/353 607/67/353
f 578/188/354 576/166/354 624/166/354
f 560/69/354 558/70/354 606/70/354
f 585/230/353 587/242/353 635/242/353
f 569/135/353 617/135/353 615/122/353
f 551/35/353 599/35/353 596/24/353
f 549/14/354 594/271/354 642/271/354
f 584/222/354 632/222/354 634/221/354
f 566/102/354 614/102/354 616/124/354
f 549/14/354 597/14/354 598/12/354
f 547/11/353 595/11/353 641/270/353
f 542/243/354 590/243/354 592/254/354
f 507/60/353 509/68/353 557/68/353
f 527/164/353 575/164/353 573/165/353
f 543/264/353 545/270/353 593/270/353
f 499/11/353 500/24/353 548/24/353
f 518/102/354 516/93/354 564/93/354
f 536/222/354 534/198/354 582/198/354
f 519/122/353 567/122/353 565/100/353
f 535/220/353 537/230/353 585/230/353
f 508/47/354 556/47/354 558/70/354
f 528/166/354 526/167/354 574/167/354
f 544/254/354 592/254/354 594/271/354
f 509/68/353 511/67/353 559/67/353
f 529/186/353 577/186/353 575/164/353
f 545/270/353 499/11/353 547/11/353
f 501/14/354 549/14/354 550/12/354
f 520/124/354 518/102/354 566/102/354
f 536/222/354 584/222/354 586/221/354
f 546/271/354 594/271/354 549/14/354
f 500/24/353 503/35/353 551/35/353
f 521/135/353 569/135/353 567/122/353
f 537/230/353 539/242/353 587/242/353
f 510/70/354 558/70/354 560/69/354
f 530/188/354 528/166/354 576/166/354
f 590/243/354 588/244/354 636/244/354
f 555/60/353 603/60/353 601/46/353
f 571/150/353 573/165/353 621/165/353
f 589/253/353 591/264/353 639/264/353
f 562/94/354 610/94/354 612/93/354
f 580/187/354 628/187/354 630/198/354
f 565/100/353 613/100/353 611/101/353
f 583/220/353 631/220/353 629/209/353
f 556/47/354 554/36/354 602/36/354
f 572/151/354 620/151/354 622/167/354
f 590/243/354 638/243/354 640/254/354
f 555/60/353 557/68/353 605/68/353
f 575/164/353 623/164/353 621/165/353
f 593/270/353 641/270/353 639/264/353
f 547/11/353 548/24/353 596/24/353
f 566/102/354 564/93/354 612/93/354
f 584/222/354 582/198/354 630/198/354
f 565/100/353 567/122/353 615/122/353
f 583/220/353 585/230/353 633/230/353
f 556/47/354 604/47/354 606/70/354
f 574/167/354 622/167/354 624/166/354
f 594/271/354 592/254/354 640/254/354
f 559/67/353 607/67/353 605/68/353
f 577/186/353 625/186/353 623/164/353
usemtl TiresMatBright
f 78/76/76 68/64/64 67/77/77
f 79/78/78 69/65/65 68/64/64
f 80/79/79 70/80/80 69/65/65
f 81/81/81 71/66/66 70/80/80
f 82/82/82 72/67/67 71/66/66
f 73/69/69 85/83/83 74/71/71
f 85/83/83 75/72/72 74/71/71
f 86/84/84 76/74/74 75/72/72
f 87/85/85 77/75/75 76/74/74
f 88/86/86 67/77/77 77/75/75
f 89/87/87 79/78/78 78/76/76
f 90/88/88 80/79/79 79/78/78
f 91/89/89 81/81/81 80/79/79
f 92/90/90 82/82/82 81/81/81
f 93/91/91 83/92/92 82/82/82
f 95/93/93 85/83/83 84/94/94
f 85/83/83 97/95/95 86/84/84
f 86/84/84 98/96/96 87/85/85
f 98/96/96 88/86/86 87/85/85
f 88/86/86 89/87/87 78/76/76
f 89/87/87 101/97/97 90/88/88
f 101/97/97 91/89/89 90/88/88
f 102/98/98 92/90/90 91/89/89
f 103/99/99 93/91/91 92/90/90
f 93/91/91 105/100/100 94/101/101
f 106/102/102 96/103/103 95/93/93
f 107/104/104 97/95/95 96/103/103
f 97/95/95 109/105/105 98/96/96
f 98/96/96 110/106/106 99/107/107
f 110/106/106 89/87/87 99/107/107
f 100/108/108 112/109/109 101/97/97
f 112/109/109 102/98/98 101/97/97
f 102/98/98 114/110/110 103/99/99
f 114/110/110 104/111/111 103/99/99
f 115/112/112 105/100/100 104/111/111
f 106/102/102 118/113/113 107/104/104
f 118/113/113 108/114/114 107/104/104
f 119/115/115 109/105/105 108/114/114
f 109/105/105 121/116/116 110/106/106
f 121/116/116 100/108/108 110/106/106
f 111/117/117 123/118/118 112/109/109
f 123/118/118 113/119/119 112/109/109
f 113/119/119 125/120/120 114/110/110
f 125/120/120 115/112/112 114/110/110
f 126/121/121 116/122/122 115/112/112
f 128/123/123 118/113/113 117/124/124
f 118/113/113 130/125/125 119/115/115
f 130/125/125 120/126/126 119/115/115
f 120/126/126 132/127/127 121/116/116
f 132/127/127 111/117/117 121/116/116
f 133/128/128 123/118/118 122/129/129
f 134/130/130 124/131/131 123/118/118
f 135/132/132 125/120/120 124/131/131
f 136/133/133 126/121/121 125/120/120
f 137/134/134 127/135/135 126/121/121
f 128/123/123 140/136/136 129/137/137
f 129/137/137 141/138/138 130/125/125
f 141/138/138 131/139/139 130/125/125
f 131/139/139 143/140/140 132/127/127
f 143/140/140 122/129/129 132/127/127
f 144/141/141 134/142/130 133/143/128
f 134/142/130 146/144/142 135/145/132
f 135/145/132 147/146/143 136/147/133
f 136/147/133 148/148/144 137/149/134
f 148/148/144 138/150/145 137/149/134
f 139/151/146 151/152/147 140/153/136
f 151/152/147 141/154/138 140/153/136
f 152/155/148 142/156/149 141/154/138
f 142/156/149 154/157/150 143/158/140
f 154/157/150 133/143/128 143/158/140
f 155/159/151 145/160/152 144/141/141
f 156/161/153 146/144/142 145/160/152
f 157/162/154 147/146/143 146/144/142
f 158/163/155 148/148/144 147/146/143
f 148/148/144 160/164/156 149/165/157
f 161/166/158 151/152/147 150/167/159
f 162/168/160 152/155/148 151/152/147
f 152/155/148 164/169/161 153/170/162
f 153/170/162 165/171/163 154/157/150
f 154/157/150 155/159/151 144/141/141
f 166/172/164 156/161/153 155/159/151
f 167/173/165 157/162/154 156/161/153
f 157/162/154 169/174/166 158/163/155
f 158/163/155 170/175/167 159/176/168
f 170/175/167 160/164/156 159/176/168
f 161/166/158 173/177/169 162/168/160
f 173/177/169 163/178/170 162/168/160
f 174/179/171 164/169/161 163/178/170
f 175/180/172 165/171/163 164/169/161
f 165/171/163 166/172/164 155/159/151
f 177/181/173 167/173/165 166/172/164
f 167/173/165 179/182/174 168/183/175
f 179/182/174 169/174/166 168/183/175
f 180/184/176 170/175/167 169/174/166
f 181/185/177 171/186/178 170/175/167
f 183/187/179 173/177/169 172/188/180
f 184/189/181 174/179/171 173/177/169
f 185/190/182 175/180/172 174/179/171
f 186/191/183 176/192/184 175/180/172
f 176/192/184 177/181/173 166/172/164
f 177/181/173 189/193/185 178/194/186
f 189/193/185 179/182/174 178/194/186
f 179/182/174 191/195/187 180/184/176
f 180/184/176 192/196/188 181/185/177
f 192/196/188 182/197/189 181/185/177
f 194/198/190 184/189/181 183/187/179
f 195/199/191 185/190/182 184/189/181
f 196/200/192 186/191/183 185/190/182
f 186/191/183 198/201/193 187/202/194
f 198/201/193 177/181/173 187/202/194
f 199/203/195 189/193/185 188/204/196
f 200/205/197 190/206/198 189/193/185
f 201/207/199 191/195/187 190/206/198
f 191/195/187 203/208/200 192/196/188
f 203/208/200 193/209/201 192/196/188
f 194/198/190 206/210/202 195/199/191
f 206/210/202 196/200/192 195/199/191
f 207/211/203 197/212/204 196/200/192
f 208/213/205 198/201/193 197/212/204
f 198/201/193 199/203/195 188/204/196
f 78/76/76 79/78/78 68/64/64
f 79/78/78 80/79/79 69/65/65
f 80/79/79 81/81/81 70/80/80
f 81/81/81 82/82/82 71/66/66
f 82/82/82 83/92/92 72/67/67
f 73/69/69 84/94/94 85/83/83
f 85/83/83 86/84/84 75/72/72
f 86/84/84 87/85/85 76/74/74
f 87/85/85 88/86/86 77/75/75
f 88/86/86 78/76/76 67/77/77
f 89/87/87 90/88/88 79/78/78
f 90/88/88 91/89/89 80/79/79
f 91/89/89 92/90/90 81/81/81
f 92/90/90 93/91/91 82/82/82
f 93/91/91 94/101/101 83/92/92
f 95/93/93 96/103/103 85/83/83
f 85/83/83 96/103/103 97/95/95
f 86/84/84 97/95/95 98/96/96
f 98/96/96 99/107/107 88/86/86
f 88/86/86 99/107/107 89/87/87
f 89/87/87 100/108/108 101/97/97
f 101/97/97 102/98/98 91/89/89
f 102/98/98 103/99/99 92/90/90
f 103/99/99 104/111/111 93/91/91
f 93/91/91 104/111/111 105/100/100
f 106/102/102 107/104/104 96/103/103
f 107/104/104 108/114/114 97/95/95
f 97/95/95 108/114/114 109/105/105
f 98/96/96 109/105/105 110/106/106
f 110/106/106 100/108/108 89/87/87
f 100/108/108 111/117/117 112/109/109
f 112/109/109 113/119/119 102/98/98
f 102/98/98 113/119/119 114/110/110
f 114/110/110 115/112/112 104/111/111
f 115/112/112 116/122/122 105/100/100
f 106/102/102 117/124/124 118/113/113
f 118/113/113 119/115/115 108/114/114
f 119/115/115 120/126/126 109/105/105
f 109/105/105 120/126/126 121/116/116
f 121/116/116 111/117/117 100/108/108
f 111/117/117 122/129/129 123/118/118
f 123/118/118 124/131/131 113/119/119
f 113/119/119 124/131/131 125/120/120
f 125/120/120 126/121/121 115/112/112
f 126/121/121 127/135/135 116/122/122
f 128/123/123 129/137/137 118/113/113
f 118/113/113 129/137/137 130/125/125
f 130/125/125 131/139/139 120/126/126
f 120/126/126 131/139/139 132/127/127
f 132/127/127 122/129/129 111/117/117
f 133/128/128 134/130/130 123/118/118
f 134/130/130 135/132/132 124/131/131
f 135/132/132 136/133/133 125/120/120
f 136/133/133 137/134/134 126/121/121
f 137/134/134 138/274/145 127/135/135
f 128/123/123 139/273/146 140/136/136
f 129/137/137 140/136/136 141/138/138
f 141/138/138 142/338/149 131/139/139
f 131/139/139 142/338/149 143/140/140
f 143/140/140 133/128/128 122/129/129
f 144/141/141 145/160/152 134/142/130
f 134/142/130 145/160/152 146/144/142
f 135/145/132 146/144/142 147/146/143
f 136/147/133 147/146/143 148/148/144
f 148/148/144 149/165/157 138/150/145
f 139/151/146 150/167/159 151/152/147
f 151/152/147 152/155/148 141/154/138
f 152/155/148 153/170/162 142/156/149
f 142/156/149 153/170/162 154/157/150
f 154/157/150 144/141/141 133/143/128
f 155/159/151 156/161/153 145/160/152
f 156/161/153 157/162/154 146/144/142
f 157/162/154 158/163/155 147/146/143
f 158/163/155 159/176/168 148/148/144
f 148/148/144 159/176/168 160/164/156
f 161/166/158 162/168/160 151/152/147
f 162/168/160 163/178/170 152/155/148
f 152/155/148 163/178/170 164/169/161
f 153/170/162 164/169/161 165/171/163
f 154/157/150 165/171/163 155/159/151
f 166/172/164 167/173/165 156/161/153
f 167/173/165 168/183/175 157/162/154
f 157/162/154 168/183/175 169/174/166
f 158/163/155 169/174/166 170/175/167
f 170/175/167 171/186/178 160/164/156
f 161/166/158 172/188/180 173/177/169
f 173/177/169 174/179/171 163/178/170
f 174/179/171 175/180/172 164/169/161
f 175/180/172 176/192/184 165/171/163
f 165/171/163 176/192/184 166/172/164
f 177/181/173 178/194/186 167/173/165
f 167/173/165 178/194/186 179/182/174
f 179/182/174 180/184/176 169/174/166
f 180/184/176 181/185/177 170/175/167
f 181/185/177 182/197/189 171/186/178
f 183/187/179 184/189/181 173/177/169
f 184/189/181 185/190/182 174/179/171
f 185/190/182 186/191/183 175/180/172
f 186/191/183 187/202/194 176/192/184
f 176/192/184 187/202/194 177/181/173
f 177/181/173 188/204/196 189/193/185
f 189/193/185 190/206/198 179/182/174
f 179/182/174 190/206/198 191/195/187
f 180/184/176 191/195/187 192/196/188
f 192/196/188 193/209/201 182/197/189
f 194/198/190 195/199/191 184/189/181
f 195/199/191 196/200/192 185/190/182
f 196/200/192 197/212/204 186/191/183
f 186/191/183 197/212/204 198/201/193
f 198/201/193 188/204/196 177/181/173
f 199/203/195 200/205/197 189/193/185
f 200/205/197 201/207/199 190/206/198
f 201/207/199 202/217/209 191/195/187
f 191/195/187 202/217/209 203/208/200
f 203/208/200 204/220/212 193/209/201
f 194/198/190 205/222/214 206/210/202
f 206/210/202 207/211/203 196/200/192
f 207/211/203 208/213/205 197/212/204
f 208/213/205 209/225/217 198/201/193
f 198/201/193 209/225/217 199/203/195
o WheelBR
v -0.909949 0.005626 -1.185973
v -1.018842 0.063427 -1.185973
v -1.093163 0.160565 -1.185973
v -1.109315 0.246128 -1.185927
v -1.062169 0.285662 -1.185927
v -0.966694 0.309159 -1.185927
v -0.853204 0.309159 -1.185927
v -0.757729 0.285662 -1.185927
v -0.710583 0.158083 -1.185927
v -0.726735 0.067429 -1.185973
v -0.801055 0.022709 -1.185973
v -0.909949 0.023960 -1.325226
v -1.018842 0.079791 -1.310266
v -1.093163 0.173619 -1.285125
v -1.109315 0.256267 -1.262939
v -1.062169 0.294454 -1.252707
v -0.966694 0.317150 -1.246626
v -0.853204 0.317150 -1.246626
v -0.757729 0.294454 -1.252707
v -0.710583 0.171222 -1.285727
v -0.726735 0.083656 -1.309231
v -0.801055 0.040460 -1.320805
v -0.909949 0.077709 -1.454990
v -1.018842 0.127766 -1.426089
v -1.093163 0.211890 -1.377520
v -1.109315 0.285993 -1.334704
v -1.062169 0.320230 -1.314937
v -0.966694 0.340579 -1.303188
v -0.853204 0.340579 -1.303188
v -0.757729 0.320230 -1.314937
v -0.710583 0.209744 -1.378726
v -0.726735 0.131232 -1.424088
v -0.801055 0.092503 -1.446449
v -0.909949 0.163213 -1.566420
v -1.018842 0.204084 -1.525549
v -1.093163 0.272771 -1.456862
v -1.109315 0.333280 -1.396329
v -1.062169 0.361234 -1.368374
v -0.966694 0.377849 -1.351759
v -0.853204 0.377849 -1.351759
v -0.757729 0.361234 -1.368374
v -0.710583 0.271022 -1.458586
v -0.726735 0.206914 -1.522719
v -0.801055 0.175292 -1.554341
v -0.909949 0.274643 -1.651924
v -1.018842 0.303544 -1.601867
v -1.093163 0.352113 -1.517743
v -1.109315 0.394905 -1.443616
v -1.062169 0.414672 -1.409378
v -0.966694 0.426421 -1.389029
v -0.853204 0.426421 -1.389029
v -0.757729 0.414672 -1.409378
v -0.710583 0.350883 -1.519865
v -0.726735 0.305545 -1.598401
v -0.801055 0.283184 -1.637130
v -0.909949 0.404407 -1.705674
v -1.018843 0.419367 -1.649842
v -1.093163 0.444508 -1.556014
v -1.109315 0.466669 -1.473342
v -1.062169 0.476901 -1.435155
v -0.966694 0.482983 -1.412458
v -0.853204 0.482983 -1.412458
v -0.757729 0.476902 -1.435155
v -0.710583 0.443882 -1.558387
v -0.726735 0.420403 -1.645977
v -0.801055 0.408828 -1.689173
v -0.909949 0.543660 -1.724007
v -1.018843 0.543660 -1.666206
v -1.093163 0.543660 -1.569068
v -1.109315 0.543682 -1.483481
v -1.062169 0.543682 -1.443947
v -0.966694 0.543682 -1.420449
v -0.853204 0.543682 -1.420449
v -0.757729 0.543682 -1.443947
v -0.710583 0.543682 -1.571525
v -0.726735 0.543660 -1.662204
v -0.801055 0.543660 -1.706925
v -0.909949 0.682914 -1.705674
v -1.018843 0.667954 -1.649842
v -1.093163 0.642813 -1.556014
v -1.109315 0.620695 -1.473342
v -1.062169 0.610462 -1.435155
v -0.966694 0.604381 -1.412458
v -0.853204 0.604381 -1.412458
v -0.757729 0.610462 -1.435155
v -0.710583 0.643482 -1.558387
v -0.726735 0.666918 -1.645977
v -0.801055 0.678493 -1.689174
v -0.909949 0.812677 -1.651924
v -1.018843 0.783777 -1.601867
v -1.093163 0.735208 -1.517743
v -1.109315 0.692459 -1.443616
v -1.062169 0.672692 -1.409379
v -0.966694 0.660943 -1.389029
v -0.853204 0.660943 -1.389029
v -0.757729 0.672692 -1.409379
v -0.710583 0.736481 -1.519865
v -0.726735 0.781776 -1.598401
v -0.801055 0.804136 -1.637130
v -0.909949 0.924108 -1.566420
v -1.018843 0.883236 -1.525549
v -1.093163 0.814549 -1.456862
v -1.109315 0.754084 -1.396329
v -1.062169 0.726130 -1.368374
v -0.966694 0.709515 -1.351759
v -0.853204 0.709515 -1.351759
v -0.757729 0.726130 -1.368374
v -0.710583 0.816342 -1.458586
v -0.726735 0.880407 -1.522719
v -0.801055 0.912029 -1.554341
v -0.909949 1.009611 -1.454990
v -1.018843 0.959554 -1.426089
v -1.093163 0.875430 -1.377520
v -1.109315 0.801371 -1.334704
v -1.062169 0.767134 -1.314937
v -0.966694 0.746785 -1.303188
v -0.853204 0.746785 -1.303188
v -0.757729 0.767134 -1.314937
v -0.710584 0.877620 -1.378726
v -0.726735 0.956089 -1.424089
v -0.801055 0.994818 -1.446449
v -0.909949 1.063361 -1.325226
v -1.018843 1.007530 -1.310266
v -1.093163 0.913702 -1.285125
v -1.109315 0.831097 -1.262939
v -1.062169 0.792910 -1.252707
v -0.966694 0.770214 -1.246626
v -0.853204 0.770214 -1.246626
v -0.757729 0.792910 -1.252707
v -0.710584 0.916142 -1.285727
v -0.726735 1.003665 -1.309230
v -0.801055 1.046861 -1.320805
v -0.909949 1.081694 -1.185973
v -1.018843 1.023893 -1.185973
v -1.093163 0.926755 -1.185973
v -1.109315 0.841236 -1.185927
v -1.062169 0.801702 -1.185927
v -0.966694 0.778205 -1.185927
v -0.853204 0.778205 -1.185927
v -0.757729 0.801702 -1.185927
v -0.710584 0.929281 -1.185927
v -0.726735 1.019892 -1.185973
v -0.801055 1.064612 -1.185973
v -0.909949 1.063361 -1.046719
v -1.018843 1.007530 -1.061679
v -1.093163 0.913702 -1.086821
v -1.109315 0.831097 -1.108914
v -1.062169 0.792910 -1.119146
v -0.966694 0.770214 -1.125228
v -0.853204 0.770214 -1.125228
v -0.757729 0.792910 -1.119146
v -0.710584 0.916142 -1.086126
v -0.726735 1.003665 -1.062715
v -0.801055 1.046861 -1.051141
v -0.909949 1.009611 -0.916956
v -1.018843 0.959554 -0.945856
v -1.093163 0.875430 -0.994425
v -1.109315 0.801371 -1.037150
v -1.062169 0.767134 -1.056917
v -0.966694 0.746785 -1.068665
v -0.853204 0.746785 -1.068665
v -0.757729 0.767134 -1.056917
v -0.710584 0.877620 -0.993127
v -0.726735 0.956089 -0.947857
v -0.801055 0.994818 -0.925497
v -0.909949 0.924108 -0.805525
v -1.018843 0.883236 -0.846397
v -1.093163 0.814549 -0.915084
v -1.109315 0.754084 -0.975524
v -1.062169 0.726130 -1.003479
v -0.966694 0.709515 -1.020094
v -0.853204 0.709515 -1.020094
v -0.757729 0.726130 -1.003479
v -0.710583 0.816342 -0.913267
v -0.726735 0.880407 -0.849226
v -0.801055 0.912029 -0.817604
v -0.909949 0.812677 -0.720022
v -1.018843 0.783777 -0.770079
v -1.093163 0.735208 -0.854203
v -1.109315 0.692459 -0.928237
v -1.062169 0.672692 -0.962475
v -0.966694 0.660943 -0.982824
v -0.853204 0.660943 -0.982824
v -0.757729 0.672692 -0.962475
v -0.710583 0.736481 -0.851988
v -0.726735 0.781776 -0.773544
v -0.801055 0.804136 -0.734815
v -0.909949 0.682914 -0.666272
v -1.018843 0.667954 -0.722103
v -1.093163 0.642813 -0.815932
v -1.109315 0.620695 -0.898512
v -1.062169 0.610462 -0.936699
v -0.966694 0.604381 -0.959395
v -0.853204 0.604381 -0.959395
v -0.757729 0.610463 -0.936699
v -0.710583 0.643482 -0.813467
v -0.726735 0.666918 -0.725969
v -0.801055 0.678493 -0.682772
v -0.909949 0.543660 -0.647939
v -1.018843 0.543660 -0.705740
v -1.093163 0.543660 -0.802878
v -1.109315 0.543682 -0.888373
v -1.062169 0.543682 -0.927907
v -0.966694 0.543682 -0.951404
v -0.853204 0.543682 -0.951404
v -0.757729 0.543682 -0.927907
v -0.710583 0.543682 -0.800328
v -0.726735 0.543660 -0.709741
v -0.801055 0.543660 -0.665021
v -0.909949 0.404407 -0.666272
v -1.018843 0.419367 -0.722103
v -1.093163 0.444508 -0.815931
v -1.109315 0.466669 -0.898512
v -1.062169 0.476902 -0.936699
v -0.966694 0.482983 -0.959395
v -0.853204 0.482983 -0.959395
v -0.757729 0.476902 -0.936699
v -0.710583 0.443882 -0.813467
v -0.726735 0.420403 -0.725969
v -0.801055 0.408828 -0.682772
v -0.909949 0.274643 -0.720022
v -1.018842 0.303544 -0.770079
v -1.093163 0.352113 -0.854203
v -1.109315 0.394905 -0.928237
v -1.062169 0.414672 -0.962475
v -0.966694 0.426421 -0.982824
v -0.853204 0.426421 -0.982824
v -0.757729 0.414672 -0.962475
v -0.710583 0.350883 -0.851988
v -0.726735 0.305545 -0.773544
v -0.801055 0.283184 -0.734815
v -0.909949 0.163213 -0.805525
v -1.018842 0.204085 -0.846397
v -1.093163 0.272772 -0.915084
v -1.109315 0.333280 -0.975524
v -1.062169 0.361234 -1.003479
v -0.966694 0.377849 -1.020094
v -0.853204 0.377849 -1.020094
v -0.757729 0.361234 -1.003479
v -0.710583 0.271023 -0.913267
v -0.726735 0.206914 -0.849226
v -0.801055 0.175292 -0.817604
v -0.909949 0.077709 -0.916956
v -1.018842 0.127766 -0.945856
v -1.093163 0.211890 -0.994425
v -1.109315 0.285993 -1.037150
v -1.062169 0.320230 -1.056917
v -0.966694 0.340579 -1.068665
v -0.853204 0.340579 -1.068665
v -0.757729 0.320230 -1.056917
v -0.710583 0.209744 -0.993127
v -0.726735 0.131232 -0.947857
v -0.801055 0.092503 -0.925497
v -0.909949 0.023959 -1.046720
v -1.018842 0.079791 -1.061679
v -1.093163 0.173619 -1.086821
v -1.109315 0.256267 -1.108914
v -1.062169 0.294454 -1.119146
v -0.966694 0.317150 -1.125228
v -0.853204 0.317150 -1.125228
v -0.757729 0.294454 -1.119146
v -0.710583 0.171222 -1.086126
v -0.726735 0.083656 -1.062715
v -0.801055 0.040460 -1.051141
v -0.966694 0.317829 -1.185927
v -0.966694 0.325525 -1.244382
v -0.853204 0.317829 -1.185927
v -0.853204 0.325525 -1.244382
v -0.966694 0.348088 -1.298853
v -0.853204 0.348088 -1.298853
v -0.966694 0.383980 -1.345628
v -0.853204 0.383980 -1.345628
v -0.966694 0.430756 -1.381521
v -0.853204 0.430756 -1.381521
v -0.966694 0.485227 -1.404083
v -0.853204 0.485227 -1.404083
v -0.966694 0.543682 -1.411779
v -0.853204 0.543682 -1.411779
v -0.966694 0.602137 -1.404083
v -0.853204 0.602137 -1.404083
v -0.966694 0.656608 -1.381521
v -0.853204 0.656608 -1.381521
v -0.966694 0.703384 -1.345628
v -0.853204 0.703384 -1.345628
v -0.966694 0.739276 -1.298853
v -0.853204 0.739276 -1.298853
v -0.966694 0.761839 -1.244382
v -0.853204 0.761839 -1.244382
v -0.966694 0.769535 -1.185927
v -0.853204 0.769535 -1.185927
v -0.966694 0.761839 -1.127472
v -0.853204 0.761839 -1.127472
v -0.966694 0.739276 -1.073000
v -0.853204 0.739276 -1.073000
v -0.966694 0.703384 -1.026225
v -0.853204 0.703384 -1.026225
v -0.966694 0.656608 -0.990333
v -0.853204 0.656608 -0.990333
v -0.966694 0.602137 -0.967770
v -0.853204 0.602137 -0.967770
v -0.966694 0.543682 -0.960074
v -0.853204 0.543682 -0.960074
v -0.966694 0.485227 -0.967770
v -0.853204 0.485227 -0.967770
v -0.966694 0.430756 -0.990333
v -0.853204 0.430756 -0.990333
v -0.966694 0.383980 -1.026225
v -0.853204 0.383980 -1.026225
v -0.966694 0.348088 -1.073000
v -0.853204 0.348088 -1.073000
v -0.966694 0.325525 -1.127472
v -0.853204 0.325525 -1.127472
v -0.959651 0.324483 -1.185927
v -0.959651 0.331952 -1.242659
v -0.860247 0.324483 -1.185927
v -0.860247 0.331952 -1.242659
v -0.959651 0.353850 -1.295526
v -0.860247 0.353850 -1.295526
v -0.959651 0.388685 -1.340924
v -0.860247 0.388685 -1.340924
v -0.959651 0.434083 -1.375758
v -0.860247 0.434083 -1.375758
v -0.959651 0.486949 -1.397656
v -0.860247 0.486949 -1.397656
v -0.959651 0.543682 -1.405125
v -0.860247 0.543682 -1.405125
v -0.959651 0.600415 -1.397656
v -0.860247 0.600415 -1.397656
v -0.959651 0.653281 -1.375758
v -0.860247 0.653281 -1.375758
v -0.959651 0.698679 -1.340924
v -0.860247 0.698679 -1.340924
v -0.959651 0.733514 -1.295526
v -0.860247 0.733514 -1.295526
v -0.959651 0.755412 -1.242659
v -0.860247 0.755412 -1.242659
v -0.959651 0.762881 -1.185927
v -0.860247 0.762881 -1.185927
v -0.959651 0.755412 -1.129194
v -0.860247 0.755412 -1.129194
v -0.959651 0.733514 -1.076327
v -0.860247 0.733514 -1.076327
v -0.959651 0.698679 -1.030930
v -0.860247 0.698679 -1.030930
v -0.959651 0.653281 -0.996095
v -0.860247 0.653281 -0.996095
v -0.959651 0.600415 -0.974197
v -0.860247 0.600415 -0.974197
v -0.959651 0.543682 -0.966728
v -0.860247 0.543682 -0.966728
v -0.959651 0.486949 -0.974197
v -0.860247 0.486949 -0.974197
v -0.959651 0.434083 -0.996095
v -0.860247 0.434083 -0.996095
v -0.959651 0.388685 -1.030930
v -0.860247 0.388685 -1.030930
v -0.959651 0.353850 -1.076327
v -0.860247 0.353850 -1.076327
v -0.959651 0.331952 -1.129194
v -0.860247 0.331952 -1.129194
v -0.830868 0.406929 -1.184873
v -0.955560 0.482796 -1.112719
v -0.783240 0.482796 -1.068125
v -0.676739 0.482797 -1.184873
v -0.783240 0.482796 -1.301621
v -0.955560 0.482796 -1.257026
v -0.878495 0.605554 -1.068125
v -0.706175 0.605554 -1.112719
v -0.706175 0.605554 -1.257026
v -0.878495 0.605554 -1.301621
v -0.984996 0.605553 -1.184873
v -0.830868 0.681421 -1.184873
v -0.802873 0.427426 -1.116251
v -0.904160 0.427426 -1.142462
v -0.876165 0.472020 -1.073839
v -0.977452 0.472020 -1.184873
v -0.904160 0.427426 -1.227283
v -0.740273 0.427427 -1.184873
v -0.712278 0.472020 -1.116250
v -0.802873 0.427426 -1.253495
v -0.712278 0.472020 -1.253495
v -0.876165 0.472020 -1.295906
v -0.994755 0.544175 -1.142462
v -0.994755 0.544175 -1.227283
v -0.830868 0.544175 -1.047627
v -0.932155 0.544175 -1.073839
v -0.666981 0.544175 -1.142462
v -0.729580 0.544175 -1.073839
v -0.729580 0.544175 -1.295907
v -0.666981 0.544175 -1.227283
v -0.932155 0.544175 -1.295907
v -0.830868 0.544175 -1.322119
v -0.949457 0.616330 -1.116250
v -0.785570 0.616330 -1.073839
v -0.684283 0.616330 -1.184873
v -0.785570 0.616330 -1.295906
v -0.949457 0.616330 -1.253495
v -0.858862 0.660924 -1.116251
v -0.921462 0.660923 -1.184873
v -0.757576 0.660924 -1.142462
v -0.757576 0.660924 -1.227283
v -0.858862 0.660924 -1.253495
v -0.966694 0.309159 -1.185927
v -0.853204 0.309159 -1.185927
v -0.966694 0.317150 -1.246626
v -0.853204 0.317150 -1.246626
v -0.966694 0.340579 -1.303188
v -0.853204 0.340579 -1.303188
v -0.966694 0.377849 -1.351759
v -0.853204 0.377849 -1.351759
v -0.966694 0.426421 -1.389029
v -0.853204 0.426421 -1.389029
v -0.966694 0.482983 -1.412458
v -0.853204 0.482983 -1.412458
v -0.966694 0.543682 -1.420449
v -0.853204 0.543682 -1.420449
v -0.966694 0.604381 -1.412458
v -0.853204 0.604381 -1.412458
v -0.966694 0.660943 -1.389029
v -0.853204 0.660943 -1.389029
v -0.966694 0.709515 -1.351759
v -0.853204 0.709515 -1.351759
v -0.966694 0.746785 -1.303188
v -0.853204 0.746785 -1.303188
v -0.966694 0.770214 -1.246626
v -0.853204 0.770214 -1.246626
v -0.966694 0.778205 -1.185927
v -0.853204 0.778205 -1.185927
v -0.966694 0.770214 -1.125228
v -0.853204 0.770214 -1.125228
v -0.966694 0.746785 -1.068665
v -0.853204 0.746785 -1.068665
v -0.966694 0.709515 -1.020094
v -0.853204 0.709515 -1.020094
v -0.966694 0.660943 -0.982824
v -0.853204 0.660943 -0.982824
v -0.966694 0.604381 -0.959395
v -0.853204 0.604381 -0.959395
v -0.966694 0.543682 -0.951404
v -0.853204 0.543682 -0.951404
v -0.966694 0.482983 -0.959395
v -0.853204 0.482983 -0.959395
v -0.966694 0.426421 -0.982824
v -0.853204 0.426421 -0.982824
v -0.966694 0.377849 -1.020094
v -0.853204 0.377849 -1.020094
v -0.966694 0.340579 -1.068665
v -0.853204 0.340579 -1.068665
v -0.966694 0.317150 -1.125228
v -0.853204 0.317150 -1.125228
v -0.966694 0.317829 -1.185927
v -0.966694 0.325525 -1.244382
v -0.853204 0.317829 -1.185927
v -0.853204 0.325525 -1.244382
v -0.966694 0.348088 -1.298853
v -0.853204 0.348088 -1.298853
v -0.966694 0.383980 -1.345628
v -0.853204 0.383980 -1.345628
v -0.966694 0.430756 -1.381521
v -0.853204 0.430756 -1.381521
v -0.966694 0.485227 -1.404083
v -0.853204 0.485227 -1.404083
v -0.966694 0.543682 -1.411779
v -0.853204 0.543682 -1.411779
v -0.966694 0.602137 -1.404083
v -0.853204 0.602137 -1.404083
v -0.966694 0.656608 -1.381521
v -0.853204 0.656608 -1.381521
v -0.966694 0.703384 -1.345628
v -0.853204 0.703384 -1.345628
v -0.966694 0.739276 -1.298853
v -0.853204 0.739276 -1.298853
v -0.966694 0.761839 -1.244382
v -0.853204 0.761839 -1.244382
v -0.966694 0.769535 -1.185927
v -0.853204 0.769535 -1.185927
v -0.966694 0.761839 -1.127472
v -0.853204 0.761839 -1.127472
v -0.966694 0.739276 -1.073000
v -0.853204 0.739276 -1.073000
v -0.966694 0.703384 -1.026225
v -0.853204 0.703384 -1.026225
v -0.966694 0.656608 -0.990333
v -0.853204 0.656608 -0.990333
v -0.966694 0.602137 -0.967770
v -0.853204 0.602137 -0.967770
v -0.966694 0.543682 -0.960074
v -0.853204 0.543682 -0.960074
v -0.966694 0.485227 -0.967770
v -0.853204 0.485227 -0.967770
v -0.966694 0.430756 -0.990333
v -0.853204 0.430756 -0.990333
v -0.966694 0.383980 -1.026225
v -0.853204 0.383980 -1.026225
v -0.966694 0.348088 -1.073000
v -0.853204 0.348088 -1.073000
v -0.966694 0.325525 -1.127472
v -0.853204 0.325525 -1.127472
v -0.959651 0.324483 -1.185927
v -0.959651 0.331952 -1.242659
v -0.860247 0.324483 -1.185927
v -0.860247 0.331952 -1.242659
v -0.959651 0.353850 -1.295526
v -0.860247 0.353850 -1.295526
v -0.959651 0.388685 -1.340924
v -0.860247 0.388685 -1.340924
v -0.959651 0.434083 -1.375758
v -0.860247 0.434083 -1.375758
v -0.959651 0.486949 -1.397656
v -0.860247 0.486949 -1.397656
v -0.959651 0.543682 -1.405125
v -0.860247 0.543682 -1.405125
v -0.959651 0.600415 -1.397656
v -0.860247 0.600415 -1.397656
v -0.959651 0.653281 -1.375758
v -0.860247 0.653281 -1.375758
v -0.959651 0.698679 -1.340924
v -0.860247 0.698679 -1.340924
v -0.959651 0.733514 -1.295526
v -0.860247 0.733514 -1.295526
v -0.959651 0.755412 -1.242659
v -0.860247 0.755412 -1.242659
v -0.959651 0.762881 -1.185927
v -0.860247 0.762881 -1.185927
v -0.959651 0.755412 -1.129194
v -0.860247 0.755412 -1.129194
v -0.959651 0.733514 -1.076327
v -0.860247 0.733514 -1.076327
v -0.959651 0.698679 -1.030930
v -0.860247 0.698679 -1.030930
v -0.959651 0.653281 -0.996095
v -0.860247 0.653281 -0.996095
v -0.959651 0.600415 -0.974197
v -0.860247 0.600415 -0.974197
v -0.959651 0.543682 -0.966728
v -0.860247 0.543682 -0.966728
v -0.959651 0.486949 -0.974197
v -0.860247 0.486949 -0.974197
v -0.959651 0.434083 -0.996095
v -0.860247 0.434083 -0.996095
v -0.959651 0.388685 -1.030930
v -0.860247 0.388685 -1.030930
v -0.959651 0.353850 -1.076327
v -0.860247 0.353850 -1.076327
v -0.959651 0.331952 -1.129194
v -0.860247 0.331952 -1.129194
v -0.959651 0.467744 -1.185925
v -0.959651 0.470331 -1.205579
v -0.860247 0.467744 -1.185925
v -0.860247 0.470331 -1.205579
v -0.959651 0.477917 -1.223894
v -0.860247 0.477917 -1.223894
v -0.959651 0.489986 -1.239622
v -0.860247 0.489986 -1.239622
v -0.959651 0.505713 -1.251689
v -0.860247 0.505713 -1.251689
v -0.959651 0.524027 -1.259276
v -0.860247 0.524027 -1.259276
v -0.959651 0.543682 -1.261863
v -0.860247 0.543682 -1.261863
v -0.959651 0.563336 -1.259276
v -0.860247 0.563336 -1.259276
v -0.959651 0.581651 -1.251690
v -0.860247 0.581651 -1.251690
v -0.959651 0.597378 -1.239621
v -0.860247 0.597378 -1.239621
v -0.959651 0.609446 -1.223894
v -0.860247 0.609446 -1.223894
v -0.959651 0.617033 -1.205579
v -0.860247 0.617033 -1.205579
v -0.959651 0.619620 -1.185925
v -0.860247 0.619620 -1.185925
v -0.959651 0.617033 -1.166271
v -0.860247 0.617033 -1.166271
v -0.959651 0.609446 -1.147956
v -0.860247 0.609446 -1.147956
v -0.959651 0.597378 -1.132229
v -0.860247 0.597378 -1.132229
v -0.959651 0.581650 -1.120160
v -0.860247 0.581650 -1.120160
v -0.959651 0.563337 -1.112574
v -0.860247 0.563336 -1.112574
v -0.959651 0.543682 -1.109987
v -0.860247 0.543682 -1.109987
v -0.959651 0.524028 -1.112574
v -0.860247 0.524028 -1.112574
v -0.959651 0.505713 -1.120161
v -0.860247 0.505713 -1.120161
v -0.959651 0.489986 -1.132228
v -0.860247 0.489986 -1.132228
v -0.959651 0.477917 -1.147956
v -0.860247 0.477917 -1.147956
v -0.959651 0.470331 -1.166271
v -0.860247 0.470331 -1.166271
v -0.959651 0.495687 -1.185925
v -0.959651 0.497322 -1.198347
v -0.860247 0.495687 -1.185925
v -0.860247 0.497322 -1.198347
v -0.959651 0.502117 -1.209922
v -0.860247 0.502117 -1.209922
v -0.959651 0.509744 -1.219863
v -0.860247 0.509744 -1.219863
v -0.959651 0.519685 -1.227490
v -0.860247 0.519685 -1.227490
v -0.959651 0.531260 -1.232285
v -0.860247 0.531260 -1.232285
v -0.959651 0.543682 -1.233920
v -0.860247 0.543682 -1.233920
v -0.959651 0.556104 -1.232285
v -0.860247 0.556104 -1.232285
v -0.959651 0.567679 -1.227490
v -0.860247 0.567679 -1.227490
v -0.959651 0.577620 -1.219862
v -0.860247 0.577620 -1.219862
v -0.959651 0.585247 -1.209923
v -0.860247 0.585247 -1.209923
v -0.959651 0.590042 -1.198347
v -0.860247 0.590042 -1.198347
v -0.959651 0.591677 -1.185925
v -0.860247 0.591677 -1.185925
v -0.959651 0.590041 -1.173503
v -0.860247 0.590041 -1.173503
v -0.959651 0.585247 -1.161928
v -0.860247 0.585247 -1.161928
v -0.959651 0.577619 -1.151988
v -0.860247 0.577619 -1.151988
v -0.959651 0.567679 -1.144360
v -0.860247 0.567679 -1.144360
v -0.959651 0.556104 -1.139565
v -0.860247 0.556104 -1.139565
v -0.959651 0.543682 -1.137930
v -0.860247 0.543682 -1.137930
v -0.959651 0.531260 -1.139565
v -0.860247 0.531260 -1.139565
v -0.959651 0.519684 -1.144360
v -0.860247 0.519684 -1.144360
v -0.959651 0.509745 -1.151987
v -0.860247 0.509745 -1.151987
v -0.959651 0.502117 -1.161928
v -0.860247 0.502117 -1.161928
v -0.959651 0.497322 -1.173503
v -0.860247 0.497322 -1.173503
vn -0.1288 -0.9917 -0.0000
vn -0.6139 -0.7625 -0.2043
vn -0.6139 -0.7894 -0.0000
vn -0.8982 -0.4397 -0.0000
vn -0.9309 0.3527 0.0945
vn -0.9309 0.3652 -0.0000
vn -0.4338 0.9010 -0.0000
vn -0.4338 0.8703 0.2332
vn -0.2390 0.9710 -0.0000
vn 0.2390 0.9710 -0.0000
vn 0.5860 0.7827 0.2097
vn 0.5860 0.8103 -0.0000
vn 0.9975 0.0685 0.0184
vn 0.9975 0.0710 -0.0000
vn 0.7555 -0.6551 -0.0000
vn 0.7555 -0.6328 -0.1696
vn 0.3133 -0.9497 -0.0000
vn 0.3133 -0.9173 -0.2458
vn -0.1288 -0.9579 -0.2567
vn -0.6139 -0.6836 -0.3947
vn -0.8982 -0.3808 -0.2198
vn -0.8982 -0.4247 -0.1138
vn -0.9309 0.3163 0.1826
vn -0.4338 0.7803 0.4505
vn -0.2390 0.9379 0.2513
vn 0.2390 0.9379 0.2513
vn 0.5860 0.7017 0.4051
vn 0.9975 0.0615 0.0355
vn 0.7555 -0.5673 -0.3276
vn -0.1288 -0.8588 -0.4958
vn -0.1288 -0.7012 -0.7012
vn -0.6139 -0.5582 -0.5582
vn -0.9309 0.2582 0.2582
vn -0.4338 0.6371 0.6371
vn -0.2390 0.8409 0.4855
vn 0.2390 0.8409 0.4855
vn 0.5860 0.5730 0.5730
vn 0.9975 0.0502 0.0502
vn 0.7555 -0.4632 -0.4632
vn 0.3133 -0.8224 -0.4748
vn 0.3133 -0.6715 -0.6715
vn -0.6139 -0.3947 -0.6836
vn -0.8982 -0.3109 -0.3109
vn -0.9309 0.1826 0.3163
vn -0.4338 0.4505 0.7803
vn -0.2390 0.6866 0.6866
vn 0.2390 0.4855 0.8409
vn 0.2390 0.6866 0.6866
vn 0.9975 0.0355 0.0615
vn 0.3133 -0.4748 -0.8224
vn -0.1288 -0.2567 -0.9579
vn -0.1288 -0.4958 -0.8588
vn -0.6139 -0.2043 -0.7625
vn -0.8982 -0.2198 -0.3808
vn -0.8982 -0.1138 -0.4247
vn -0.9309 0.0945 0.3528
vn -0.4338 0.2332 0.8703
vn -0.2390 0.4855 0.8409
vn 0.2390 0.2513 0.9379
vn 0.5860 0.4051 0.7017
vn 0.9975 0.0184 0.0686
vn 0.7555 -0.1696 -0.6328
vn 0.7555 -0.3276 -0.5673
vn 0.3133 -0.2458 -0.9173
vn -0.1288 -0.0000 -0.9917
vn -0.8982 -0.0000 -0.4397
vn -0.9309 -0.0000 0.3652
vn -0.2390 -0.0000 0.9710
vn -0.2390 0.2513 0.9379
vn 0.2390 -0.0000 0.9710
vn 0.5860 0.2097 0.7827
vn 0.9975 -0.0000 0.0710
vn 0.7555 -0.0000 -0.6551
vn 0.3133 -0.0000 -0.9497
vn -0.1288 0.2567 -0.9579
vn -0.6139 -0.0000 -0.7894
vn -0.6139 0.2043 -0.7625
vn -0.8982 0.1138 -0.4247
vn -0.4338 -0.2332 0.8703
vn -0.4338 -0.0000 0.9010
vn -0.2390 -0.2513 0.9379
vn 0.2390 -0.2513 0.9379
vn 0.5860 -0.0000 0.8103
vn 0.9975 -0.0184 0.0686
vn 0.7555 0.1696 -0.6328
vn 0.3133 0.2458 -0.9173
vn -0.1288 0.4958 -0.8588
vn -0.8982 0.2198 -0.3808
vn -0.9309 -0.0945 0.3527
vn -0.9309 -0.1826 0.3163
vn -0.4338 -0.4505 0.7803
vn 0.5860 -0.4051 0.7017
vn 0.5860 -0.2097 0.7827
vn 0.9975 -0.0355 0.0615
vn 0.7555 0.3276 -0.5674
vn 0.3133 0.4748 -0.8224
vn -0.1288 0.7012 -0.7012
vn -0.6139 0.3947 -0.6836
vn -0.6139 0.5582 -0.5582
vn -0.8982 0.3109 -0.3109
vn -0.9309 -0.2582 0.2582
vn -0.4338 -0.6371 0.6371
vn -0.2390 -0.4855 0.8409
vn 0.2390 -0.6866 0.6866
vn 0.2390 -0.4855 0.8409
vn 0.9975 -0.0502 0.0502
vn 0.7555 0.4632 -0.4632
vn 0.3133 0.6715 -0.6715
vn -0.6139 0.6836 -0.3947
vn -0.8981 0.3808 -0.2198
vn -0.9309 -0.3162 0.1826
vn -0.4338 -0.7803 0.4505
vn -0.2390 -0.6866 0.6866
vn 0.5860 -0.7017 0.4051
vn 0.5860 -0.5730 0.5730
vn 0.9975 -0.0614 0.0355
vn 0.7555 0.5674 -0.3276
vn 0.3133 0.8224 -0.4748
vn -0.1288 0.9579 -0.2567
vn -0.1288 0.8588 -0.4958
vn -0.6139 0.7625 -0.2043
vn -0.8981 0.4247 -0.1138
vn -0.9310 -0.3527 0.0945
vn -0.4338 -0.8703 0.2332
vn -0.2390 -0.8409 0.4855
vn 0.2390 -0.9379 0.2513
vn 0.2390 -0.8409 0.4855
vn 0.5860 -0.7827 0.2097
vn 0.7555 0.6328 -0.1696
vn 0.3133 0.9173 -0.2458
vn -0.6139 0.7894 -0.0000
vn -0.8981 0.4397 -0.0000
vn -0.9310 -0.3651 -0.0000
vn -0.4338 -0.9010 -0.0000
vn -0.2390 -0.9379 0.2513
vn 0.2390 -0.9710 -0.0000
vn 0.5860 -0.8103 -0.0000
vn 0.9975 -0.0685 0.0184
vn 0.7555 0.6551 -0.0000
vn 0.3133 0.9497 -0.0000
vn -0.1288 0.9579 0.2567
vn -0.1288 0.9917 -0.0000
vn -0.8981 0.4247 0.1138
vn -0.4338 -0.8703 -0.2332
vn -0.2390 -0.9379 -0.2513
vn -0.2390 -0.9710 -0.0000
vn 0.2390 -0.9379 -0.2513
vn 0.5860 -0.7827 -0.2097
vn 0.9975 -0.0709 -0.0000
vn 0.7555 0.6328 0.1696
vn 0.3133 0.9173 0.2458
vn -0.1288 0.8588 0.4958
vn -0.6139 0.7625 0.2043
vn -0.6139 0.6836 0.3947
vn -0.8981 0.3808 0.2199
vn -0.9310 -0.3527 -0.0945
vn -0.9310 -0.3162 -0.1826
vn -0.2390 -0.8409 -0.4855
vn 0.2390 -0.8409 -0.4855
vn 0.5860 -0.7017 -0.4051
vn 0.9975 -0.0685 -0.0183
vn 0.7555 0.5674 0.3276
vn 0.3133 0.8224 0.4748
vn -0.1288 0.7012 0.7012
vn -0.6139 0.5582 0.5582
vn -0.8981 0.3109 0.3109
vn -0.9310 -0.2582 -0.2582
vn -0.4338 -0.7803 -0.4505
vn -0.4338 -0.6371 -0.6371
vn 0.2390 -0.6866 -0.6866
vn 0.5860 -0.5730 -0.5730
vn 0.9975 -0.0614 -0.0354
vn 0.7555 0.4633 0.4633
vn 0.3133 0.6715 0.6715
vn -0.1288 0.4958 0.8588
vn -0.8981 0.2199 0.3808
vn -0.4338 -0.4505 -0.7803
vn -0.2390 -0.6866 -0.6866
vn 0.2390 -0.4855 -0.8409
vn 0.5860 -0.4051 -0.7017
vn 0.9975 -0.0501 -0.0501
vn 0.7555 0.3276 0.5674
vn -0.1288 0.2567 0.9579
vn -0.6139 0.3947 0.6836
vn -0.6139 0.2043 0.7625
vn -0.9310 -0.0945 -0.3527
vn -0.9310 -0.1825 -0.3162
vn -0.2390 -0.2513 -0.9379
vn -0.2390 -0.4855 -0.8409
vn 0.5860 -0.2097 -0.7827
vn 0.9975 -0.0354 -0.0614
vn 0.9975 -0.0183 -0.0685
vn 0.3133 0.2458 0.9173
vn 0.3133 0.4748 0.8224
vn -0.6139 -0.0000 0.7894
vn -0.8981 -0.0000 0.4397
vn -0.8981 0.1138 0.4247
vn -0.9310 -0.0000 -0.3651
vn -0.4338 -0.2332 -0.8703
vn -0.4338 -0.0000 -0.9010
vn 0.2390 -0.0000 -0.9710
vn 0.2390 -0.2513 -0.9379
vn 0.5860 -0.0000 -0.8103
vn 0.9975 -0.0000 -0.0709
vn 0.7555 0.1696 0.6328
vn 0.3133 -0.0000 0.9497
vn -0.1288 -0.0000 0.9917
vn -0.1288 -0.2567 0.9579
vn -0.6139 -0.2043 0.7625
vn -0.9310 0.0945 -0.3527
vn -0.4338 0.2332 -0.8703
vn -0.2390 -0.0000 -0.9710
vn 0.2390 0.2513 -0.9379
vn 0.5860 0.2097 -0.7827
vn 0.9975 0.0184 -0.0685
vn 0.7555 -0.0000 0.6552
vn 0.7555 -0.1696 0.6328
vn -0.1288 -0.4958 0.8588
vn -0.8981 -0.2199 0.3808
vn -0.8981 -0.1138 0.4247
vn -0.9310 0.1826 -0.3162
vn -0.4338 0.4505 -0.7803
vn -0.2390 0.2513 -0.9379
vn 0.2390 0.4855 -0.8409
vn 0.5860 0.4051 -0.7017
vn 0.9975 0.0355 -0.0614
vn 0.7555 -0.3276 0.5674
vn 0.3133 -0.2458 0.9173
vn 0.3133 -0.4748 0.8224
vn -0.1288 -0.7012 0.7012
vn -0.6139 -0.3947 0.6836
vn -0.8981 -0.3109 0.3109
vn -0.9310 0.2582 -0.2582
vn -0.2390 0.6866 -0.6866
vn -0.2390 0.4855 -0.8409
vn 0.5860 0.5730 -0.5730
vn 0.9975 0.0501 -0.0501
vn 0.7555 -0.4633 0.4633
vn -0.6139 -0.6836 0.3947
vn -0.6139 -0.5582 0.5582
vn -0.8981 -0.3808 0.2198
vn -0.9310 0.3162 -0.1826
vn -0.4338 0.6371 -0.6371
vn -0.2390 0.8409 -0.4855
vn 0.2390 0.8409 -0.4855
vn 0.2390 0.6866 -0.6866
vn 0.5860 0.7017 -0.4051
vn 0.9975 0.0614 -0.0355
vn 0.7555 -0.5674 0.3276
vn 0.3133 -0.6715 0.6715
vn 0.3133 -0.8224 0.4748
vn -0.1288 -0.9579 0.2567
vn -0.1288 -0.8588 0.4958
vn -0.8982 -0.4247 0.1138
vn -0.9309 0.3527 -0.0945
vn -0.4338 0.7803 -0.4505
vn -0.2390 0.9379 -0.2513
vn 0.2390 0.9379 -0.2513
vn 0.5860 0.7827 -0.2097
vn 0.9975 0.0685 -0.0184
vn 0.7555 -0.6328 0.1696
vn 0.3133 -0.9173 0.2458
vn -0.6139 -0.7625 0.2043
vn -0.4338 0.8703 -0.2332
vn -0.6867 -0.0000 0.7269
vn -0.6867 0.1881 0.7021
vn -0.6867 0.5140 -0.5140
vn -0.6867 0.3635 -0.6295
vn 0.6867 -0.7269 -0.0000
vn 0.6867 -0.7021 -0.1881
vn 0.6867 -0.6295 0.3635
vn 0.6867 -0.7021 0.1881
vn 0.6867 0.7021 0.1881
vn 0.6867 0.6295 0.3635
vn 0.6867 -0.3635 -0.6295
vn 0.6867 -0.1881 -0.7021
vn -0.6867 -0.6295 0.3635
vn -0.6867 -0.5140 0.5140
vn -0.6867 0.7021 0.1881
vn -0.6867 0.7269 -0.0000
vn -0.6867 -0.3635 -0.6295
vn -0.6867 -0.5140 -0.5140
vn 0.6867 0.1881 0.7021
vn 0.6867 -0.0000 0.7269
vn 0.6867 0.3635 -0.6295
vn 0.6867 0.5140 -0.5140
vn -0.6867 0.3635 0.6295
vn -0.6867 0.1881 -0.7021
vn 0.6867 -0.5140 0.5140
vn 0.6867 0.7269 -0.0000
vn 0.6867 -0.5140 -0.5140
vn -0.6867 -0.3635 0.6295
vn -0.6867 0.7021 -0.1881
vn -0.6867 -0.6295 -0.3635
vn 0.6867 0.3635 0.6295
vn 0.6867 0.1881 -0.7021
vn -0.6867 0.5140 0.5140
vn -0.6867 -0.0000 -0.7269
vn 0.6867 -0.3635 0.6295
vn 0.6867 0.6295 -0.3635
vn 0.6867 -0.1881 0.7021
vn -0.6867 -0.1881 -0.7021
vn -0.6867 0.6295 0.3635
vn -0.6867 -0.7021 0.1881
vn 0.6867 -0.0000 -0.7269
vn 0.6867 0.5140 0.5140
vn -0.6867 -0.7021 -0.1881
vn -0.6867 -0.7269 -0.0000
vn -0.6867 0.6295 -0.3635
vn -0.6867 -0.1881 0.7021
vn 0.6867 -0.6295 -0.3635
vn 0.6867 0.7021 -0.1881
vn -0.0014 -1.0000 -0.0000
vn -0.3201 -0.8889 0.3278
vn 0.1143 -0.8557 0.5046
vn -0.6130 -0.5124 0.6013
vn -0.7656 -0.6433 -0.0000
vn 0.4125 -0.9110 -0.0000
vn 0.1143 -0.8557 -0.5046
vn -0.3201 -0.8889 -0.3278
vn -0.9166 0.0028 0.3998
vn 0.2029 -0.4542 0.8675
vn -0.1926 -0.5360 0.8220
vn -0.0000 -0.0000 1.0000
vn 0.8317 -0.5553 -0.0000
vn 0.5720 -0.5981 0.5613
vn 0.9166 -0.0028 0.3998
vn 0.2029 -0.4542 -0.8675
vn 0.5720 -0.5981 -0.5613
vn 0.4654 0.0052 -0.8851
vn -0.6130 -0.5124 -0.6013
vn -0.1926 -0.5360 -0.8220
vn -0.4654 -0.0052 -0.8851
vn -0.4654 -0.0052 0.8851
vn 0.4654 0.0052 0.8851
vn 0.9166 -0.0028 -0.3998
vn -0.0000 -0.0000 -1.0000
vn -0.9166 0.0028 -0.3998
vn -0.2029 0.4542 0.8675
vn -0.5720 0.5981 0.5613
vn -0.1143 0.8557 0.5046
vn 0.6130 0.5124 0.6013
vn 0.1926 0.5360 0.8220
vn 0.3201 0.8889 0.3278
vn 0.6130 0.5124 -0.6013
vn 0.7656 0.6433 -0.0000
vn 0.3201 0.8889 -0.3278
vn -0.2029 0.4542 -0.8675
vn 0.1926 0.5360 -0.8220
vn -0.1143 0.8557 -0.5046
vn -0.8317 0.5553 -0.0000
vn -0.5720 0.5981 -0.5613
vn -0.4125 0.9110 -0.0000
vn 0.0014 1.0000 -0.0000
vn -1.0000 -0.0000 -0.0000
vn 1.0000 -0.0000 -0.0000
vt 0.500000 0.545455
vt 0.541667 0.636364
vt 0.500000 0.636364
vt 0.500000 0.727273
vt 0.541667 0.818182
vt 0.500000 0.818182
vt 0.500000 0.909091
vt 0.541667 0.909091
vt 0.500000 1.000000
vt 0.500000 0.090909
vt 0.541667 0.181818
vt 0.500000 0.181818
vt 0.541667 0.272727
vt 0.500000 0.272727
vt 0.500000 0.363636
vt 0.541667 0.363636
vt 0.500000 0.454545
vt 0.541667 0.454545
vt 0.541667 0.545455
vt 0.583333 0.636364
vt 0.583333 0.727273
vt 0.541667 0.727273
vt 0.583333 0.818182
vt 0.583333 0.909091
vt 0.541667 1.000000
vt 0.541667 0.090909
vt 0.583333 0.181818
vt 0.583333 0.272727
vt 0.583333 0.363636
vt 0.583333 0.545455
vt 0.625000 0.545455
vt 0.625000 0.636364
vt 0.625000 0.818182
vt 0.625000 0.909091
vt 0.583333 1.000000
vt 0.583333 0.090909
vt 0.625000 0.181818
vt 0.625000 0.272727
vt 0.625000 0.363636
vt 0.583333 0.454545
vt 0.625000 0.454545
vt 0.666667 0.636364
vt 0.625000 0.727273
vt 0.666667 0.818182
vt 0.666667 0.909091
vt 0.625000 1.000000
vt 0.666667 0.090909
vt 0.625000 0.090909
vt 0.666667 0.272727
vt 0.666667 0.454545
vt 0.708333 0.545455
vt 0.666667 0.545455
vt 0.708333 0.636364
vt 0.666667 0.727273
vt 0.708333 0.727273
vt 0.708333 0.818182
vt 0.708333 0.909091
vt 0.666667 1.000000
vt 0.708333 0.090909
vt 0.666667 0.181818
vt 0.708333 0.272727
vt 0.708333 0.363636
vt 0.666667 0.363636
vt 0.708333 0.454545
vt 0.750000 0.545455
vt 0.750000 0.727273
vt 0.750000 0.818182
vt 0.750000 1.000000
vt 0.708333 1.000000
vt 0.750000 0.090909
vt 0.708333 0.181818
vt 0.750000 0.272727
vt 0.750000 0.363636
vt 0.750000 0.454545
vt 0.791667 0.545455
vt 0.750000 0.636364
vt 0.791667 0.636364
vt 0.791667 0.727273
vt 0.791667 0.909091
vt 0.750000 0.909091
vt 0.791667 1.000000
vt 0.791667 0.090909
vt 0.750000 0.181818
vt 0.791667 0.272727
vt 0.791667 0.363636
vt 0.791667 0.454545
vt 0.833333 0.545455
vt 0.833333 0.727273
vt 0.791667 0.818182
vt 0.833333 0.818182
vt 0.833333 0.909091
vt 0.833333 0.181818
vt 0.791667 0.181818
vt 0.833333 0.272727
vt 0.833333 0.363636
vt 0.833333 0.454545
vt 0.875000 0.545455
vt 0.833333 0.636364
vt 0.875000 0.636364
vt 0.875000 0.727273
vt 0.875000 0.818182
vt 0.875000 0.909091
vt 0.833333 1.000000
vt 0.875000 0.090909
vt 0.833333 0.090909
vt 0.875000 0.272727
vt 0.875000 0.363636
vt 0.875000 0.454545
vt 0.916667 0.636364
vt 0.916667 0.727273
vt 0.916667 0.818182
vt 0.916667 0.909091
vt 0.875000 1.000000
vt 0.916667 0.181818
vt 0.875000 0.181818
vt 0.916667 0.272727
vt 0.916667 0.363636
vt 0.916667 0.454545
vt 0.958333 0.545455
vt 0.916667 0.545455
vt 0.958333 0.636364
vt 0.958333 0.727273
vt 0.958333 0.818182
vt 0.958333 0.909091
vt 0.916667 1.000000
vt 0.958333 0.090909
vt 0.916667 0.090909
vt 0.958333 0.181818
vt 0.958333 0.363636
vt 0.958333 0.454545
vt 1.000000 0.636364
vt 1.000000 0.727273
vt 1.000000 0.818182
vt 1.000000 0.909091
vt 0.958333 1.000000
vt 1.000000 0.090909
vt 1.000000 0.181818
vt 0.958333 0.272727
vt 1.000000 0.363636
vt 1.000000 0.454545
vt 0.041667 0.545455
vt -0.000000 0.636364
vt -0.000000 0.545455
vt 0.041667 0.727273
vt -0.000000 0.727273
vt -0.000000 0.818182
vt 0.041667 0.909091
vt -0.000000 0.909091
vt 0.041667 1.000000
vt -0.000000 1.000000
vt 0.041667 0.090909
vt -0.000000 0.181818
vt -0.000000 0.090909
vt 0.041667 0.181818
vt -0.000000 0.272727
vt 0.041667 0.363636
vt -0.000000 0.363636
vt -0.000000 0.454545
vt 0.041667 0.454545
vt 0.083333 0.545455
vt 0.041667 0.636364
vt 0.083333 0.636364
vt 0.083333 0.727273
vt 0.041667 0.818182
vt 0.083333 0.818182
vt 0.083333 1.000000
vt 0.083333 0.090909
vt 0.083333 0.181818
vt 0.041667 0.272727
vt 0.083333 0.363636
vt 0.083333 0.454545
vt 0.125000 0.545455
vt 0.125000 0.636364
vt 0.125000 0.727273
vt 0.125000 0.818182
vt 0.083333 0.909091
vt 0.125000 0.909091
vt 0.125000 0.090909
vt 0.125000 0.181818
vt 0.083333 0.272727
vt 0.125000 0.363636
vt 0.125000 0.454545
vt 0.166667 0.545455
vt 0.166667 0.727273
vt 0.166667 0.909091
vt 0.125000 1.000000
vt 0.166667 0.090909
vt 0.166667 0.181818
vt 0.125000 0.272727
vt 0.166667 0.363636
vt 0.208333 0.545455
vt 0.166667 0.636364
vt 0.208333 0.636364
vt 0.208333 0.818182
vt 0.166667 0.818182
vt 0.208333 1.000000
vt 0.166667 1.000000
vt 0.208333 0.181818
vt 0.166667 0.272727
vt 0.208333 0.272727
vt 0.208333 0.454545
vt 0.166667 0.454545
vt 0.250000 0.636364
vt 0.250000 0.727273
vt 0.208333 0.727273
vt 0.250000 0.818182
vt 0.208333 0.909091
vt 0.250000 0.909091
vt 0.250000 0.090909
vt 0.208333 0.090909
vt 0.250000 0.181818
vt 0.250000 0.272727
vt 0.208333 0.363636
vt 0.250000 0.454545
vt 0.250000 0.545455
vt 0.291667 0.545455
vt 0.291667 0.636364
vt 0.291667 0.818182
vt 0.291667 0.909091
vt 0.250000 1.000000
vt 0.291667 0.090909
vt 0.291667 0.181818
vt 0.291667 0.272727
vt 0.250000 0.363636
vt 0.291667 0.363636
vt 0.333333 0.545455
vt 0.333333 0.727273
vt 0.291667 0.727273
vt 0.333333 0.818182
vt 0.333333 0.909091
vt 0.291667 1.000000
vt 0.333333 0.090909
vt 0.333333 0.181818
vt 0.333333 0.272727
vt 0.333333 0.363636
vt 0.291667 0.454545
vt 0.333333 0.454545
vt 0.375000 0.545455
vt 0.333333 0.636364
vt 0.375000 0.727273
vt 0.375000 0.818182
vt 0.375000 1.000000
vt 0.333333 1.000000
vt 0.375000 0.181818
vt 0.375000 0.272727
vt 0.375000 0.363636
vt 0.416667 0.636364
vt 0.375000 0.636364
vt 0.416667 0.727273
vt 0.416667 0.818182
vt 0.375000 0.909091
vt 0.416667 1.000000
vt 0.416667 0.090909
vt 0.375000 0.090909
vt 0.416667 0.181818
vt 0.416667 0.272727
vt 0.416667 0.363636
vt 0.375000 0.454545
vt 0.416667 0.454545
vt 0.458333 0.545455
vt 0.416667 0.545455
vt 0.458333 0.727273
vt 0.458333 0.818182
vt 0.416667 0.909091
vt 0.458333 1.000000
vt 0.458333 0.090909
vt 0.458333 0.181818
vt 0.458333 0.272727
vt 0.458333 0.363636
vt 0.458333 0.454545
vt 0.458333 0.636364
vt 0.458333 0.909091
vt 1.000000 1.000000
vt 0.181819 0.000000
vt 0.227273 0.078731
vt 0.136365 0.078731
vt 0.272728 0.157461
vt 0.318182 0.078731
vt 0.363637 0.157461
vt 0.909091 0.000000
vt 0.954545 0.078731
vt 0.863636 0.078731
vt 0.727273 0.000000
vt 0.772727 0.078731
vt 0.681818 0.078731
vt 0.545455 0.000000
vt 0.590909 0.078731
vt 0.500000 0.078731
vt 0.318182 0.236191
vt 0.090910 0.157461
vt 0.181819 0.157461
vt 0.136365 0.236191
vt 0.818182 0.157461
vt 0.909091 0.157461
vt 0.863636 0.236191
vt 0.636364 0.157461
vt 0.727273 0.157461
vt 0.681818 0.236191
vt 0.454546 0.157461
vt 0.545455 0.157461
vt 0.500000 0.236191
vt 0.227273 0.236191
vt 0.045455 0.236191
vt 0.772727 0.236191
vt 0.590909 0.236191
vt 0.409092 0.236191
vt 0.181819 0.314921
vt 0.272728 0.314921
vt 0.227273 0.393651
vt 0.000000 0.314921
vt 0.090910 0.314921
vt 0.045455 0.393651
vt 0.727273 0.314921
vt 0.818182 0.314921
vt 0.772727 0.393651
vt 0.545455 0.314921
vt 0.636364 0.314921
vt 0.590909 0.393651
vt 0.363637 0.314921
vt 0.454546 0.314921
vt 0.409092 0.393651
vt 0.500000 0.393651
vt 0.454546 0.472382
vt 0.681818 0.393651
vt 0.636364 0.472382
vt 0.863636 0.393651
vt 0.818182 0.472382
vt 0.909091 0.314921
vt 0.136365 0.393651
vt 0.090910 0.472382
vt 0.318182 0.393651
vt 0.272728 0.472382
vt 0.954545 0.236191
vt 1.000000 0.157461
vt 0.409092 0.078731
vt 0.363637 0.000000
vt 1.000000 0.545455
vt 1.000000 0.272727
s 1
usemtl TiresMat
f 643/339/355 644/341/357 655/340/356
f 655/340/356 644/341/357 645/342/358
f 645/342/358 646/344/360 657/343/359
f 657/343/359 646/344/360 647/345/361
f 658/346/362 647/345/361 648/347/363
f 649/348/364 650/350/366 661/349/365
f 650/350/366 651/352/368 662/351/367
f 662/351/367 651/352/368 652/353/369
f 663/354/370 652/353/369 653/355/371
f 664/356/372 653/355/371 643/339/355
f 654/357/373 655/340/356 666/358/374
f 655/340/356 656/360/376 667/359/375
f 656/360/376 657/343/359 668/361/377
f 668/361/377 657/343/359 658/346/362
f 669/362/378 658/346/362 659/363/379
f 660/364/380 661/349/365 672/365/381
f 661/349/365 662/351/367 673/366/382
f 673/366/382 662/351/367 663/354/370
f 674/367/383 663/354/370 664/356/372
f 664/356/372 654/357/373 665/368/384
f 676/369/385 665/368/384 666/358/374
f 677/370/386 666/358/374 667/359/375
f 667/359/375 668/361/377 679/371/387
f 668/361/377 669/362/378 680/372/388
f 680/372/388 669/362/378 670/373/389
f 671/374/390 672/365/381 683/375/391
f 672/365/381 673/366/382 684/376/392
f 684/376/392 673/366/382 674/367/383
f 685/377/393 674/367/383 675/378/394
f 686/379/395 675/378/394 665/368/384
f 676/369/385 677/370/386 688/380/396
f 688/380/396 677/370/386 678/381/397
f 678/381/397 679/371/387 690/382/398
f 690/382/398 679/371/387 680/372/388
f 691/383/399 680/372/388 681/384/400
f 693/385/401 682/386/402 683/375/391
f 683/375/391 684/376/392 695/387/403
f 695/387/403 684/376/392 685/377/393
f 685/377/393 686/379/395 697/388/404
f 697/388/404 686/379/395 676/369/385
f 698/389/405 687/390/406 688/380/396
f 699/391/407 688/380/396 689/392/408
f 700/393/409 689/392/408 690/382/398
f 701/394/410 690/382/398 691/383/399
f 702/395/411 691/383/399 692/396/412
f 704/397/413 693/385/401 694/398/414
f 694/398/414 695/387/403 706/399/415
f 695/387/403 696/401/417 707/400/416
f 696/401/417 697/388/404 708/402/418
f 708/402/418 697/388/404 687/390/406
f 709/403/419 698/389/405 699/391/407
f 699/391/407 700/393/409 711/404/420
f 711/404/420 700/393/409 701/394/410
f 712/405/421 701/394/410 702/395/411
f 702/395/411 703/407/423 714/406/422
f 715/408/424 704/397/413 705/409/425
f 705/409/425 706/399/415 717/410/426
f 706/399/415 707/400/416 718/411/427
f 707/400/416 708/402/418 719/412/428
f 719/412/428 708/402/418 698/389/405
f 852/554/562 841/553/561 842/541/549
f 853/555/563 842/541/549 843/542/550
f 843/542/550 844/544/552 855/556/564
f 844/544/552 845/546/554 856/557/565
f 856/557/565 845/546/554 846/558/566
f 858/559/567 847/547/555 848/549/557
f 859/560/568 848/549/557 849/550/558
f 860/561/569 849/550/558 850/562/570
f 861/563/571 850/562/570 851/552/560
f 851/552/560 841/553/561 852/554/562
f 863/564/572 852/554/562 853/555/563
f 853/555/563 854/566/574 865/565/573
f 854/566/574 855/556/564 866/567/575
f 855/556/564 856/557/565 867/568/576
f 867/568/576 856/557/565 857/569/577
f 869/570/578 858/559/567 859/560/568
f 870/571/579 859/560/568 860/561/569
f 871/572/580 860/561/569 861/563/571
f 872/573/581 861/563/571 862/574/582
f 873/575/583 862/574/582 852/554/562
f 874/576/584 863/564/572 864/577/585
f 864/577/585 865/565/573 876/578/586
f 865/565/573 866/567/575 877/579/587
f 877/579/587 866/567/575 867/568/576
f 867/568/576 868/581/589 879/580/588
f 869/570/578 870/571/579 881/582/590
f 881/582/590 870/571/579 871/572/580
f 882/583/591 871/572/580 872/573/581
f 883/584/592 872/573/581 873/575/583
f 873/575/583 863/564/572 874/576/584
f 874/576/584 875/586/594 886/585/593
f 875/586/594 876/578/586 887/587/595
f 876/578/586 877/579/587 888/588/596
f 888/588/596 877/579/587 878/589/597
f 878/589/597 879/580/588 890/590/598
f 891/591/599 880/592/600 881/582/590
f 892/593/601 881/582/590 882/583/591
f 893/594/602 882/583/591 883/584/592
f 894/595/603 883/584/592 884/596/604
f 895/597/605 884/596/604 874/576/584
f 896/598/606 885/599/607 886/585/593
f 886/585/593 887/587/595 898/600/608
f 887/587/595 888/588/596 899/601/609
f 899/601/609 888/588/596 889/602/610
f 889/602/610 890/590/598 901/603/611
f 902/604/612 891/591/599 892/593/601
f 903/605/613 892/593/601 893/594/602
f 904/606/614 893/594/602 894/595/603
f 905/607/615 894/595/603 895/597/605
f 906/608/616 895/597/605 885/599/607
f 896/598/606 897/609/617 644/341/357
f 644/341/357 897/609/617 898/600/608
f 898/600/608 899/601/609 646/344/360
f 646/344/360 899/601/609 900/610/618
f 647/345/361 900/610/618 901/603/611
f 649/348/364 902/604/612 903/605/613
f 650/350/366 903/605/613 904/606/614
f 651/352/368 904/606/614 905/607/615
f 652/353/369 905/607/615 906/608/616
f 653/355/371 906/608/616 896/598/606
f 992/547/619 944/547/619 942/548/620
f 974/442/621 926/442/621 924/443/622
f 907/347/623 908/363/624 956/363/624
f 999/590/625 951/590/625 953/603/626
f 933/487/627 935/504/628 983/504/628
f 963/396/629 915/396/629 917/407/630
f 1000/591/631 952/591/631 950/592/632
f 982/489/633 934/489/633 932/491/634
f 916/385/635 914/386/636 962/386/636
f 989/534/637 941/534/637 943/558/638
f 923/441/639 925/451/640 973/451/640
f 990/548/620 942/548/620 940/525/641
f 972/443/622 924/443/622 922/420/642
f 997/580/643 949/580/643 951/590/625
f 979/488/644 931/488/644 933/487/627
f 961/384/645 913/384/645 915/396/629
f 998/592/632 950/592/632 948/570/646
f 932/474/634 930/464/647 978/464/647
f 914/386/636 912/374/648 960/374/648
f 987/535/649 939/535/649 941/534/637
f 969/419/650 921/419/650 923/441/639
f 988/525/641 940/525/641 938/516/651
f 970/420/642 922/420/642 920/408/652
f 995/581/653 947/581/653 949/580/643
f 973/451/640 925/451/640 927/463/654
f 991/558/638 943/558/638 945/569/655
f 918/397/656 916/385/635 964/385/635
f 984/505/657 936/505/657 934/489/633
f 1002/604/658 954/604/658 952/591/631
f 965/407/630 917/407/630 919/406/659
f 935/504/628 937/524/660 985/524/660
f 1001/603/626 953/603/626 907/347/623
f 958/364/661 910/364/661 909/348/662
f 976/465/663 928/465/663 926/442/621
f 994/559/664 946/559/664 944/547/619
f 957/348/662 909/348/662 954/604/658
f 908/363/624 911/373/665 959/373/665
f 927/463/654 929/473/666 977/473/666
f 945/569/655 947/581/653 995/581/653
f 968/408/652 920/408/652 918/397/656
f 986/516/651 938/516/651 936/505/657
f 967/406/659 919/406/659 921/419/650
f 937/524/660 939/535/649 987/535/649
f 960/374/648 912/374/648 910/364/661
f 978/464/647 930/464/647 928/465/663
f 996/570/646 948/570/646 946/559/664
f 959/373/665 911/373/665 913/384/645
f 977/473/666 929/473/666 931/611/644
f 643/339/355 655/340/356 654/357/373
f 655/340/356 645/342/358 656/360/376
f 645/342/358 657/343/359 656/360/376
f 657/343/359 647/345/361 658/346/362
f 658/346/362 648/347/363 659/363/379
f 649/348/364 661/349/365 660/364/380
f 650/350/366 662/351/367 661/349/365
f 662/351/367 652/353/369 663/354/370
f 663/354/370 653/355/371 664/356/372
f 664/356/372 643/339/355 654/357/373
f 654/357/373 666/358/374 665/368/384
f 655/340/356 667/359/375 666/358/374
f 656/360/376 668/361/377 667/359/375
f 668/361/377 658/346/362 669/362/378
f 669/362/378 659/363/379 670/373/389
f 660/364/380 672/365/381 671/374/390
f 661/349/365 673/366/382 672/365/381
f 673/366/382 663/354/370 674/367/383
f 674/367/383 664/356/372 675/378/394
f 664/356/372 665/368/384 675/378/394
f 676/369/385 666/358/374 677/370/386
f 677/370/386 667/359/375 678/381/397
f 667/359/375 679/371/387 678/381/397
f 668/361/377 680/372/388 679/371/387
f 680/372/388 670/373/389 681/384/400
f 671/374/390 683/375/391 682/386/402
f 672/365/381 684/376/392 683/375/391
f 684/376/392 674/367/383 685/377/393
f 685/377/393 675/378/394 686/379/395
f 686/379/395 665/368/384 676/369/385
f 676/369/385 688/380/396 687/390/406
f 688/380/396 678/381/397 689/392/408
f 678/381/397 690/382/398 689/392/408
f 690/382/398 680/372/388 691/383/399
f 691/383/399 681/384/400 692/396/412
f 693/385/401 683/375/391 694/398/414
f 683/375/391 695/387/403 694/398/414
f 695/387/403 685/377/393 696/401/417
f 685/377/393 697/388/404 696/401/417
f 697/388/404 676/369/385 687/390/406
f 698/389/405 688/380/396 699/391/407
f 699/391/407 689/392/408 700/393/409
f 700/393/409 690/382/398 701/394/410
f 701/394/410 691/383/399 702/395/411
f 702/395/411 692/396/412 703/407/423
f 704/397/413 694/398/414 705/409/425
f 694/398/414 706/399/415 705/409/425
f 695/387/403 707/400/416 706/399/415
f 696/401/417 708/402/418 707/400/416
f 708/402/418 687/390/406 698/389/405
f 709/403/419 699/391/407 710/414/430
f 699/391/407 711/404/420 710/414/430
f 711/404/420 701/394/410 712/405/421
f 712/405/421 702/395/411 713/418/434
f 702/395/411 714/406/422 713/418/434
f 715/408/424 705/409/425 716/421/437
f 705/409/425 717/410/426 716/421/437
f 706/399/415 718/411/427 717/410/426
f 707/400/416 719/412/428 718/411/427
f 719/412/428 698/389/405 709/403/419
f 852/554/562 842/541/549 853/555/563
f 853/555/563 843/542/550 854/566/574
f 843/542/550 855/556/564 854/566/574
f 844/544/552 856/557/565 855/556/564
f 856/557/565 846/558/566 857/569/577
f 858/559/567 848/549/557 859/560/568
f 859/560/568 849/550/558 860/561/569
f 860/561/569 850/562/570 861/563/571
f 861/563/571 851/552/560 862/574/582
f 851/552/560 852/554/562 862/574/582
f 863/564/572 853/555/563 864/577/585
f 853/555/563 865/565/573 864/577/585
f 854/566/574 866/567/575 865/565/573
f 855/556/564 867/568/576 866/567/575
f 867/568/576 857/569/577 868/581/589
f 869/570/578 859/560/568 870/571/579
f 870/571/579 860/561/569 871/572/580
f 871/572/580 861/563/571 872/573/581
f 872/573/581 862/574/582 873/575/583
f 873/575/583 852/554/562 863/564/572
f 874/576/584 864/577/585 875/586/594
f 864/577/585 876/578/586 875/586/594
f 865/565/573 877/579/587 876/578/586
f 877/579/587 867/568/576 878/589/597
f 867/568/576 879/580/588 878/589/597
f 869/570/578 881/582/590 880/592/600
f 881/582/590 871/572/580 882/583/591
f 882/583/591 872/573/581 883/584/592
f 883/584/592 873/575/583 884/596/604
f 873/575/583 874/576/584 884/596/604
f 874/576/584 886/585/593 885/599/607
f 875/586/594 887/587/595 886/585/593
f 876/578/586 888/588/596 887/587/595
f 888/588/596 878/589/597 889/602/610
f 878/589/597 890/590/598 889/602/610
f 891/591/599 881/582/590 892/593/601
f 892/593/601 882/583/591 893/594/602
f 893/594/602 883/584/592 894/595/603
f 894/595/603 884/596/604 895/597/605
f 895/597/605 874/576/584 885/599/607
f 896/598/606 886/585/593 897/609/617
f 886/585/593 898/600/608 897/609/617
f 887/587/595 899/601/609 898/600/608
f 899/601/609 889/602/610 900/610/618
f 889/602/610 901/603/611 900/610/618
f 902/604/612 892/593/601 903/605/613
f 903/605/613 893/594/602 904/606/614
f 904/606/614 894/595/603 905/607/615
f 905/607/615 895/597/605 906/608/616
f 906/608/616 885/599/607 896/598/606
f 896/598/606 644/341/357 643/339/355
f 644/341/357 898/600/608 645/342/358
f 898/600/608 646/344/360 645/342/358
f 646/344/360 900/610/618 647/345/361
f 647/345/361 901/603/611 648/347/363
f 649/348/364 903/605/613 650/350/366
f 650/350/366 904/606/614 651/352/368
f 651/352/368 905/607/615 652/353/369
f 652/353/369 906/608/616 653/355/371
f 653/355/371 896/598/606 643/339/355
f 992/547/619 942/548/620 990/548/620
f 974/442/621 924/443/622 972/443/622
f 907/347/623 956/363/624 955/347/623
f 999/590/625 953/603/626 1001/603/626
f 933/487/627 983/504/628 981/487/627
f 963/396/629 917/407/630 965/407/630
f 1000/591/631 950/592/632 998/592/632
f 982/489/633 932/491/634 980/491/634
f 916/385/635 962/386/636 964/385/635
f 989/534/637 943/558/638 991/558/638
f 923/441/639 973/451/640 971/441/639
f 990/548/620 940/525/641 988/525/641
f 972/443/622 922/420/642 970/420/642
f 997/580/643 951/590/625 999/590/625
f 979/488/644 933/487/627 981/487/627
f 961/384/645 915/396/629 963/396/629
f 998/592/632 948/570/646 996/570/646
f 932/474/634 978/464/647 980/474/634
f 914/386/636 960/374/648 962/386/636
f 987/535/649 941/534/637 989/534/637
f 969/419/650 923/441/639 971/441/639
f 988/525/641 938/516/651 986/516/651
f 970/420/642 920/408/652 968/408/652
f 995/581/653 949/580/643 997/580/643
f 973/451/640 927/463/654 975/463/654
f 991/558/638 945/569/655 993/569/655
f 918/397/656 964/385/635 966/397/656
f 984/505/657 934/489/633 982/489/633
f 1002/604/658 952/591/631 1000/591/631
f 965/407/630 919/406/659 967/406/659
f 935/504/628 985/524/660 983/504/628
f 1001/603/626 907/347/623 955/347/623
f 958/364/661 909/348/662 957/348/662
f 976/465/663 926/442/621 974/442/621
f 994/559/664 944/547/619 992/547/619
f 957/348/662 954/604/658 1002/604/658
f 908/363/624 959/373/665 956/363/624
f 927/463/654 977/473/666 975/463/654
f 945/569/655 995/581/653 993/569/655
f 968/408/652 918/397/656 966/397/656
f 986/516/651 936/505/657 984/505/657
f 967/406/659 921/419/650 969/419/650
f 937/524/660 987/535/649 985/524/660
f 960/374/648 910/364/661 958/364/661
f 978/464/647 928/465/663 976/465/663
f 996/570/646 946/559/664 994/559/664
f 959/373/665 913/384/645 961/384/645
f 977/473/666 931/611/644 979/611/644
usemtl Roof
f 1003/612/667 1015/614/669 1016/613/668
f 1004/615/670 1018/617/671 1016/616/668
f 1003/618/667 1020/620/672 1015/619/669
f 1003/621/667 1022/623/673 1020/622/672
f 1003/624/667 1019/626/674 1022/625/673
f 1004/615/670 1025/627/675 1018/617/671
f 1005/628/676 1027/630/678 1017/629/677
f 1006/631/679 1029/633/681 1021/632/680
f 1007/634/682 1031/636/684 1023/635/683
f 1008/637/685 1033/639/687 1024/638/686
f 1004/615/670 1028/640/688 1025/627/675
f 1005/628/676 1030/641/689 1027/630/678
f 1006/631/679 1032/642/690 1029/633/681
f 1007/634/682 1034/643/691 1031/636/684
f 1008/637/685 1026/644/692 1033/639/687
f 1009/645/693 1040/647/695 1035/646/694
f 1010/648/696 1042/650/698 1036/649/697
f 1011/651/699 1043/653/701 1037/652/700
f 1012/654/702 1044/656/704 1038/655/703
f 1013/657/705 1041/659/707 1039/658/706
f 1041/659/707 1014/661/708 1044/660/704
f 1041/659/707 1044/660/704 1039/658/706
f 1039/658/706 1044/660/704 1012/654/702
f 1044/656/704 1014/663/708 1043/662/701
f 1044/656/704 1043/662/701 1038/655/703
f 1038/655/703 1043/662/701 1011/651/699
f 1043/653/701 1014/665/708 1042/664/698
f 1043/653/701 1042/664/698 1037/652/700
f 1037/652/700 1042/664/698 1010/666/696
f 1042/650/698 1014/668/708 1040/667/695
f 1042/650/698 1040/667/695 1036/649/697
f 1036/649/697 1040/667/695 1009/645/693
f 1040/647/695 1014/670/708 1041/669/707
f 1040/647/695 1041/669/707 1035/646/694
f 1035/646/694 1041/669/707 1013/657/705
f 1026/644/692 1013/657/705 1039/658/706
f 1026/644/692 1039/658/706 1033/639/687
f 1033/639/687 1039/658/706 1012/654/702
f 1034/643/691 1012/654/702 1038/655/703
f 1034/643/691 1038/655/703 1031/636/684
f 1031/636/684 1038/655/703 1011/651/699
f 1032/642/690 1011/651/699 1037/652/700
f 1032/642/690 1037/652/700 1029/633/681
f 1029/633/681 1037/652/700 1010/666/696
f 1030/641/689 1010/648/696 1036/649/697
f 1030/641/689 1036/649/697 1027/630/678
f 1027/630/678 1036/649/697 1009/645/693
f 1028/640/688 1009/645/693 1035/646/694
f 1028/640/688 1035/646/694 1025/627/675
f 1025/627/675 1035/646/694 1013/657/705
f 1033/639/687 1012/654/702 1034/643/691
f 1033/639/687 1034/643/691 1024/638/686
f 1024/638/686 1034/643/691 1007/634/682
f 1031/636/684 1011/651/699 1032/642/690
f 1031/636/684 1032/642/690 1023/635/683
f 1023/635/683 1032/642/690 1006/631/679
f 1029/633/681 1010/666/696 1030/671/689
f 1029/633/681 1030/671/689 1021/632/680
f 1021/632/680 1030/671/689 1005/672/676
f 1027/630/678 1009/645/693 1028/640/688
f 1027/630/678 1028/640/688 1017/629/677
f 1017/629/677 1028/640/688 1004/615/670
f 1025/627/675 1013/657/705 1026/644/692
f 1025/627/675 1026/644/692 1018/617/671
f 1018/617/671 1026/644/692 1008/637/685
f 1019/626/674 1008/637/685 1024/638/686
f 1019/626/674 1024/638/686 1022/625/673
f 1022/625/673 1024/638/686 1007/634/682
f 1022/623/673 1007/634/682 1023/635/683
f 1022/623/673 1023/635/683 1020/622/672
f 1020/622/672 1023/635/683 1006/631/679
f 1020/620/672 1006/631/679 1021/632/680
f 1020/620/672 1021/632/680 1015/619/669
f 1015/619/669 1021/632/680 1005/672/676
f 1018/617/671 1008/637/685 1019/673/674
f 1018/617/671 1019/673/674 1016/616/668
f 1016/616/668 1019/673/674 1003/674/667
f 1015/614/669 1005/628/676 1017/629/677
f 1015/614/669 1017/629/677 1016/613/668
f 1016/613/668 1017/629/677 1004/615/670
usemtl MotorMat
f 1087/580/709 1085/581/709 1133/581/709
f 1048/364/710 1050/374/710 1098/374/710
f 1046/348/710 1048/364/710 1096/364/710
f 1065/463/709 1063/451/709 1111/451/709
f 1078/525/710 1126/525/710 1124/516/710
f 1054/385/710 1056/397/710 1104/397/710
f 1071/487/709 1069/488/709 1117/488/709
f 1084/559/710 1132/559/710 1130/547/710
f 1049/373/709 1047/363/709 1094/363/709
f 1060/420/710 1062/443/710 1110/443/710
f 1077/535/709 1075/524/709 1123/524/709
f 1088/592/710 1090/591/710 1138/591/710
f 1053/396/709 1101/396/709 1103/407/709
f 1066/465/710 1068/464/710 1116/464/710
f 1045/347/709 1093/347/709 1094/363/709
f 1083/569/709 1081/558/709 1129/558/709
f 1059/419/709 1107/419/709 1109/441/709
f 1074/505/710 1122/505/710 1120/489/710
f 1089/590/709 1087/580/709 1135/580/709
f 1092/604/710 1046/348/710 1095/348/710
f 1050/374/710 1052/386/710 1100/386/710
f 1065/463/709 1113/463/709 1115/473/709
f 1080/548/710 1128/548/710 1126/525/710
f 1045/347/709 1091/603/709 1139/603/709
f 1072/489/710 1120/489/710 1118/491/710
f 1059/419/709 1057/406/709 1105/406/709
f 1081/558/709 1079/534/709 1127/534/709
f 1064/442/710 1066/465/710 1114/465/710
f 1051/384/709 1099/384/709 1101/396/709
f 1088/592/710 1136/592/710 1134/570/710
f 1073/504/709 1121/504/709 1123/524/709
f 1060/420/710 1108/420/710 1106/408/710
f 1080/548/710 1082/547/710 1130/547/710
f 1067/473/709 1115/473/709 1117/611/709
f 1052/386/710 1054/385/710 1102/385/710
f 1091/603/709 1089/590/709 1137/590/709
f 1074/505/710 1076/516/710 1124/516/710
f 1061/441/709 1109/441/709 1111/451/709
f 1083/569/709 1131/569/709 1133/581/709
f 1068/464/710 1070/474/710 1118/474/710
f 1057/406/709 1055/407/709 1103/407/709
f 1092/604/710 1140/604/710 1138/591/710
f 1079/534/709 1077/535/709 1125/535/709
f 1062/443/710 1064/442/710 1112/442/710
f 1051/384/709 1049/373/709 1097/373/709
f 1084/559/710 1086/570/710 1134/570/710
f 1073/504/709 1071/487/709 1119/487/709
f 1058/408/710 1106/408/710 1104/397/710
f 1168/489/710 1216/489/710 1214/491/710
f 1148/386/710 1150/385/710 1198/385/710
f 1177/558/709 1175/534/709 1223/534/709
f 1159/451/709 1157/441/709 1205/441/709
f 1176/548/710 1224/548/710 1222/525/710
f 1158/443/710 1206/443/710 1204/420/710
f 1183/580/709 1231/580/709 1233/590/709
f 1167/487/709 1165/488/709 1213/488/709
f 1147/384/709 1195/384/709 1197/396/709
f 1182/570/710 1184/592/710 1232/592/710
f 1166/474/710 1214/474/710 1212/464/710
f 1146/374/710 1148/386/710 1196/386/710
f 1175/534/709 1173/535/709 1221/535/709
f 1157/441/709 1155/419/709 1203/419/709
f 1174/525/710 1222/525/710 1220/516/710
f 1156/420/710 1204/420/710 1202/408/710
f 1181/581/709 1229/581/709 1231/580/709
f 1165/611/709 1163/473/709 1211/473/709
f 1145/373/709 1193/373/709 1195/384/709
f 1180/559/710 1182/570/710 1230/570/710
f 1164/464/710 1212/464/710 1210/465/710
f 1144/364/710 1146/374/710 1194/374/710
f 1173/535/709 1171/524/709 1219/524/709
f 1153/406/709 1201/406/709 1203/419/709
f 1214/474/710 1262/474/710 1260/464/710
f 1194/374/710 1196/386/710 1244/386/710
f 1221/535/709 1269/535/709 1271/534/709
f 1203/419/709 1251/419/709 1253/441/709
f 1220/516/710 1222/525/710 1270/525/710
f 1204/420/710 1252/420/710 1250/408/710
f 1231/580/709 1229/581/709 1277/581/709
f 1213/611/709 1211/473/709 1259/473/709
f 1193/373/709 1241/373/709 1243/384/709
f 1228/559/710 1230/570/710 1278/570/710
f 1210/465/710 1212/464/710 1260/464/710
f 1194/374/710 1242/374/710 1240/364/710
f 1219/524/709 1267/524/709 1269/535/709
f 1203/419/709 1201/406/709 1249/406/709
f 1220/516/710 1268/516/710 1266/505/710
f 1202/408/710 1250/408/710 1248/397/710
f 1227/569/709 1275/569/709 1277/581/709
f 1211/473/709 1209/463/709 1257/463/709
f 1193/373/709 1190/363/709 1238/363/709
f 1191/348/710 1239/348/710 1284/604/710
f 1226/547/710 1228/559/710 1276/559/710
f 1208/442/710 1210/465/710 1258/465/710
f 1191/348/710 1192/364/710 1240/364/710
f 1189/347/709 1235/603/709 1283/603/709
f 1184/592/710 1186/591/710 1234/591/710
f 1149/396/709 1197/396/709 1199/407/709
f 1169/504/709 1167/487/709 1215/487/709
f 1185/590/709 1233/590/709 1235/603/709
f 1141/347/709 1189/347/709 1190/363/709
f 1160/442/710 1208/442/710 1206/443/710
f 1178/547/710 1226/547/710 1224/548/710
f 1161/463/709 1159/451/709 1207/451/709
f 1177/558/709 1225/558/709 1227/569/709
f 1150/385/710 1152/397/710 1200/397/710
f 1170/505/710 1218/505/710 1216/489/710
f 1186/591/710 1188/604/710 1236/604/710
f 1151/407/709 1199/407/709 1201/406/709
f 1171/524/709 1169/504/709 1217/504/709
f 1187/603/709 1235/603/709 1189/347/709
f 1143/348/710 1144/364/710 1192/364/710
f 1162/465/710 1210/465/710 1208/442/710
f 1178/547/710 1180/559/710 1228/559/710
f 1188/604/710 1143/348/710 1191/348/710
f 1142/363/709 1190/363/709 1193/373/709
f 1163/473/709 1161/463/709 1209/463/709
f 1179/569/709 1227/569/709 1229/581/709
f 1152/397/710 1154/408/710 1202/408/710
f 1172/516/710 1220/516/710 1218/505/710
f 1232/592/710 1280/592/710 1278/570/710
f 1197/396/709 1195/384/709 1243/384/709
f 1213/488/709 1261/488/709 1263/487/709
f 1231/580/709 1279/580/709 1281/590/709
f 1204/420/710 1206/443/710 1254/443/710
f 1222/525/710 1224/548/710 1272/548/710
f 1207/451/709 1205/441/709 1253/441/709
f 1225/558/709 1223/534/709 1271/534/709
f 1198/385/710 1246/385/710 1244/386/710
f 1214/491/710 1216/489/710 1264/489/710
f 1232/592/710 1234/591/710 1282/591/710
f 1197/396/709 1245/396/709 1247/407/709
f 1215/487/709 1263/487/709 1265/504/709
f 1235/603/709 1233/590/709 1281/590/709
f 1189/347/709 1237/347/709 1238/363/709
f 1208/442/710 1256/442/710 1254/443/710
f 1226/547/710 1274/547/710 1272/548/710
f 1207/451/709 1255/451/709 1257/463/709
f 1225/558/709 1273/558/709 1275/569/709
f 1198/385/710 1200/397/710 1248/397/710
f 1216/489/710 1218/505/710 1266/505/710
f 1236/604/710 1284/604/710 1282/591/710
f 1201/406/709 1199/407/709 1247/407/709
f 1219/524/709 1217/504/709 1265/504/709
f 1087/580/709 1133/581/709 1135/580/709
f 1048/364/710 1098/374/710 1096/364/710
f 1046/348/710 1096/364/710 1095/348/710
f 1065/463/709 1111/451/709 1113/463/709
f 1078/525/710 1124/516/710 1076/516/710
f 1054/385/710 1104/397/710 1102/385/710
f 1071/487/709 1117/488/709 1119/487/709
f 1084/559/710 1130/547/710 1082/547/710
f 1049/373/709 1094/363/709 1097/373/709
f 1060/420/710 1110/443/710 1108/420/710
f 1077/535/709 1123/524/709 1125/535/709
f 1088/592/710 1138/591/710 1136/592/710
f 1053/396/709 1103/407/709 1055/407/709
f 1066/465/710 1116/464/710 1114/465/710
f 1045/347/709 1094/363/709 1047/363/709
f 1083/569/709 1129/558/709 1131/569/709
f 1059/419/709 1109/441/709 1061/441/709
f 1074/505/710 1120/489/710 1072/489/710
f 1089/590/709 1135/580/709 1137/590/709
f 1092/604/710 1095/348/710 1140/604/710
f 1050/374/710 1100/386/710 1098/374/710
f 1065/463/709 1115/473/709 1067/473/709
f 1080/548/710 1126/525/710 1078/525/710
f 1045/347/709 1139/603/709 1093/347/709
f 1072/489/710 1118/491/710 1070/491/710
f 1059/419/709 1105/406/709 1107/419/709
f 1081/558/709 1127/534/709 1129/558/709
f 1064/442/710 1114/465/710 1112/442/710
f 1051/384/709 1101/396/709 1053/396/709
f 1088/592/710 1134/570/710 1086/570/710
f 1073/504/709 1123/524/709 1075/524/709
f 1060/420/710 1106/408/710 1058/408/710
f 1080/548/710 1130/547/710 1128/548/710
f 1067/473/709 1117/611/709 1069/611/709
f 1052/386/710 1102/385/710 1100/386/710
f 1091/603/709 1137/590/709 1139/603/709
f 1074/505/710 1124/516/710 1122/505/710
f 1061/441/709 1111/451/709 1063/451/709
f 1083/569/709 1133/581/709 1085/581/709
f 1068/464/710 1118/474/710 1116/464/710
f 1057/406/709 1103/407/709 1105/406/709
f 1092/604/710 1138/591/710 1090/591/710
f 1079/534/709 1125/535/709 1127/534/709
f 1062/443/710 1112/442/710 1110/443/710
f 1051/384/709 1097/373/709 1099/384/709
f 1084/559/710 1134/570/710 1132/559/710
f 1073/504/709 1119/487/709 1121/504/709
f 1058/408/710 1104/397/710 1056/397/710
f 1168/489/710 1214/491/710 1166/491/710
f 1148/386/710 1198/385/710 1196/386/710
f 1177/558/709 1223/534/709 1225/558/709
f 1159/451/709 1205/441/709 1207/451/709
f 1176/548/710 1222/525/710 1174/525/710
f 1158/443/710 1204/420/710 1156/420/710
f 1183/580/709 1233/590/709 1185/590/709
f 1167/487/709 1213/488/709 1215/487/709
f 1147/384/709 1197/396/709 1149/396/709
f 1182/570/710 1232/592/710 1230/570/710
f 1166/474/710 1212/464/710 1164/464/710
f 1146/374/710 1196/386/710 1194/374/710
f 1175/534/709 1221/535/709 1223/534/709
f 1157/441/709 1203/419/709 1205/441/709
f 1174/525/710 1220/516/710 1172/516/710
f 1156/420/710 1202/408/710 1154/408/710
f 1181/581/709 1231/580/709 1183/580/709
f 1165/611/709 1211/473/709 1213/611/709
f 1145/373/709 1195/384/709 1147/384/709
f 1180/559/710 1230/570/710 1228/559/710
f 1164/464/710 1210/465/710 1162/465/710
f 1144/364/710 1194/374/710 1192/364/710
f 1173/535/709 1219/524/709 1221/535/709
f 1153/406/709 1203/419/709 1155/419/709
f 1214/474/710 1260/464/710 1212/464/710
f 1194/374/710 1244/386/710 1242/374/710
f 1221/535/709 1271/534/709 1223/534/709
f 1203/419/709 1253/441/709 1205/441/709
f 1220/516/710 1270/525/710 1268/516/710
f 1204/420/710 1250/408/710 1202/408/710
f 1231/580/709 1277/581/709 1279/580/709
f 1213/611/709 1259/473/709 1261/611/709
f 1193/373/709 1243/384/709 1195/384/709
f 1228/559/710 1278/570/710 1276/559/710
f 1210/465/710 1260/464/710 1258/465/710
f 1194/374/710 1240/364/710 1192/364/710
f 1219/524/709 1269/535/709 1221/535/709
f 1203/419/709 1249/406/709 1251/419/709
f 1220/516/710 1266/505/710 1218/505/710
f 1202/408/710 1248/397/710 1200/397/710
f 1227/569/709 1277/581/709 1229/581/709
f 1211/473/709 1257/463/709 1259/473/709
f 1193/373/709 1238/363/709 1241/373/709
f 1191/348/710 1284/604/710 1236/604/710
f 1226/547/710 1276/559/710 1274/547/710
f 1208/442/710 1258/465/710 1256/442/710
f 1191/348/710 1240/364/710 1239/348/710
f 1189/347/709 1283/603/709 1237/347/709
f 1184/592/710 1234/591/710 1232/592/710
f 1149/396/709 1199/407/709 1151/407/709
f 1169/504/709 1215/487/709 1217/504/709
f 1185/590/709 1235/603/709 1187/603/709
f 1141/347/709 1190/363/709 1142/363/709
f 1160/442/710 1206/443/710 1158/443/710
f 1178/547/710 1224/548/710 1176/548/710
f 1161/463/709 1207/451/709 1209/463/709
f 1177/558/709 1227/569/709 1179/569/709
f 1150/385/710 1200/397/710 1198/385/710
f 1170/505/710 1216/489/710 1168/489/710
f 1186/591/710 1236/604/710 1234/591/710
f 1151/407/709 1201/406/709 1153/406/709
f 1171/524/709 1217/504/709 1219/524/709
f 1187/603/709 1189/347/709 1141/347/709
f 1143/348/710 1192/364/710 1191/348/710
f 1162/465/710 1208/442/710 1160/442/710
f 1178/547/710 1228/559/710 1226/547/710
f 1188/604/710 1191/348/710 1236/604/710
f 1142/363/709 1193/373/709 1145/373/709
f 1163/473/709 1209/463/709 1211/473/709
f 1179/569/709 1229/581/709 1181/581/709
f 1152/397/710 1202/408/710 1200/397/710
f 1172/516/710 1218/505/710 1170/505/710
f 1232/592/710 1278/570/710 1230/570/710
f 1197/396/709 1243/384/709 1245/396/709
f 1213/488/709 1263/487/709 1215/487/709
f 1231/580/709 1281/590/709 1233/590/709
f 1204/420/710 1254/443/710 1252/420/710
f 1222/525/710 1272/548/710 1270/525/710
f 1207/451/709 1253/441/709 1255/451/709
f 1225/558/709 1271/534/709 1273/558/709
f 1198/385/710 1244/386/710 1196/386/710
f 1214/491/710 1264/489/710 1262/491/710
f 1232/592/710 1282/591/710 1280/592/710
f 1197/396/709 1247/407/709 1199/407/709
f 1215/487/709 1265/504/709 1217/504/709
f 1235/603/709 1281/590/709 1283/603/709
f 1189/347/709 1238/363/709 1190/363/709
f 1208/442/710 1254/443/710 1206/443/710
f 1226/547/710 1272/548/710 1224/548/710
f 1207/451/709 1257/463/709 1209/463/709
f 1225/558/709 1275/569/709 1227/569/709
f 1198/385/710 1248/397/710 1246/385/710
f 1216/489/710 1266/505/710 1264/489/710
f 1236/604/710 1282/591/710 1234/591/710
f 1201/406/709 1247/407/709 1249/406/709
f 1219/524/709 1265/504/709 1267/524/709
usemtl TiresMatBright
f 720/413/429 709/403/419 710/414/430
f 721/415/431 710/414/430 711/404/420
f 722/416/432 711/404/420 712/405/421
f 712/405/421 713/418/434 724/417/433
f 713/418/434 714/406/422 725/419/435
f 726/420/436 715/408/424 716/421/437
f 716/421/437 717/410/426 728/422/438
f 717/410/426 718/411/427 729/423/439
f 729/423/439 718/411/427 719/412/428
f 730/424/440 719/412/428 709/403/419
f 731/425/441 720/413/429 721/415/431
f 721/415/431 722/416/432 733/426/442
f 733/426/442 722/416/432 723/427/443
f 734/428/444 723/427/443 724/417/433
f 735/429/445 724/417/433 725/419/435
f 726/420/436 727/431/447 738/430/446
f 727/431/447 728/422/438 739/432/448
f 728/422/438 729/423/439 740/433/449
f 729/423/439 730/424/440 741/434/450
f 730/424/440 720/413/429 731/425/441
f 742/435/451 731/425/441 732/436/452
f 743/437/453 732/436/452 733/426/442
f 744/438/454 733/426/442 734/428/444
f 745/439/455 734/428/444 735/429/445
f 746/440/456 735/429/445 736/441/457
f 748/442/458 737/443/459 738/430/446
f 738/430/446 739/432/448 750/444/460
f 739/432/448 740/433/449 751/445/461
f 740/433/449 741/434/450 752/446/462
f 752/446/462 741/434/450 731/425/441
f 742/435/451 743/437/453 754/447/463
f 754/447/463 743/437/453 744/438/454
f 755/448/464 744/438/454 745/439/455
f 756/449/465 745/439/455 746/440/456
f 757/450/466 746/440/456 747/451/467
f 748/442/458 749/453/469 760/452/468
f 749/453/469 750/444/460 761/454/470
f 750/444/460 751/445/461 762/455/471
f 751/445/461 752/446/462 763/456/472
f 763/456/472 752/446/462 742/435/451
f 764/457/473 753/458/474 754/447/463
f 765/459/475 754/447/463 755/448/464
f 766/460/476 755/448/464 756/449/465
f 767/461/477 756/449/465 757/450/466
f 768/462/478 757/450/466 758/463/479
f 770/464/480 759/465/481 760/452/468
f 771/466/482 760/452/468 761/454/470
f 761/454/470 762/455/471 773/467/483
f 762/455/471 763/456/472 774/468/484
f 774/468/484 763/456/472 753/458/474
f 764/457/473 765/459/475 776/469/485
f 776/469/485 765/459/475 766/460/476
f 777/470/486 766/460/476 767/461/477
f 778/471/487 767/461/477 768/462/478
f 779/472/488 768/462/478 769/473/489
f 781/474/490 770/464/480 771/466/482
f 782/475/491 771/466/482 772/476/492
f 772/476/492 773/467/483 784/477/493
f 773/467/483 774/468/484 785/478/494
f 785/478/494 774/468/484 764/457/473
f 786/479/495 775/481/496 776/480/485
f 776/480/485 777/483/486 788/482/497
f 788/482/497 777/483/486 778/484/487
f 778/484/487 779/486/488 790/485/498
f 779/486/488 780/488/500 791/487/499
f 792/489/501 781/491/490 782/490/491
f 793/492/502 782/490/491 783/493/503
f 783/493/503 784/495/493 795/494/504
f 795/494/504 784/495/493 785/496/494
f 796/497/505 785/496/494 775/481/496
f 797/498/506 786/479/495 787/499/507
f 798/500/508 787/499/507 788/482/497
f 799/501/509 788/482/497 789/502/510
f 800/503/511 789/502/510 790/485/498
f 790/485/498 791/487/499 802/504/512
f 803/505/513 792/489/501 793/492/502
f 804/506/514 793/492/502 794/507/515
f 794/507/515 795/494/504 806/508/516
f 795/494/504 796/497/505 807/509/517
f 796/497/505 786/479/495 797/498/506
f 808/510/518 797/498/506 798/500/508
f 809/511/519 798/500/508 799/501/509
f 810/512/520 799/501/509 800/503/511
f 811/513/521 800/503/511 801/514/522
f 812/515/523 801/514/522 802/504/512
f 814/516/524 803/505/513 804/506/514
f 815/517/525 804/506/514 805/518/526
f 805/518/526 806/508/516 817/519/527
f 806/508/516 807/509/517 818/520/528
f 807/509/517 797/498/506 808/510/518
f 819/521/529 808/510/518 809/511/519
f 809/511/519 810/512/520 821/522/530
f 821/522/530 810/512/520 811/513/521
f 811/513/521 812/515/523 823/523/531
f 823/523/531 812/515/523 813/524/532
f 825/525/533 814/516/524 815/517/525
f 826/526/534 815/517/525 816/527/535
f 816/527/535 817/519/527 828/528/536
f 828/528/536 817/519/527 818/520/528
f 818/520/528 808/510/518 819/521/529
f 830/529/537 819/521/529 820/530/538
f 831/531/539 820/530/538 821/522/530
f 821/522/530 822/533/541 833/532/540
f 833/532/540 822/533/541 823/523/531
f 823/523/531 824/535/543 835/534/542
f 825/525/533 826/526/534 837/536/544
f 837/536/544 826/526/534 827/537/545
f 838/538/546 827/537/545 828/528/536
f 828/528/536 829/540/548 840/539/547
f 840/539/547 829/540/548 819/521/529
f 830/529/537 831/531/539 842/541/549
f 831/531/539 832/543/551 843/542/550
f 832/543/551 833/532/540 844/544/552
f 844/544/552 833/532/540 834/545/553
f 845/546/554 834/545/553 835/534/542
f 847/547/555 836/548/556 837/536/544
f 848/549/557 837/536/544 838/538/546
f 849/550/558 838/538/546 839/551/559
f 839/551/559 840/539/547 851/552/560
f 840/539/547 830/529/537 841/553/561
f 720/413/429 710/414/430 721/415/431
f 721/415/431 711/404/420 722/416/432
f 722/416/432 712/405/421 723/427/443
f 712/405/421 724/417/433 723/427/443
f 713/418/434 725/419/435 724/417/433
f 726/420/436 716/421/437 727/431/447
f 716/421/437 728/422/438 727/431/447
f 717/410/426 729/423/439 728/422/438
f 729/423/439 719/412/428 730/424/440
f 730/424/440 709/403/419 720/413/429
f 731/425/441 721/415/431 732/436/452
f 721/415/431 733/426/442 732/436/452
f 733/426/442 723/427/443 734/428/444
f 734/428/444 724/417/433 735/429/445
f 735/429/445 725/419/435 736/441/457
f 726/420/436 738/430/446 737/443/459
f 727/431/447 739/432/448 738/430/446
f 728/422/438 740/433/449 739/432/448
f 729/423/439 741/434/450 740/433/449
f 730/424/440 731/425/441 741/434/450
f 742/435/451 732/436/452 743/437/453
f 743/437/453 733/426/442 744/438/454
f 744/438/454 734/428/444 745/439/455
f 745/439/455 735/429/445 746/440/456
f 746/440/456 736/441/457 747/451/467
f 748/442/458 738/430/446 749/453/469
f 738/430/446 750/444/460 749/453/469
f 739/432/448 751/445/461 750/444/460
f 740/433/449 752/446/462 751/445/461
f 752/446/462 731/425/441 742/435/451
f 742/435/451 754/447/463 753/458/474
f 754/447/463 744/438/454 755/448/464
f 755/448/464 745/439/455 756/449/465
f 756/449/465 746/440/456 757/450/466
f 757/450/466 747/451/467 758/463/479
f 748/442/458 760/452/468 759/465/481
f 749/453/469 761/454/470 760/452/468
f 750/444/460 762/455/471 761/454/470
f 751/445/461 763/456/472 762/455/471
f 763/456/472 742/435/451 753/458/474
f 764/457/473 754/447/463 765/459/475
f 765/459/475 755/448/464 766/460/476
f 766/460/476 756/449/465 767/461/477
f 767/461/477 757/450/466 768/462/478
f 768/462/478 758/463/479 769/473/489
f 770/464/480 760/452/468 771/466/482
f 771/466/482 761/454/470 772/476/492
f 761/454/470 773/467/483 772/476/492
f 762/455/471 774/468/484 773/467/483
f 774/468/484 753/458/474 764/457/473
f 764/457/473 776/469/485 775/675/496
f 776/469/485 766/460/476 777/470/486
f 777/470/486 767/461/477 778/471/487
f 778/471/487 768/462/478 779/472/488
f 779/472/488 769/473/489 780/611/500
f 781/474/490 771/466/482 782/475/491
f 782/475/491 772/476/492 783/676/503
f 772/476/492 784/477/493 783/676/503
f 773/467/483 785/478/494 784/477/493
f 785/478/494 764/457/473 775/675/496
f 786/479/495 776/480/485 787/499/507
f 776/480/485 788/482/497 787/499/507
f 788/482/497 778/484/487 789/502/510
f 778/484/487 790/485/498 789/502/510
f 779/486/488 791/487/499 790/485/498
f 792/489/501 782/490/491 793/492/502
f 793/492/502 783/493/503 794/507/515
f 783/493/503 795/494/504 794/507/515
f 795/494/504 785/496/494 796/497/505
f 796/497/505 775/481/496 786/479/495
f 797/498/506 787/499/507 798/500/508
f 798/500/508 788/482/497 799/501/509
f 799/501/509 789/502/510 800/503/511
f 800/503/511 790/485/498 801/514/522
f 790/485/498 802/504/512 801/514/522
f 803/505/513 793/492/502 804/506/514
f 804/506/514 794/507/515 805/518/526
f 794/507/515 806/508/516 805/518/526
f 795/494/504 807/509/517 806/508/516
f 796/497/505 797/498/506 807/509/517
f 808/510/518 798/500/508 809/511/519
f 809/511/519 799/501/509 810/512/520
f 810/512/520 800/503/511 811/513/521
f 811/513/521 801/514/522 812/515/523
f 812/515/523 802/504/512 813/524/532
f 814/516/524 804/506/514 815/517/525
f 815/517/525 805/518/526 816/527/535
f 805/518/526 817/519/527 816/527/535
f 806/508/516 818/520/528 817/519/527
f 807/509/517 808/510/518 818/520/528
f 819/521/529 809/511/519 820/530/538
f 809/511/519 821/522/530 820/530/538
f 821/522/530 811/513/521 822/533/541
f 811/513/521 823/523/531 822/533/541
f 823/523/531 813/524/532 824/535/543
f 825/525/533 815/517/525 826/526/534
f 826/526/534 816/527/535 827/537/545
f 816/527/535 828/528/536 827/537/545
f 828/528/536 818/520/528 829/540/548
f 818/520/528 819/521/529 829/540/548
f 830/529/537 820/530/538 831/531/539
f 831/531/539 821/522/530 832/543/551
f 821/522/530 833/532/540 832/543/551
f 833/532/540 823/523/531 834/545/553
f 823/523/531 835/534/542 834/545/553
f 825/525/533 837/536/544 836/548/556
f 837/536/544 827/537/545 838/538/546
f 838/538/546 828/528/536 839/551/559
f 828/528/536 840/539/547 839/551/559
f 840/539/547 819/521/529 830/529/537
f 830/529/537 842/541/549 841/553/561
f 831/531/539 843/542/550 842/541/549
f 832/543/551 844/544/552 843/542/550
f 844/544/552 834/545/553 845/546/554
f 845/546/554 835/534/542 846/558/566
f 847/547/555 837/536/544 848/549/557
f 848/549/557 838/538/546 849/550/558
f 849/550/558 839/551/559 850/562/570
f 839/551/559 851/552/560 850/562/570
f 840/539/547 841/553/561 851/552/560
o WheelFR
v -0.798312 0.002808 1.482572
v -0.875951 0.013769 1.482572
v -0.928941 0.043173 1.482572
v -0.940456 0.081684 1.482572
v -0.906842 0.117074 1.482572
v -0.838770 0.138109 1.482572
v -0.757853 0.138109 1.482572
v -0.689781 0.117075 1.482572
v -0.656167 0.081684 1.482572
v -0.667683 0.043173 1.482572
v -0.720672 0.013769 1.482572
v -0.798312 0.014572 1.393216
v -0.875951 0.025160 1.396053
v -0.928941 0.053562 1.403663
v -0.940456 0.090760 1.413630
v -0.906842 0.124945 1.422790
v -0.838770 0.145263 1.428234
v -0.757853 0.145263 1.428234
v -0.689781 0.124945 1.422790
v -0.656167 0.090760 1.413630
v -0.667683 0.053562 1.403663
v -0.720672 0.025160 1.396053
v -0.798312 0.049062 1.309949
v -0.875951 0.058555 1.315430
v -0.928941 0.084019 1.330132
v -0.940456 0.117370 1.349387
v -0.906842 0.148020 1.367082
v -0.838770 0.166236 1.377600
v -0.757853 0.166236 1.377600
v -0.689781 0.148020 1.367082
v -0.656167 0.117370 1.349387
v -0.667683 0.084019 1.330132
v -0.720672 0.058555 1.315430
v -0.798312 0.103928 1.238447
v -0.875951 0.111679 1.246197
v -0.928941 0.132470 1.266989
v -0.940456 0.159701 1.294220
v -0.906842 0.184727 1.319245
v -0.838770 0.199600 1.334119
v -0.757853 0.199600 1.334119
v -0.689781 0.184727 1.319245
v -0.656167 0.159702 1.294220
v -0.667683 0.132470 1.266989
v -0.720672 0.111679 1.246197
v -0.798312 0.175431 1.183581
v -0.875951 0.180911 1.193074
v -0.928941 0.195613 1.218538
v -0.940456 0.214868 1.251889
v -0.906842 0.232564 1.282539
v -0.838770 0.243081 1.300755
v -0.757853 0.243081 1.300755
v -0.689781 0.232564 1.282539
v -0.656167 0.214868 1.251889
v -0.667683 0.195613 1.218538
v -0.720672 0.180911 1.193074
v -0.798312 0.258697 1.149091
v -0.875951 0.261534 1.159678
v -0.928941 0.269144 1.188080
v -0.940456 0.279112 1.225279
v -0.906842 0.288271 1.259464
v -0.838770 0.293716 1.279781
v -0.757853 0.293716 1.279781
v -0.689781 0.288271 1.259464
v -0.656167 0.279112 1.225279
v -0.667683 0.269144 1.188080
v -0.720672 0.261534 1.159678
v -0.798312 0.348053 1.137327
v -0.875951 0.348053 1.148288
v -0.928941 0.348053 1.177692
v -0.940456 0.348053 1.216202
v -0.906842 0.348053 1.251593
v -0.838770 0.348053 1.272628
v -0.757853 0.348053 1.272628
v -0.689781 0.348053 1.251593
v -0.656167 0.348053 1.216202
v -0.667683 0.348053 1.177692
v -0.720672 0.348053 1.148288
v -0.798312 0.437409 1.149091
v -0.875951 0.434572 1.159678
v -0.928941 0.426962 1.188080
v -0.940456 0.416995 1.225279
v -0.906842 0.407835 1.259464
v -0.838770 0.402391 1.279781
v -0.757853 0.402391 1.279781
v -0.689781 0.407835 1.259464
v -0.656167 0.416995 1.225279
v -0.667683 0.426962 1.188080
v -0.720672 0.434572 1.159678
v -0.798312 0.520676 1.183581
v -0.875951 0.515195 1.193074
v -0.928941 0.500493 1.218538
v -0.940456 0.481238 1.251889
v -0.906842 0.463542 1.282538
v -0.838770 0.453025 1.300755
v -0.757853 0.453025 1.300755
v -0.689781 0.463542 1.282538
v -0.656167 0.481238 1.251889
v -0.667683 0.500493 1.218538
v -0.720672 0.515195 1.193074
v -0.798312 0.592178 1.238447
v -0.875951 0.584428 1.246198
v -0.928941 0.563636 1.266989
v -0.940456 0.536405 1.294220
v -0.906842 0.511380 1.319245
v -0.838770 0.496506 1.334119
v -0.757853 0.496506 1.334119
v -0.689781 0.511380 1.319245
v -0.656167 0.536405 1.294220
v -0.667683 0.563636 1.266989
v -0.720672 0.584428 1.246198
v -0.798312 0.647044 1.309949
v -0.875951 0.637551 1.315430
v -0.928941 0.612087 1.330132
v -0.940456 0.578736 1.349387
v -0.906842 0.548086 1.367082
v -0.838770 0.529870 1.377600
v -0.757853 0.529870 1.377600
v -0.689781 0.548086 1.367082
v -0.656167 0.578736 1.349387
v -0.667683 0.612087 1.330132
v -0.720672 0.637551 1.315430
v -0.798312 0.681534 1.393216
v -0.875951 0.670946 1.396053
v -0.928941 0.642545 1.403663
v -0.940456 0.605346 1.413630
v -0.906842 0.571161 1.422790
v -0.838770 0.550843 1.428234
v -0.757853 0.550843 1.428234
v -0.689781 0.571161 1.422790
v -0.656167 0.605346 1.413630
v -0.667683 0.642545 1.403663
v -0.720672 0.670946 1.396053
v -0.798312 0.693298 1.482572
v -0.875951 0.682337 1.482572
v -0.928941 0.652933 1.482572
v -0.940456 0.614422 1.482572
v -0.906842 0.579032 1.482572
v -0.838770 0.557997 1.482572
v -0.757853 0.557997 1.482572
v -0.689781 0.579032 1.482572
v -0.656167 0.614422 1.482572
v -0.667683 0.652933 1.482572
v -0.720672 0.682337 1.482572
v -0.798312 0.681534 1.571928
v -0.875951 0.670946 1.569091
v -0.928941 0.642545 1.561481
v -0.940456 0.605346 1.551513
v -0.906842 0.571161 1.542354
v -0.838770 0.550843 1.536909
v -0.757853 0.550843 1.536909
v -0.689781 0.571161 1.542354
v -0.656167 0.605346 1.551513
v -0.667683 0.642545 1.561481
v -0.720672 0.670946 1.569091
v -0.798312 0.647044 1.655194
v -0.875951 0.637551 1.649714
v -0.928941 0.612087 1.635012
v -0.940456 0.578736 1.615757
v -0.906842 0.548086 1.598061
v -0.838770 0.529870 1.587544
v -0.757853 0.529870 1.587544
v -0.689781 0.548086 1.598061
v -0.656167 0.578736 1.615757
v -0.667683 0.612087 1.635012
v -0.720672 0.637551 1.649714
v -0.798312 0.592178 1.726697
v -0.875951 0.584428 1.718946
v -0.928941 0.563636 1.698155
v -0.940456 0.536405 1.670923
v -0.906842 0.511380 1.645898
v -0.838770 0.496506 1.631025
v -0.757853 0.496506 1.631025
v -0.689781 0.511380 1.645898
v -0.656167 0.536405 1.670923
v -0.667683 0.563636 1.698155
v -0.720672 0.584428 1.718946
v -0.798312 0.520676 1.781563
v -0.875951 0.515195 1.772070
v -0.928941 0.500493 1.746606
v -0.940456 0.481238 1.713255
v -0.906842 0.463542 1.682605
v -0.838770 0.453025 1.664389
v -0.757853 0.453025 1.664389
v -0.689781 0.463542 1.682605
v -0.656167 0.481238 1.713255
v -0.667683 0.500493 1.746606
v -0.720672 0.515195 1.772070
v -0.798312 0.437409 1.816053
v -0.875951 0.434572 1.805465
v -0.928941 0.426962 1.777063
v -0.940456 0.416995 1.739865
v -0.906842 0.407835 1.705680
v -0.838770 0.402391 1.685362
v -0.757853 0.402391 1.685362
v -0.689781 0.407835 1.705680
v -0.656167 0.416995 1.739865
v -0.667683 0.426962 1.777063
v -0.720672 0.434572 1.805465
v -0.798312 0.348053 1.827817
v -0.875951 0.348053 1.816856
v -0.928941 0.348053 1.787452
v -0.940456 0.348053 1.748941
v -0.906842 0.348053 1.713550
v -0.838770 0.348053 1.692516
v -0.757853 0.348053 1.692516
v -0.689781 0.348053 1.713550
v -0.656167 0.348053 1.748941
v -0.667683 0.348053 1.787452
v -0.720672 0.348053 1.816856
v -0.798312 0.258697 1.816053
v -0.875951 0.261534 1.805465
v -0.928941 0.269144 1.777063
v -0.940456 0.279112 1.739865
v -0.906842 0.288272 1.705680
v -0.838770 0.293716 1.685362
v -0.757853 0.293716 1.685362
v -0.689781 0.288272 1.705680
v -0.656167 0.279112 1.739865
v -0.667683 0.269144 1.777063
v -0.720672 0.261534 1.805465
v -0.798312 0.175431 1.781563
v -0.875951 0.180911 1.772070
v -0.928941 0.195613 1.746606
v -0.940456 0.214868 1.713254
v -0.906842 0.232564 1.682605
v -0.838770 0.243081 1.664389
v -0.757853 0.243081 1.664389
v -0.689781 0.232564 1.682605
v -0.656167 0.214868 1.713254
v -0.667683 0.195613 1.746606
v -0.720672 0.180911 1.772070
v -0.798312 0.103928 1.726697
v -0.875951 0.111679 1.718946
v -0.928941 0.132470 1.698155
v -0.940456 0.159702 1.670924
v -0.906842 0.184727 1.645898
v -0.838770 0.199600 1.631025
v -0.757853 0.199600 1.631025
v -0.689781 0.184727 1.645898
v -0.656167 0.159702 1.670924
v -0.667683 0.132470 1.698155
v -0.720672 0.111679 1.718946
v -0.798312 0.049062 1.655194
v -0.875951 0.058555 1.649714
v -0.928941 0.084019 1.635012
v -0.940456 0.117370 1.615757
v -0.906842 0.148020 1.598061
v -0.838770 0.166236 1.587544
v -0.757853 0.166236 1.587544
v -0.689781 0.148020 1.598061
v -0.656167 0.117370 1.615757
v -0.667683 0.084019 1.635012
v -0.720672 0.058555 1.649714
v -0.798312 0.014572 1.571928
v -0.875951 0.025160 1.569091
v -0.928941 0.053562 1.561481
v -0.940456 0.090760 1.551513
v -0.906842 0.124945 1.542353
v -0.838770 0.145263 1.536909
v -0.757853 0.145263 1.536909
v -0.689781 0.124945 1.542353
v -0.656167 0.090760 1.551513
v -0.667683 0.053562 1.561481
v -0.720672 0.025160 1.569091
v -0.838770 0.145871 1.482572
v -0.838770 0.152760 1.430243
v -0.757853 0.145871 1.482572
v -0.757853 0.152760 1.430243
v -0.838770 0.172958 1.381481
v -0.757853 0.172958 1.381481
v -0.838770 0.205088 1.339607
v -0.757853 0.205088 1.339607
v -0.838770 0.246962 1.307477
v -0.757853 0.246962 1.307477
v -0.838770 0.295724 1.287279
v -0.757853 0.295724 1.287279
v -0.838770 0.348053 1.280389
v -0.757853 0.348053 1.280389
v -0.838770 0.400382 1.287279
v -0.757853 0.400382 1.287279
v -0.838770 0.449144 1.307477
v -0.757853 0.449144 1.307477
v -0.838770 0.491018 1.339607
v -0.757853 0.491018 1.339607
v -0.838770 0.523148 1.381481
v -0.757853 0.523148 1.381481
v -0.838770 0.543346 1.430243
v -0.757853 0.543346 1.430243
v -0.838770 0.550236 1.482572
v -0.757853 0.550236 1.482572
v -0.838770 0.543346 1.534901
v -0.757853 0.543346 1.534901
v -0.838770 0.523148 1.583663
v -0.757853 0.523148 1.583663
v -0.838770 0.491018 1.625536
v -0.757853 0.491018 1.625536
v -0.838770 0.449144 1.657667
v -0.757853 0.449144 1.657667
v -0.838770 0.400382 1.677865
v -0.757853 0.400382 1.677865
v -0.838770 0.348053 1.684754
v -0.757853 0.348053 1.684754
v -0.838770 0.295725 1.677865
v -0.757853 0.295725 1.677865
v -0.838770 0.246962 1.657667
v -0.757853 0.246962 1.657667
v -0.838770 0.205089 1.625537
v -0.757853 0.205089 1.625537
v -0.838770 0.172958 1.583663
v -0.757853 0.172958 1.583663
v -0.838770 0.152760 1.534900
v -0.757853 0.152760 1.534900
v -0.833749 0.151827 1.482572
v -0.833749 0.158513 1.431785
v -0.762875 0.151827 1.482572
v -0.762875 0.158513 1.431785
v -0.833749 0.178116 1.384459
v -0.762875 0.178116 1.384459
v -0.833749 0.209300 1.343819
v -0.762875 0.209300 1.343819
v -0.833749 0.249940 1.312635
v -0.762875 0.249940 1.312635
v -0.833749 0.297266 1.293032
v -0.762875 0.297266 1.293032
v -0.833749 0.348053 1.286346
v -0.762875 0.348053 1.286346
v -0.833749 0.398840 1.293032
v -0.762875 0.398840 1.293032
v -0.833749 0.446166 1.312635
v -0.762875 0.446166 1.312635
v -0.833749 0.486806 1.343819
v -0.762875 0.486806 1.343819
v -0.833749 0.517990 1.384459
v -0.762875 0.517990 1.384459
v -0.833749 0.537593 1.431785
v -0.762875 0.537593 1.431785
v -0.833749 0.544279 1.482572
v -0.762875 0.544279 1.482572
v -0.833749 0.537593 1.533359
v -0.762875 0.537593 1.533359
v -0.833749 0.517990 1.580685
v -0.762875 0.517990 1.580685
v -0.833749 0.486806 1.621325
v -0.762875 0.486806 1.621325
v -0.833749 0.446166 1.652508
v -0.762875 0.446166 1.652508
v -0.833749 0.398840 1.672112
v -0.762875 0.398840 1.672112
v -0.833749 0.348053 1.678798
v -0.762875 0.348053 1.678798
v -0.833749 0.297266 1.672112
v -0.762875 0.297266 1.672112
v -0.833749 0.249940 1.652508
v -0.762875 0.249940 1.652508
v -0.833749 0.209300 1.621325
v -0.762875 0.209300 1.621325
v -0.833749 0.178116 1.580685
v -0.762875 0.178116 1.580685
v -0.833749 0.158513 1.533359
v -0.762875 0.158513 1.533359
v -0.838770 0.138109 1.482572
v -0.757853 0.138109 1.482572
v -0.838770 0.145263 1.428234
v -0.757853 0.145263 1.428234
v -0.838770 0.166236 1.377600
v -0.757853 0.166236 1.377600
v -0.838770 0.199600 1.334119
v -0.757853 0.199600 1.334119
v -0.838770 0.243081 1.300755
v -0.757853 0.243081 1.300755
v -0.838770 0.293716 1.279781
v -0.757853 0.293716 1.279781
v -0.838770 0.348053 1.272628
v -0.757853 0.348053 1.272628
v -0.838770 0.402391 1.279781
v -0.757853 0.402391 1.279781
v -0.838770 0.453025 1.300755
v -0.757853 0.453025 1.300755
v -0.838770 0.496506 1.334119
v -0.757853 0.496506 1.334119
v -0.838770 0.529870 1.377600
v -0.757853 0.529870 1.377600
v -0.838770 0.550843 1.428234
v -0.757853 0.550843 1.428234
v -0.838770 0.557997 1.482572
v -0.757853 0.557997 1.482572
v -0.838770 0.550843 1.536909
v -0.757853 0.550843 1.536909
v -0.838770 0.529870 1.587544
v -0.757853 0.529870 1.587544
v -0.838770 0.496506 1.631024
v -0.757853 0.496506 1.631024
v -0.838770 0.453025 1.664389
v -0.757853 0.453025 1.664389
v -0.838770 0.402391 1.685362
v -0.757853 0.402391 1.685362
v -0.838770 0.348053 1.692516
v -0.757853 0.348053 1.692516
v -0.838770 0.293716 1.685362
v -0.757853 0.293716 1.685362
v -0.838770 0.243081 1.664389
v -0.757853 0.243081 1.664389
v -0.838770 0.199600 1.631025
v -0.757853 0.199600 1.631025
v -0.838770 0.166236 1.587544
v -0.757853 0.166236 1.587544
v -0.838770 0.145263 1.536909
v -0.757853 0.145263 1.536909
v -0.838770 0.145871 1.482572
v -0.838770 0.152760 1.430243
v -0.757853 0.145871 1.482572
v -0.757853 0.152760 1.430243
v -0.838770 0.172958 1.381480
v -0.757853 0.172958 1.381480
v -0.838770 0.205088 1.339607
v -0.757853 0.205088 1.339607
v -0.838770 0.246962 1.307477
v -0.757853 0.246962 1.307477
v -0.838770 0.295724 1.287278
v -0.757853 0.295724 1.287278
v -0.838770 0.348053 1.280389
v -0.757853 0.348053 1.280389
v -0.838770 0.400382 1.287278
v -0.757853 0.400382 1.287278
v -0.838770 0.449144 1.307477
v -0.757853 0.449144 1.307477
v -0.838770 0.491018 1.339607
v -0.757853 0.491018 1.339607
v -0.838770 0.523148 1.381480
v -0.757853 0.523148 1.381480
v -0.838770 0.543346 1.430243
v -0.757853 0.543346 1.430243
v -0.838770 0.550236 1.482572
v -0.757853 0.550236 1.482572
v -0.838770 0.543346 1.534900
v -0.757853 0.543346 1.534900
v -0.838770 0.523148 1.583663
v -0.757853 0.523148 1.583663
v -0.838770 0.491018 1.625536
v -0.757853 0.491018 1.625536
v -0.838770 0.449144 1.657667
v -0.757853 0.449144 1.657667
v -0.838770 0.400382 1.677865
v -0.757853 0.400382 1.677865
v -0.838770 0.348053 1.684754
v -0.757853 0.348053 1.684754
v -0.838770 0.295725 1.677865
v -0.757853 0.295725 1.677865
v -0.838770 0.246962 1.657667
v -0.757853 0.246962 1.657667
v -0.838770 0.205089 1.625536
v -0.757853 0.205089 1.625536
v -0.838770 0.172958 1.583663
v -0.757853 0.172958 1.583663
v -0.838770 0.152760 1.534900
v -0.757853 0.152760 1.534900
v -0.833749 0.151827 1.482572
v -0.833749 0.158513 1.431785
v -0.762875 0.151827 1.482572
v -0.762875 0.158513 1.431785
v -0.833749 0.178116 1.384459
v -0.762875 0.178116 1.384459
v -0.833749 0.209300 1.343819
v -0.762875 0.209300 1.343819
v -0.833749 0.249940 1.312635
v -0.762875 0.249940 1.312635
v -0.833749 0.297266 1.293032
v -0.762875 0.297266 1.293032
v -0.833749 0.348053 1.286346
v -0.762875 0.348053 1.286346
v -0.833749 0.398840 1.293032
v -0.762875 0.398840 1.293032
v -0.833749 0.446166 1.312635
v -0.762875 0.446166 1.312635
v -0.833749 0.486806 1.343819
v -0.762875 0.486806 1.343819
v -0.833749 0.517990 1.384459
v -0.762875 0.517990 1.384459
v -0.833749 0.537593 1.431785
v -0.762875 0.537593 1.431785
v -0.833749 0.544279 1.482572
v -0.762875 0.544279 1.482572
v -0.833749 0.537593 1.533359
v -0.762875 0.537593 1.533359
v -0.833749 0.517990 1.580685
v -0.762875 0.517990 1.580685
v -0.833749 0.486806 1.621324
v -0.762875 0.486806 1.621324
v -0.833749 0.446166 1.652508
v -0.762875 0.446166 1.652508
v -0.833749 0.398840 1.672111
v -0.762875 0.398840 1.672111
v -0.833749 0.348053 1.678798
v -0.762875 0.348053 1.678798
v -0.833749 0.297266 1.672112
v -0.762875 0.297266 1.672112
v -0.833749 0.249940 1.652508
v -0.762875 0.249940 1.652508
v -0.833749 0.209300 1.621325
v -0.762875 0.209300 1.621325
v -0.833749 0.178116 1.580685
v -0.762875 0.178116 1.580685
v -0.833749 0.158513 1.533359
v -0.762875 0.158513 1.533359
v -0.833749 0.280073 1.482573
v -0.833749 0.282390 1.464979
v -0.762875 0.280073 1.482573
v -0.762875 0.282390 1.464979
v -0.833749 0.289181 1.448583
v -0.762875 0.289181 1.448583
v -0.833749 0.299984 1.434504
v -0.762875 0.299984 1.434504
v -0.833749 0.314063 1.423701
v -0.762875 0.314063 1.423701
v -0.833749 0.330458 1.416910
v -0.762875 0.330458 1.416910
v -0.833749 0.348053 1.414594
v -0.762875 0.348053 1.414594
v -0.833749 0.365648 1.416910
v -0.762875 0.365648 1.416910
v -0.833749 0.382043 1.423701
v -0.762875 0.382042 1.423701
v -0.833749 0.396122 1.434505
v -0.762875 0.396122 1.434505
v -0.833749 0.406925 1.448583
v -0.762875 0.406925 1.448583
v -0.833749 0.413716 1.464979
v -0.762875 0.413716 1.464979
v -0.833749 0.416033 1.482573
v -0.762875 0.416033 1.482573
v -0.833749 0.413716 1.500168
v -0.762875 0.413716 1.500168
v -0.833749 0.406925 1.516563
v -0.762875 0.406925 1.516563
v -0.833749 0.396122 1.530642
v -0.762875 0.396122 1.530642
v -0.833749 0.382042 1.541445
v -0.762875 0.382042 1.541445
v -0.833749 0.365648 1.548236
v -0.762875 0.365648 1.548236
v -0.833749 0.348053 1.550553
v -0.762875 0.348053 1.550553
v -0.833749 0.330459 1.548236
v -0.762875 0.330459 1.548236
v -0.833749 0.314063 1.541445
v -0.762875 0.314063 1.541445
v -0.833749 0.299984 1.530642
v -0.762875 0.299984 1.530642
v -0.833749 0.289181 1.516563
v -0.762875 0.289181 1.516563
v -0.833749 0.282390 1.500167
v -0.762875 0.282390 1.500167
v -0.833749 0.305088 1.482573
v -0.833749 0.306552 1.471453
v -0.762875 0.305088 1.482573
v -0.762875 0.306552 1.471453
v -0.833749 0.310844 1.461091
v -0.762875 0.310844 1.461091
v -0.833749 0.317672 1.452192
v -0.762875 0.317672 1.452192
v -0.833749 0.326571 1.445364
v -0.762875 0.326571 1.445364
v -0.833749 0.336933 1.441072
v -0.762875 0.336933 1.441072
v -0.833749 0.348053 1.439608
v -0.762875 0.348053 1.439608
v -0.833749 0.359173 1.441072
v -0.762875 0.359173 1.441072
v -0.833749 0.369535 1.445364
v -0.762875 0.369535 1.445364
v -0.833749 0.378434 1.452193
v -0.762875 0.378434 1.452193
v -0.833749 0.385262 1.461091
v -0.762875 0.385262 1.461091
v -0.833749 0.389554 1.471453
v -0.762875 0.389554 1.471453
v -0.833749 0.391018 1.482573
v -0.762875 0.391018 1.482573
v -0.833749 0.389554 1.493693
v -0.762875 0.389554 1.493693
v -0.833749 0.385262 1.504055
v -0.762875 0.385262 1.504055
v -0.833749 0.378434 1.512954
v -0.762875 0.378434 1.512954
v -0.833749 0.369535 1.519782
v -0.762875 0.369535 1.519782
v -0.833749 0.359174 1.524074
v -0.762875 0.359174 1.524074
v -0.833749 0.348053 1.525538
v -0.762875 0.348053 1.525538
v -0.833749 0.336933 1.524074
v -0.762875 0.336933 1.524074
v -0.833749 0.326571 1.519782
v -0.762875 0.326571 1.519782
v -0.833749 0.317672 1.512954
v -0.762875 0.317672 1.512954
v -0.833749 0.310844 1.504056
v -0.762875 0.310844 1.504056
v -0.833749 0.306552 1.493693
v -0.762875 0.306552 1.493693
v -0.741928 0.225632 1.483515
v -0.721968 0.243981 1.544946
v -0.677336 0.243982 1.483515
v -0.721968 0.243981 1.422085
v -0.794184 0.243981 1.521481
v -0.794184 0.243981 1.445549
v -0.830832 0.293548 1.418924
v -0.774225 0.283901 1.384118
v -0.846440 0.283901 1.483515
v -0.830832 0.293548 1.548107
v -0.858777 0.348494 1.521481
v -0.858777 0.348494 1.445549
v -0.851819 0.403440 1.483515
v -0.826480 0.413087 1.422085
v -0.814144 0.348494 1.384118
v -0.775886 0.403441 1.379003
v -0.741928 0.348494 1.360653
v -0.707970 0.293548 1.379003
v -0.709631 0.413088 1.384118
v -0.669711 0.348494 1.384118
v -0.653024 0.403441 1.418924
v -0.625079 0.348494 1.445549
v -0.657376 0.283901 1.422085
v -0.632037 0.293549 1.483515
v -0.657376 0.283901 1.544946
v -0.625079 0.348494 1.521481
v -0.653024 0.403441 1.548107
v -0.637416 0.413087 1.483515
v -0.669711 0.348494 1.582913
v -0.707970 0.293548 1.588028
v -0.709631 0.413088 1.582912
v -0.741928 0.348494 1.606377
v -0.775886 0.403441 1.588028
v -0.814144 0.348494 1.582913
v -0.774225 0.283901 1.582912
v -0.826480 0.413087 1.544946
v -0.761888 0.453007 1.544946
v -0.806520 0.453007 1.483515
v -0.741928 0.471356 1.483515
v -0.761888 0.453007 1.422085
v -0.689672 0.453007 1.445549
v -0.689672 0.453007 1.521481
vn -0.0000 -0.9659 -0.2588
vn -0.2880 -0.9576 -0.0000
vn -0.0000 -1.0000 -0.0000
vn -0.2880 -0.9250 -0.2479
vn -0.7060 -0.7082 -0.0000
vn -0.7060 -0.6841 -0.1833
vn -0.9702 0.2422 -0.0000
vn -0.9702 0.2339 0.0627
vn -0.4989 0.8667 -0.0000
vn -0.4989 0.8371 0.2243
vn -0.2952 0.9554 -0.0000
vn 0.2952 0.9229 0.2473
vn 0.4989 0.8667 -0.0000
vn 0.2952 0.9554 -0.0000
vn 0.4989 0.8371 0.2243
vn 0.9702 0.2422 -0.0000
vn 0.7060 -0.6841 -0.1833
vn 0.7060 -0.7082 -0.0000
vn 0.2880 -0.9576 -0.0000
vn 0.2880 -0.9250 -0.2479
vn -0.2880 -0.8293 -0.4788
vn -0.7060 -0.6133 -0.3541
vn -0.4989 0.7505 0.4333
vn -0.2952 0.9229 0.2473
vn 0.2952 0.8274 0.4777
vn 0.4989 0.7505 0.4333
vn 0.9702 0.2339 0.0627
vn 0.9702 0.2098 0.1211
vn 0.7060 -0.6133 -0.3541
vn -0.0000 -0.8660 -0.5000
vn -0.2880 -0.6772 -0.6772
vn -0.9702 0.1713 0.1713
vn -0.9702 0.2098 0.1211
vn -0.4989 0.6128 0.6128
vn -0.2952 0.8274 0.4777
vn 0.2952 0.6756 0.6756
vn 0.4989 0.6128 0.6128
vn 0.9702 0.1713 0.1713
vn 0.2880 -0.6772 -0.6772
vn 0.2880 -0.8293 -0.4788
vn -0.0000 -0.7071 -0.7071
vn -0.2880 -0.4788 -0.8293
vn -0.7060 -0.5008 -0.5008
vn -0.9702 0.1211 0.2098
vn -0.4989 0.4333 0.7505
vn -0.2952 0.6756 0.6756
vn 0.2952 0.4777 0.8274
vn 0.4989 0.4333 0.7505
vn 0.9702 0.1211 0.2098
vn 0.7060 -0.5008 -0.5008
vn 0.7060 -0.3541 -0.6133
vn 0.2880 -0.4788 -0.8293
vn -0.0000 -0.2588 -0.9659
vn -0.0000 -0.5000 -0.8660
vn -0.2880 -0.2479 -0.9250
vn -0.7060 -0.3541 -0.6133
vn -0.7060 -0.1833 -0.6841
vn -0.9702 0.0627 0.2339
vn -0.4989 0.2243 0.8371
vn -0.2952 0.4777 0.8274
vn 0.4989 0.2243 0.8371
vn 0.9702 0.0627 0.2339
vn 0.2880 -0.2479 -0.9250
vn -0.2880 -0.0000 -0.9576
vn -0.7060 -0.0000 -0.7082
vn -0.4989 -0.0000 0.8667
vn -0.2952 -0.0000 0.9554
vn -0.2952 0.2473 0.9229
vn 0.2952 -0.0000 0.9554
vn 0.2952 0.2473 0.9229
vn 0.4989 -0.0000 0.8667
vn 0.9702 -0.0000 0.2422
vn 0.7060 -0.1833 -0.6841
vn 0.7060 -0.0000 -0.7082
vn 0.2880 -0.0000 -0.9576
vn -0.0000 0.2588 -0.9659
vn -0.0000 -0.0000 -1.0000
vn -0.2880 0.2479 -0.9250
vn -0.7060 0.1833 -0.6841
vn -0.9702 -0.0000 0.2422
vn -0.9702 -0.0627 0.2339
vn -0.4989 -0.2243 0.8371
vn 0.4989 -0.2243 0.8371
vn 0.9702 -0.0627 0.2339
vn 0.7060 0.1833 -0.6841
vn 0.2880 0.2479 -0.9250
vn -0.0000 0.5000 -0.8660
vn -0.2880 0.4788 -0.8293
vn -0.7060 0.3541 -0.6133
vn -0.9702 -0.1211 0.2098
vn -0.4989 -0.4333 0.7505
vn -0.2952 -0.2473 0.9229
vn 0.2952 -0.4777 0.8274
vn 0.2952 -0.2473 0.9229
vn 0.9702 -0.1211 0.2098
vn 0.7060 0.3541 -0.6133
vn -0.2880 0.6772 -0.6772
vn -0.7060 0.5008 -0.5008
vn -0.9702 -0.1713 0.1713
vn -0.2952 -0.6756 0.6756
vn -0.2952 -0.4777 0.8274
vn 0.2952 -0.6756 0.6756
vn 0.4989 -0.4333 0.7505
vn 0.4989 -0.6128 0.6128
vn 0.7060 0.5008 -0.5008
vn 0.2880 0.6772 -0.6772
vn 0.2880 0.4788 -0.8293
vn -0.0000 0.7071 -0.7071
vn -0.2880 0.8293 -0.4788
vn -0.9702 -0.2098 0.1211
vn -0.4989 -0.6128 0.6128
vn -0.4989 -0.7505 0.4333
vn 0.4989 -0.7505 0.4333
vn 0.9702 -0.1713 0.1713
vn 0.9702 -0.2098 0.1211
vn 0.2880 0.8293 -0.4788
vn -0.0000 0.8660 -0.5000
vn -0.2880 0.9250 -0.2479
vn -0.7060 0.6133 -0.3541
vn -0.9702 -0.2339 0.0627
vn -0.4989 -0.8371 0.2243
vn -0.2952 -0.8274 0.4777
vn 0.2952 -0.9229 0.2473
vn 0.2952 -0.8274 0.4777
vn 0.9702 -0.2339 0.0627
vn 0.7060 0.6133 -0.3541
vn 0.2880 0.9250 -0.2479
vn -0.0000 1.0000 -0.0000
vn -0.0000 0.9659 -0.2588
vn -0.2880 0.9576 -0.0000
vn -0.7060 0.6841 -0.1833
vn -0.7060 0.7082 -0.0000
vn -0.9702 -0.2422 -0.0000
vn -0.4989 -0.8667 -0.0000
vn -0.2952 -0.9229 0.2473
vn 0.4989 -0.8667 -0.0000
vn 0.4989 -0.8371 0.2243
vn 0.9702 -0.2422 -0.0000
vn 0.7060 0.6841 -0.1833
vn 0.2880 0.9576 -0.0000
vn -0.0000 0.9659 0.2588
vn -0.7060 0.6841 0.1833
vn -0.9702 -0.2339 -0.0627
vn -0.4989 -0.8371 -0.2243
vn -0.2952 -0.9554 -0.0000
vn 0.2952 -0.9554 -0.0000
vn 0.4989 -0.8371 -0.2243
vn 0.9702 -0.2339 -0.0627
vn 0.7060 0.7082 -0.0000
vn 0.2880 0.9250 0.2479
vn -0.0000 0.8660 0.5000
vn -0.2880 0.9250 0.2479
vn -0.2880 0.8293 0.4788
vn -0.7060 0.6133 0.3541
vn -0.9702 -0.2098 -0.1211
vn -0.2952 -0.8274 -0.4777
vn -0.2952 -0.9229 -0.2473
vn 0.2952 -0.8274 -0.4777
vn 0.2952 -0.9229 -0.2473
vn 0.4989 -0.7505 -0.4333
vn 0.7060 0.6133 0.3541
vn 0.7060 0.6841 0.1833
vn 0.2880 0.8293 0.4788
vn -0.0000 0.7071 0.7071
vn -0.2880 0.6772 0.6772
vn -0.9702 -0.1713 -0.1713
vn -0.4989 -0.6128 -0.6128
vn -0.4989 -0.7505 -0.4333
vn 0.4989 -0.6128 -0.6128
vn 0.9702 -0.2098 -0.1211
vn 0.9702 -0.1713 -0.1713
vn 0.7060 0.5008 0.5008
vn -0.0000 0.5000 0.8660
vn -0.7060 0.3541 0.6133
vn -0.7060 0.5008 0.5008
vn -0.9702 -0.1211 -0.2098
vn -0.4989 -0.4333 -0.7505
vn -0.2952 -0.6756 -0.6756
vn 0.2952 -0.4777 -0.8274
vn 0.2952 -0.6756 -0.6756
vn 0.4989 -0.4333 -0.7505
vn 0.9702 -0.1211 -0.2098
vn 0.7060 0.3541 0.6133
vn 0.2880 0.6772 0.6772
vn -0.2880 0.2479 0.9250
vn -0.2880 0.4788 0.8293
vn -0.9702 -0.0627 -0.2339
vn -0.4989 -0.2243 -0.8371
vn -0.2952 -0.4777 -0.8274
vn 0.2952 -0.2473 -0.9229
vn 0.4989 -0.2243 -0.8371
vn 0.9702 -0.0627 -0.2339
vn 0.2880 0.2479 0.9250
vn 0.2880 0.4788 0.8293
vn -0.0000 -0.0000 1.0000
vn -0.0000 0.2588 0.9659
vn -0.2880 -0.0000 0.9576
vn -0.7060 0.1833 0.6841
vn -0.7060 -0.0000 0.7082
vn -0.4989 -0.0000 -0.8667
vn -0.2952 -0.2473 -0.9229
vn 0.4989 -0.0000 -0.8667
vn 0.9702 -0.0000 -0.2422
vn 0.7060 0.1833 0.6841
vn 0.7060 -0.0000 0.7082
vn -0.0000 -0.2588 0.9659
vn -0.2880 -0.2479 0.9250
vn -0.7060 -0.1833 0.6841
vn -0.9702 -0.0000 -0.2422
vn -0.9702 0.0627 -0.2339
vn -0.4989 0.2243 -0.8371
vn -0.2952 -0.0000 -0.9554
vn 0.2952 0.2473 -0.9229
vn 0.2952 -0.0000 -0.9554
vn 0.4989 0.2243 -0.8371
vn 0.7060 -0.1833 0.6841
vn 0.2880 -0.0000 0.9576
vn -0.0000 -0.5000 0.8660
vn -0.2880 -0.4788 0.8293
vn -0.9702 0.1211 -0.2098
vn -0.4989 0.4333 -0.7505
vn -0.2952 0.2473 -0.9229
vn 0.4989 0.4333 -0.7505
vn 0.9702 0.1211 -0.2098
vn 0.9702 0.0627 -0.2339
vn 0.7060 -0.3541 0.6133
vn 0.2880 -0.2479 0.9250
vn 0.2880 -0.4788 0.8293
vn -0.0000 -0.7071 0.7071
vn -0.7060 -0.5008 0.5008
vn -0.7060 -0.3541 0.6133
vn -0.9702 0.1713 -0.1713
vn -0.4989 0.6128 -0.6128
vn -0.2952 0.4777 -0.8274
vn 0.2952 0.6756 -0.6756
vn 0.2952 0.4777 -0.8274
vn 0.4989 0.6128 -0.6128
vn 0.7060 -0.5008 0.5008
vn -0.0000 -0.8660 0.5000
vn -0.2880 -0.6772 0.6772
vn -0.2880 -0.8293 0.4788
vn -0.7060 -0.6133 0.3541
vn -0.9702 0.2098 -0.1211
vn -0.4989 0.7505 -0.4333
vn -0.2952 0.6756 -0.6756
vn 0.2952 0.8274 -0.4777
vn 0.4989 0.7505 -0.4333
vn 0.9702 0.1713 -0.1713
vn 0.7060 -0.6133 0.3541
vn 0.2880 -0.6772 0.6772
vn 0.2880 -0.8293 0.4788
vn -0.2880 -0.9250 0.2479
vn -0.7060 -0.6841 0.1833
vn -0.9702 0.2339 -0.0627
vn -0.4989 0.8371 -0.2243
vn -0.2952 0.8274 -0.4777
vn 0.4989 0.8371 -0.2243
vn 0.9702 0.2339 -0.0627
vn 0.9702 0.2098 -0.1211
vn 0.2880 -0.9250 0.2479
vn -0.0000 -0.9659 0.2588
vn -0.2952 0.9229 -0.2473
vn 0.2952 0.9229 -0.2473
vn 0.7060 -0.6841 0.1833
vn -0.7646 -0.0000 0.6446
vn -0.7646 0.1668 0.6226
vn -0.7646 0.4558 -0.4558
vn -0.7646 0.3223 -0.5582
vn 0.7646 -0.6446 -0.0000
vn 0.7646 -0.6226 -0.1668
vn 0.7646 -0.5582 0.3223
vn 0.7646 -0.6226 0.1668
vn 0.7646 0.6226 0.1668
vn 0.7646 0.5582 0.3223
vn 0.7646 -0.3223 -0.5582
vn 0.7646 -0.1668 -0.6226
vn -0.7646 -0.5582 0.3223
vn -0.7646 -0.4558 0.4558
vn -0.7646 0.6226 0.1668
vn -0.7646 0.6446 -0.0000
vn -0.7646 -0.3223 -0.5582
vn -0.7646 -0.4558 -0.4558
vn 0.7646 0.1668 0.6226
vn 0.7646 -0.0000 0.6446
vn 0.7646 0.3223 -0.5582
vn 0.7646 0.4558 -0.4558
vn -0.7646 0.3223 0.5582
vn -0.7646 0.1668 -0.6226
vn 0.7646 -0.4558 0.4558
vn 0.7646 0.6446 -0.0000
vn 0.7646 -0.4558 -0.4558
vn -0.7646 -0.3223 0.5582
vn -0.7646 0.6226 -0.1668
vn -0.7646 -0.5582 -0.3223
vn 0.7646 0.3223 0.5582
vn 0.7646 0.1668 -0.6226
vn -0.7646 0.4558 0.4558
vn -0.7646 -0.0000 -0.6446
vn 0.7646 -0.3223 0.5582
vn 0.7646 0.5582 -0.3223
vn 0.7646 -0.1668 0.6226
vn -0.7646 -0.1668 -0.6226
vn -0.7646 0.5582 0.3223
vn -0.7646 -0.6226 0.1668
vn 0.7646 -0.0000 -0.6446
vn 0.7646 0.4558 0.4558
vn -0.7646 -0.6226 -0.1668
vn -0.7646 -0.6446 -0.0000
vn -0.7646 0.5582 -0.3223
vn -0.7646 -0.1668 0.6226
vn 0.7646 -0.5582 -0.3223
vn 0.7646 0.6226 -0.1668
vn -1.0000 -0.0000 -0.0000
vn 1.0000 -0.0000 -0.0000
vn -0.0038 -1.0000 -0.0000
vn 0.1195 -0.8538 0.5068
vn 0.4663 -0.8846 -0.0000
vn -0.3542 -0.8764 0.3263
vn 0.1195 -0.8538 -0.5068
vn -0.3542 -0.8764 -0.3263
vn -0.8197 -0.5728 -0.0000
vn -0.6803 -0.4764 -0.5569
vn -0.2113 -0.5369 -0.8168
vn -0.6803 -0.4764 0.5569
vn -0.9414 0.0034 0.3371
vn -0.9414 0.0034 -0.3371
vn -0.8770 0.4806 -0.0000
vn -0.6370 0.5643 -0.5252
vn -0.5205 -0.0090 -0.8538
vn -0.2233 0.4482 -0.8656
vn 0.2113 0.5369 -0.8168
vn 0.2233 -0.4482 -0.8656
vn 0.5205 0.0090 -0.8538
vn 0.6370 -0.5643 -0.5252
vn 0.9414 -0.0034 -0.3371
vn 0.6803 0.4764 -0.5569
vn 0.8770 -0.4806 -0.0000
vn 0.6370 -0.5643 0.5252
vn 0.9414 -0.0034 0.3371
vn 0.5205 0.0090 0.8538
vn 0.6803 0.4764 0.5569
vn 0.8197 0.5728 -0.0000
vn 0.2113 0.5369 0.8168
vn 0.2233 -0.4482 0.8656
vn -0.2113 -0.5369 0.8168
vn -0.5205 -0.0090 0.8538
vn -0.2233 0.4482 0.8656
vn -0.6370 0.5643 0.5252
vn -0.1195 0.8538 0.5068
vn -0.4663 0.8846 -0.0000
vn 0.0038 1.0000 -0.0000
vn -0.1195 0.8538 -0.5068
vn 0.3542 0.8764 -0.3263
vn 0.3542 0.8764 0.3263
vt 0.541667 0.545455
vt 0.500000 0.636364
vt 0.500000 0.545455
vt 0.541667 0.636364
vt 0.500000 0.727273
vt 0.541667 0.727273
vt 0.500000 0.818182
vt 0.541667 0.818182
vt 0.500000 0.909091
vt 0.541667 0.909091
vt 0.500000 1.000000
vt 0.541667 0.090909
vt 0.500000 0.181818
vt 0.500000 0.090909
vt 0.541667 0.181818
vt 0.500000 0.272727
vt 0.541667 0.363636
vt 0.500000 0.363636
vt 0.500000 0.454545
vt 0.541667 0.454545
vt 0.583333 0.636364
vt 0.583333 0.727273
vt 0.583333 0.909091
vt 0.541667 1.000000
vt 0.583333 0.090909
vt 0.583333 0.181818
vt 0.541667 0.272727
vt 0.583333 0.272727
vt 0.583333 0.363636
vt 0.583333 0.545455
vt 0.625000 0.636364
vt 0.625000 0.818182
vt 0.583333 0.818182
vt 0.625000 0.909091
vt 0.583333 1.000000
vt 0.625000 0.090909
vt 0.625000 0.181818
vt 0.625000 0.272727
vt 0.625000 0.454545
vt 0.583333 0.454545
vt 0.625000 0.545455
vt 0.666667 0.636364
vt 0.625000 0.727273
vt 0.666667 0.818182
vt 0.666667 0.909091
vt 0.625000 1.000000
vt 0.666667 0.090909
vt 0.666667 0.181818
vt 0.666667 0.272727
vt 0.625000 0.363636
vt 0.666667 0.363636
vt 0.666667 0.454545
vt 0.708333 0.545455
vt 0.666667 0.545455
vt 0.708333 0.636364
vt 0.666667 0.727273
vt 0.708333 0.727273
vt 0.708333 0.818182
vt 0.708333 0.909091
vt 0.666667 1.000000
vt 0.708333 0.181818
vt 0.708333 0.272727
vt 0.708333 0.454545
vt 0.750000 0.636364
vt 0.750000 0.727273
vt 0.750000 0.909091
vt 0.750000 1.000000
vt 0.708333 1.000000
vt 0.750000 0.090909
vt 0.708333 0.090909
vt 0.750000 0.181818
vt 0.750000 0.272727
vt 0.708333 0.363636
vt 0.750000 0.363636
vt 0.750000 0.454545
vt 0.791667 0.545455
vt 0.750000 0.545455
vt 0.791667 0.636364
vt 0.791667 0.727273
vt 0.750000 0.818182
vt 0.791667 0.818182
vt 0.791667 0.909091
vt 0.791667 0.181818
vt 0.791667 0.272727
vt 0.791667 0.363636
vt 0.791667 0.454545
vt 0.833333 0.545455
vt 0.833333 0.636364
vt 0.833333 0.727273
vt 0.833333 0.818182
vt 0.833333 0.909091
vt 0.791667 1.000000
vt 0.833333 0.090909
vt 0.791667 0.090909
vt 0.833333 0.272727
vt 0.833333 0.363636
vt 0.875000 0.636364
vt 0.875000 0.727273
vt 0.875000 0.818182
vt 0.875000 1.000000
vt 0.833333 1.000000
vt 0.875000 0.090909
vt 0.833333 0.181818
vt 0.875000 0.181818
vt 0.875000 0.363636
vt 0.875000 0.454545
vt 0.833333 0.454545
vt 0.875000 0.545455
vt 0.916667 0.636364
vt 0.916667 0.818182
vt 0.875000 0.909091
vt 0.916667 0.909091
vt 0.916667 0.181818
vt 0.875000 0.272727
vt 0.916667 0.272727
vt 0.916667 0.454545
vt 0.916667 0.545455
vt 0.958333 0.636364
vt 0.916667 0.727273
vt 0.958333 0.818182
vt 0.958333 0.909091
vt 0.916667 1.000000
vt 0.958333 0.090909
vt 0.916667 0.090909
vt 0.958333 0.272727
vt 0.916667 0.363636
vt 0.958333 0.454545
vt 1.000000 0.545455
vt 0.958333 0.545455
vt 1.000000 0.636364
vt 0.958333 0.727273
vt 1.000000 0.727273
vt 1.000000 0.818182
vt 1.000000 0.909091
vt 0.958333 1.000000
vt 1.000000 0.181818
vt 0.958333 0.181818
vt 1.000000 0.272727
vt 0.958333 0.363636
vt 1.000000 0.454545
vt 0.041667 0.545455
vt -0.000000 0.636364
vt -0.000000 0.545455
vt 0.041667 0.727273
vt -0.000000 0.727273
vt 0.041667 0.818182
vt -0.000000 0.818182
vt 0.041667 0.909091
vt -0.000000 0.909091
vt -0.000000 1.000000
vt -0.000000 0.090909
vt 0.041667 0.181818
vt -0.000000 0.181818
vt -0.000000 0.272727
vt 0.041667 0.272727
vt -0.000000 0.363636
vt 0.041667 0.454545
vt -0.000000 0.454545
vt 0.083333 0.545455
vt 0.041667 0.636364
vt 0.083333 0.636364
vt 0.083333 0.727273
vt 0.083333 0.818182
vt 0.083333 1.000000
vt 0.041667 1.000000
vt 0.083333 0.090909
vt 0.041667 0.090909
vt 0.083333 0.181818
vt 0.083333 0.363636
vt 0.041667 0.363636
vt 0.083333 0.454545
vt 0.125000 0.545455
vt 0.125000 0.636364
vt 0.125000 0.818182
vt 0.125000 0.909091
vt 0.083333 0.909091
vt 0.125000 0.181818
vt 0.083333 0.272727
vt 0.125000 0.272727
vt 0.125000 0.363636
vt 0.166667 0.545455
vt 0.166667 0.727273
vt 0.125000 0.727273
vt 0.166667 0.818182
vt 0.166667 0.909091
vt 0.125000 1.000000
vt 0.166667 0.090909
vt 0.125000 0.090909
vt 0.166667 0.181818
vt 0.166667 0.272727
vt 0.166667 0.363636
vt 0.125000 0.454545
vt 0.208333 0.636364
vt 0.166667 0.636364
vt 0.208333 0.818182
vt 0.208333 0.909091
vt 0.166667 1.000000
vt 0.208333 0.090909
vt 0.208333 0.181818
vt 0.208333 0.272727
vt 0.208333 0.454545
vt 0.166667 0.454545
vt 0.250000 0.545455
vt 0.208333 0.545455
vt 0.250000 0.636364
vt 0.208333 0.727273
vt 0.250000 0.727273
vt 0.250000 0.909091
vt 0.208333 1.000000
vt 0.250000 0.181818
vt 0.250000 0.272727
vt 0.208333 0.363636
vt 0.250000 0.363636
vt 0.291667 0.545455
vt 0.291667 0.636364
vt 0.291667 0.727273
vt 0.250000 0.818182
vt 0.291667 0.818182
vt 0.291667 0.909091
vt 0.250000 1.000000
vt 0.291667 0.090909
vt 0.250000 0.090909
vt 0.291667 0.181818
vt 0.291667 0.363636
vt 0.250000 0.454545
vt 0.333333 0.545455
vt 0.333333 0.636364
vt 0.333333 0.818182
vt 0.333333 0.909091
vt 0.291667 1.000000
vt 0.333333 0.181818
vt 0.333333 0.272727
vt 0.291667 0.272727
vt 0.333333 0.363636
vt 0.291667 0.454545
vt 0.333333 0.454545
vt 0.375000 0.545455
vt 0.375000 0.727273
vt 0.333333 0.727273
vt 0.375000 0.818182
vt 0.375000 0.909091
vt 0.333333 1.000000
vt 0.375000 0.090909
vt 0.333333 0.090909
vt 0.375000 0.181818
vt 0.375000 0.363636
vt 0.416667 0.545455
vt 0.375000 0.636364
vt 0.416667 0.636364
vt 0.416667 0.727273
vt 0.416667 0.818182
vt 0.416667 0.909091
vt 0.375000 1.000000
vt 0.416667 0.090909
vt 0.416667 0.181818
vt 0.375000 0.272727
vt 0.416667 0.363636
vt 0.375000 0.454545
vt 0.416667 0.454545
vt 0.458333 0.636364
vt 0.458333 0.727273
vt 0.458333 0.818182
vt 0.458333 0.909091
vt 0.416667 1.000000
vt 0.458333 0.181818
vt 0.458333 0.272727
vt 0.416667 0.272727
vt 0.458333 0.454545
vt 0.458333 0.545455
vt 0.458333 1.000000
vt 0.458333 0.090909
vt 0.458333 0.363636
vt 1.000000 0.090909
vt 1.000000 1.000000
vt 0.909091 0.000000
vt 0.954545 0.078731
vt 0.863636 0.078731
vt 0.181819 0.000000
vt 0.227273 0.078731
vt 0.136365 0.078731
vt 0.727273 0.000000
vt 0.772727 0.078731
vt 0.681818 0.078731
vt 0.545455 0.000000
vt 0.590909 0.078731
vt 0.500000 0.078731
vt 0.318182 0.078731
vt 0.363637 0.000000
vt 0.409092 0.078731
vt 0.363637 0.157461
vt 0.454546 0.157461
vt 0.545455 0.157461
vt 0.272728 0.157461
vt 0.318182 0.236191
vt 0.409092 0.236191
vt 0.363637 0.314921
vt 0.454546 0.314921
vt 0.500000 0.236191
vt 0.590909 0.236191
vt 0.545455 0.314921
vt 0.636364 0.314921
vt 0.636364 0.157461
vt 0.681818 0.236191
vt 0.727273 0.157461
vt 0.772727 0.236191
vt 0.727273 0.314921
vt 0.818182 0.157461
vt 0.909091 0.157461
vt 0.863636 0.236191
vt 0.954545 0.236191
vt 0.909091 0.314921
vt 0.818182 0.314921
vt 0.045455 0.236191
vt 0.090910 0.314921
vt 0.000000 0.314921
vt 1.000000 0.157461
vt 0.090910 0.157461
vt 0.136365 0.236191
vt 0.181819 0.157461
vt 0.227273 0.236191
vt 0.181819 0.314921
vt 0.272728 0.314921
vt 0.227273 0.393651
vt 0.318182 0.393651
vt 0.272728 0.472382
vt 0.409092 0.393651
vt 0.500000 0.393651
vt 0.454546 0.472382
vt 0.590909 0.393651
vt 0.681818 0.393651
vt 0.636364 0.472382
vt 0.772727 0.393651
vt 0.863636 0.393651
vt 0.818182 0.472382
vt 0.045455 0.393651
vt 0.136365 0.393651
vt 0.090910 0.472382
vt 1.000000 0.363636
s 1
usemtl TiresMat
f 1296/677/711 1285/679/713 1286/678/712
f 1297/680/714 1286/678/712 1287/681/715
f 1298/682/716 1287/681/715 1288/683/717
f 1299/684/718 1288/683/717 1289/685/719
f 1300/686/720 1289/685/719 1290/687/721
f 1302/688/722 1291/690/724 1292/689/723
f 1303/691/725 1292/689/723 1293/692/726
f 1293/692/726 1294/694/728 1305/693/727
f 1305/693/727 1294/694/728 1295/695/729
f 1306/696/730 1295/695/729 1285/679/713
f 1296/677/711 1297/680/714 1308/697/731
f 1297/680/714 1298/682/716 1309/698/732
f 1309/698/732 1298/682/716 1299/684/718
f 1299/684/718 1300/686/720 1311/699/733
f 1311/699/733 1300/686/720 1301/700/734
f 1313/701/735 1302/688/722 1303/691/725
f 1314/702/736 1303/691/725 1304/703/737
f 1315/704/738 1304/703/737 1305/693/727
f 1316/705/739 1305/693/727 1306/696/730
f 1306/696/730 1296/677/711 1307/706/740
f 1307/706/740 1308/697/731 1319/707/741
f 1319/707/741 1308/697/731 1309/698/732
f 1309/698/732 1310/709/743 1321/708/742
f 1310/709/743 1311/699/733 1322/710/744
f 1322/710/744 1311/699/733 1312/711/745
f 1324/712/746 1313/701/735 1314/702/736
f 1325/713/747 1314/702/736 1315/704/738
f 1326/714/748 1315/704/738 1316/705/739
f 1316/705/739 1317/716/750 1328/715/749
f 1328/715/749 1317/716/750 1307/706/740
f 1318/717/751 1319/707/741 1330/718/752
f 1330/718/752 1319/707/741 1320/719/753
f 1320/719/753 1321/708/742 1332/720/754
f 1321/708/742 1322/710/744 1333/721/755
f 1333/721/755 1322/710/744 1323/722/756
f 1335/723/757 1324/712/746 1325/713/747
f 1336/724/758 1325/713/747 1326/714/748
f 1337/725/759 1326/714/748 1327/726/760
f 1338/727/761 1327/726/760 1328/715/749
f 1339/728/762 1328/715/749 1318/717/751
f 1340/729/763 1329/730/764 1330/718/752
f 1341/731/765 1330/718/752 1331/732/766
f 1342/733/767 1331/732/766 1332/720/754
f 1343/734/768 1332/720/754 1333/721/755
f 1344/735/769 1333/721/755 1334/736/770
f 1335/723/757 1336/724/758 1347/737/771
f 1347/737/771 1336/724/758 1337/725/759
f 1348/738/772 1337/725/759 1338/727/761
f 1338/727/761 1339/728/762 1350/739/773
f 1350/739/773 1339/728/762 1329/730/764
f 1340/729/763 1341/731/765 1352/740/774
f 1352/740/774 1341/731/765 1342/733/767
f 1353/741/775 1342/733/767 1343/734/768
f 1343/734/768 1344/735/769 1355/742/776
f 1344/735/769 1345/744/778 1356/743/777
f 1357/745/779 1346/746/780 1347/737/771
f 1358/747/781 1347/737/771 1348/738/772
f 1359/748/782 1348/738/772 1349/749/783
f 1360/750/784 1349/749/783 1350/739/773
f 1361/751/785 1350/739/773 1340/729/763
f 1494/890/916 1483/879/905 1484/881/907
f 1495/891/917 1484/881/907 1485/883/909
f 1496/892/918 1485/883/909 1486/893/919
f 1497/894/920 1486/893/919 1487/884/910
f 1498/895/921 1487/884/910 1488/896/922
f 1500/897/923 1489/898/924 1490/886/912
f 1501/899/925 1490/886/912 1491/887/913
f 1491/887/913 1492/889/915 1503/900/926
f 1503/900/926 1492/889/915 1493/901/927
f 1493/901/927 1483/879/905 1494/890/916
f 1505/902/928 1494/890/916 1495/891/917
f 1506/903/929 1495/891/917 1496/892/918
f 1496/892/918 1497/894/920 1508/904/930
f 1508/904/930 1497/894/920 1498/895/921
f 1509/905/931 1498/895/921 1499/906/932
f 1500/897/923 1501/899/925 1512/907/933
f 1501/899/925 1502/909/935 1513/908/934
f 1513/908/934 1502/909/935 1503/900/926
f 1514/910/936 1503/900/926 1504/911/937
f 1515/912/938 1504/911/937 1494/890/916
f 1516/913/939 1505/902/928 1506/903/929
f 1506/903/929 1507/915/941 1518/914/940
f 1518/914/940 1507/915/941 1508/904/930
f 1519/916/942 1508/904/930 1509/905/931
f 1520/917/943 1509/905/931 1510/918/944
f 1522/919/945 1511/920/946 1512/907/933
f 1523/921/947 1512/907/933 1513/908/934
f 1513/908/934 1514/910/936 1525/922/948
f 1525/922/948 1514/910/936 1515/912/938
f 1515/912/938 1505/902/928 1516/913/939
f 1527/923/949 1516/913/939 1517/924/950
f 1528/925/951 1517/924/950 1518/914/940
f 1529/926/952 1518/914/940 1519/916/942
f 1530/927/953 1519/916/942 1520/917/943
f 1531/928/954 1520/917/943 1521/929/955
f 1533/930/956 1522/919/945 1523/921/947
f 1534/931/957 1523/921/947 1524/932/958
f 1524/932/958 1525/922/948 1536/933/959
f 1536/933/959 1525/922/948 1526/934/960
f 1537/935/961 1526/934/960 1516/913/939
f 1527/923/949 1528/925/951 1539/936/962
f 1539/936/962 1528/925/951 1529/926/952
f 1540/937/963 1529/926/952 1530/927/953
f 1541/938/964 1530/927/953 1531/928/954
f 1542/939/965 1531/928/954 1532/940/966
f 1533/930/956 1534/931/957 1545/941/967
f 1534/931/957 1535/943/969 1546/942/968
f 1546/942/968 1535/943/969 1536/933/959
f 1536/933/959 1537/935/961 1548/944/970
f 1548/944/970 1537/935/961 1527/923/949
f 1285/679/713 1538/945/971 1539/936/962
f 1286/678/712 1539/936/962 1540/937/963
f 1540/937/963 1541/938/964 1288/683/717
f 1288/683/717 1541/938/964 1542/939/965
f 1542/939/965 1543/946/972 1290/687/721
f 1291/690/724 1544/947/973 1545/941/967
f 1292/689/723 1545/941/967 1546/942/968
f 1293/692/726 1546/942/968 1547/948/974
f 1547/948/974 1548/944/970 1295/695/729
f 1295/695/729 1548/944/970 1538/945/971
f 1634/898/975 1586/898/975 1584/874/976
f 1568/778/977 1566/769/978 1614/769/978
f 1597/687/979 1549/687/979 1550/700/980
f 1593/940/981 1595/946/982 1643/946/982
f 1575/841/983 1577/840/984 1625/840/984
f 1605/736/985 1557/736/985 1559/744/986
f 1642/930/987 1594/930/987 1592/919/988
f 1624/843/989 1576/843/989 1574/827/990
f 1606/723/991 1558/723/991 1556/712/992
f 1631/885/993 1583/885/993 1585/896/994
f 1613/777/995 1565/777/995 1567/776/996
f 1632/874/976 1584/874/976 1582/863/997
f 1614/769/978 1566/769/978 1564/770/998
f 1591/929/999 1593/940/981 1641/940/981
f 1621/826/1000 1573/826/1000 1575/841/983
f 1603/722/1001 1555/722/1001 1557/736/985
f 1640/919/988 1592/919/988 1590/920/1002
f 1622/949/990 1574/949/990 1572/799/1003
f 1556/712/992 1554/701/1004 1602/701/1004
f 1629/873/1005 1581/873/1005 1583/885/993
f 1611/768/1006 1563/768/1006 1565/777/995
f 1630/863/997 1582/863/997 1580/864/1007
f 1612/770/998 1564/770/998 1562/745/1008
f 1637/918/1009 1589/918/1009 1591/929/999
f 1615/776/996 1567/776/996 1569/798/1010
f 1633/896/994 1585/896/994 1587/906/1011
f 1560/746/1012 1558/723/991 1606/723/991
f 1626/842/1013 1578/842/1013 1576/843/989
f 1644/947/1014 1596/947/1014 1594/930/987
f 1607/744/986 1559/744/986 1561/743/1015
f 1625/840/984 1577/840/984 1579/862/1016
f 1595/946/982 1549/687/979 1597/687/979
f 1600/688/1017 1552/688/1017 1551/690/1018
f 1618/800/1019 1570/800/1019 1568/778/977
f 1636/897/1020 1588/897/1020 1586/898/975
f 1599/690/1018 1551/690/1018 1596/947/1014
f 1598/700/980 1550/700/980 1553/711/1021
f 1617/798/1010 1569/798/1010 1571/811/1022
f 1587/906/1011 1589/918/1009 1637/918/1009
f 1610/745/1008 1562/745/1008 1560/746/1012
f 1580/864/1007 1578/842/1013 1626/842/1013
f 1561/743/1015 1563/768/1006 1611/768/1006
f 1579/862/1016 1581/873/1005 1629/873/1005
f 1602/701/1004 1554/701/1004 1552/688/1017
f 1572/799/1003 1570/800/1019 1618/800/1019
f 1590/920/1002 1588/897/1020 1636/897/1020
f 1601/711/1021 1553/711/1021 1555/722/1001
f 1619/811/1022 1571/811/1022 1573/950/1000
f 1296/677/711 1286/678/712 1297/680/714
f 1297/680/714 1287/681/715 1298/682/716
f 1298/682/716 1288/683/717 1299/684/718
f 1299/684/718 1289/685/719 1300/686/720
f 1300/686/720 1290/687/721 1301/700/734
f 1302/688/722 1292/689/723 1303/691/725
f 1303/691/725 1293/692/726 1304/703/737
f 1293/692/726 1305/693/727 1304/703/737
f 1305/693/727 1295/695/729 1306/696/730
f 1306/696/730 1285/679/713 1296/677/711
f 1296/677/711 1308/697/731 1307/706/740
f 1297/680/714 1309/698/732 1308/697/731
f 1309/698/732 1299/684/718 1310/709/743
f 1299/684/718 1311/699/733 1310/709/743
f 1311/699/733 1301/700/734 1312/711/745
f 1313/701/735 1303/691/725 1314/702/736
f 1314/702/736 1304/703/737 1315/704/738
f 1315/704/738 1305/693/727 1316/705/739
f 1316/705/739 1306/696/730 1317/716/750
f 1306/696/730 1307/706/740 1317/716/750
f 1307/706/740 1319/707/741 1318/717/751
f 1319/707/741 1309/698/732 1320/719/753
f 1309/698/732 1321/708/742 1320/719/753
f 1310/709/743 1322/710/744 1321/708/742
f 1322/710/744 1312/711/745 1323/722/756
f 1324/712/746 1314/702/736 1325/713/747
f 1325/713/747 1315/704/738 1326/714/748
f 1326/714/748 1316/705/739 1327/726/760
f 1316/705/739 1328/715/749 1327/726/760
f 1328/715/749 1307/706/740 1318/717/751
f 1318/717/751 1330/718/752 1329/730/764
f 1330/718/752 1320/719/753 1331/732/766
f 1320/719/753 1332/720/754 1331/732/766
f 1321/708/742 1333/721/755 1332/720/754
f 1333/721/755 1323/722/756 1334/736/770
f 1335/723/757 1325/713/747 1336/724/758
f 1336/724/758 1326/714/748 1337/725/759
f 1337/725/759 1327/726/760 1338/727/761
f 1338/727/761 1328/715/749 1339/728/762
f 1339/728/762 1318/717/751 1329/730/764
f 1340/729/763 1330/718/752 1341/731/765
f 1341/731/765 1331/732/766 1342/733/767
f 1342/733/767 1332/720/754 1343/734/768
f 1343/734/768 1333/721/755 1344/735/769
f 1344/735/769 1334/736/770 1345/744/778
f 1335/723/757 1347/737/771 1346/746/780
f 1347/737/771 1337/725/759 1348/738/772
f 1348/738/772 1338/727/761 1349/749/783
f 1338/727/761 1350/739/773 1349/749/783
f 1350/739/773 1329/730/764 1340/729/763
f 1340/729/763 1352/740/774 1351/753/787
f 1352/740/774 1342/733/767 1353/741/775
f 1353/741/775 1343/734/768 1354/756/790
f 1343/734/768 1355/742/776 1354/756/790
f 1344/735/769 1356/743/777 1355/742/776
f 1357/745/779 1347/737/771 1358/747/781
f 1358/747/781 1348/738/772 1359/748/782
f 1359/748/782 1349/749/783 1360/750/784
f 1360/750/784 1350/739/773 1361/751/785
f 1361/751/785 1340/729/763 1351/753/787
f 1494/890/916 1484/881/907 1495/891/917
f 1495/891/917 1485/883/909 1496/892/918
f 1496/892/918 1486/893/919 1497/894/920
f 1497/894/920 1487/884/910 1498/895/921
f 1498/895/921 1488/896/922 1499/906/932
f 1500/897/923 1490/886/912 1501/899/925
f 1501/899/925 1491/887/913 1502/909/935
f 1491/887/913 1503/900/926 1502/909/935
f 1503/900/926 1493/901/927 1504/911/937
f 1493/901/927 1494/890/916 1504/911/937
f 1505/902/928 1495/891/917 1506/903/929
f 1506/903/929 1496/892/918 1507/915/941
f 1496/892/918 1508/904/930 1507/915/941
f 1508/904/930 1498/895/921 1509/905/931
f 1509/905/931 1499/906/932 1510/918/944
f 1500/897/923 1512/907/933 1511/920/946
f 1501/899/925 1513/908/934 1512/907/933
f 1513/908/934 1503/900/926 1514/910/936
f 1514/910/936 1504/911/937 1515/912/938
f 1515/912/938 1494/890/916 1505/902/928
f 1516/913/939 1506/903/929 1517/924/950
f 1506/903/929 1518/914/940 1517/924/950
f 1518/914/940 1508/904/930 1519/916/942
f 1519/916/942 1509/905/931 1520/917/943
f 1520/917/943 1510/918/944 1521/929/955
f 1522/919/945 1512/907/933 1523/921/947
f 1523/921/947 1513/908/934 1524/932/958
f 1513/908/934 1525/922/948 1524/932/958
f 1525/922/948 1515/912/938 1526/934/960
f 1515/912/938 1516/913/939 1526/934/960
f 1527/923/949 1517/924/950 1528/925/951
f 1528/925/951 1518/914/940 1529/926/952
f 1529/926/952 1519/916/942 1530/927/953
f 1530/927/953 1520/917/943 1531/928/954
f 1531/928/954 1521/929/955 1532/940/966
f 1533/930/956 1523/921/947 1534/931/957
f 1534/931/957 1524/932/958 1535/943/969
f 1524/932/958 1536/933/959 1535/943/969
f 1536/933/959 1526/934/960 1537/935/961
f 1537/935/961 1516/913/939 1527/923/949
f 1527/923/949 1539/936/962 1538/945/971
f 1539/936/962 1529/926/952 1540/937/963
f 1540/937/963 1530/927/953 1541/938/964
f 1541/938/964 1531/928/954 1542/939/965
f 1542/939/965 1532/940/966 1543/946/972
f 1533/930/956 1545/941/967 1544/947/973
f 1534/931/957 1546/942/968 1545/941/967
f 1546/942/968 1536/933/959 1547/948/974
f 1536/933/959 1548/944/970 1547/948/974
f 1548/944/970 1527/923/949 1538/945/971
f 1285/679/713 1539/936/962 1286/678/712
f 1286/678/712 1540/937/963 1287/681/715
f 1540/937/963 1288/683/717 1287/681/715
f 1288/683/717 1542/939/965 1289/685/719
f 1542/939/965 1290/687/721 1289/685/719
f 1291/690/724 1545/941/967 1292/689/723
f 1292/689/723 1546/942/968 1293/692/726
f 1293/692/726 1547/948/974 1294/694/728
f 1547/948/974 1295/695/729 1294/694/728
f 1295/695/729 1538/945/971 1285/679/713
f 1634/898/975 1584/874/976 1632/874/976
f 1568/778/977 1614/769/978 1616/778/977
f 1597/687/979 1550/700/980 1598/700/980
f 1593/940/981 1643/946/982 1641/940/981
f 1575/841/983 1625/840/984 1623/841/983
f 1605/736/985 1559/744/986 1607/744/986
f 1642/930/987 1592/919/988 1640/919/988
f 1624/843/989 1574/827/990 1622/827/990
f 1606/723/991 1556/712/992 1604/712/992
f 1631/885/993 1585/896/994 1633/896/994
f 1613/777/995 1567/776/996 1615/776/996
f 1632/874/976 1582/863/997 1630/863/997
f 1614/769/978 1564/770/998 1612/770/998
f 1591/929/999 1641/940/981 1639/929/999
f 1621/826/1000 1575/841/983 1623/841/983
f 1603/722/1001 1557/736/985 1605/736/985
f 1640/919/988 1590/920/1002 1638/920/1002
f 1622/949/990 1572/799/1003 1620/799/1003
f 1556/712/992 1602/701/1004 1604/712/992
f 1629/873/1005 1583/885/993 1631/885/993
f 1611/768/1006 1565/777/995 1613/777/995
f 1630/863/997 1580/864/1007 1628/864/1007
f 1612/770/998 1562/745/1008 1610/745/1008
f 1637/918/1009 1591/929/999 1639/929/999
f 1615/776/996 1569/798/1010 1617/798/1010
f 1633/896/994 1587/906/1011 1635/906/1011
f 1560/746/1012 1606/723/991 1608/746/1012
f 1626/842/1013 1576/843/989 1624/843/989
f 1644/947/1014 1594/930/987 1642/930/987
f 1607/744/986 1561/743/1015 1609/743/1015
f 1625/840/984 1579/862/1016 1627/862/1016
f 1595/946/982 1597/687/979 1643/946/982
f 1600/688/1017 1551/690/1018 1599/690/1018
f 1618/800/1019 1568/778/977 1616/778/977
f 1636/897/1020 1586/898/975 1634/898/975
f 1599/690/1018 1596/947/1014 1644/947/1014
f 1598/700/980 1553/711/1021 1601/711/1021
f 1617/798/1010 1571/811/1022 1619/811/1022
f 1587/906/1011 1637/918/1009 1635/906/1011
f 1610/745/1008 1560/746/1012 1608/746/1012
f 1580/864/1007 1626/842/1013 1628/864/1007
f 1561/743/1015 1611/768/1006 1609/743/1015
f 1579/862/1016 1629/873/1005 1627/862/1016
f 1602/701/1004 1552/688/1017 1600/688/1017
f 1572/799/1003 1618/800/1019 1620/799/1003
f 1590/920/1002 1636/897/1020 1638/920/1002
f 1601/711/1021 1555/722/1001 1603/722/1001
f 1619/811/1022 1573/950/1000 1621/950/1000
usemtl MotorMat
f 1687/929/1023 1685/918/1023 1733/918/1023
f 1648/688/1024 1650/701/1024 1698/701/1024
f 1646/690/1024 1648/688/1024 1696/688/1024
f 1663/776/1023 1711/776/1023 1713/798/1023
f 1678/863/1024 1726/863/1024 1724/864/1024
f 1654/723/1024 1656/746/1024 1704/746/1024
f 1671/841/1023 1669/826/1023 1717/826/1023
f 1682/898/1024 1684/897/1024 1732/897/1024
f 1649/711/1023 1647/700/1023 1694/700/1023
f 1660/770/1024 1662/769/1024 1710/769/1024
f 1677/873/1023 1675/862/1023 1723/862/1023
f 1690/930/1024 1738/930/1024 1736/919/1024
f 1655/744/1023 1653/736/1023 1701/736/1023
f 1666/800/1024 1668/799/1024 1716/799/1024
f 1647/700/1023 1645/687/1023 1693/687/1023
f 1683/906/1023 1681/896/1023 1729/896/1023
f 1661/777/1023 1659/768/1023 1707/768/1023
f 1672/843/1024 1674/842/1024 1722/842/1024
f 1689/940/1023 1687/929/1023 1735/929/1023
f 1692/947/1024 1646/690/1024 1695/690/1024
f 1652/712/1024 1700/712/1024 1698/701/1024
f 1667/811/1023 1665/798/1023 1713/798/1023
f 1680/874/1024 1728/874/1024 1726/863/1024
f 1691/946/1023 1739/946/1023 1693/687/1023
f 1672/843/1024 1720/843/1024 1718/827/1024
f 1659/768/1023 1657/743/1023 1705/743/1023
f 1679/885/1023 1727/885/1023 1729/896/1023
f 1664/778/1024 1666/800/1024 1714/800/1024
f 1651/722/1023 1699/722/1023 1701/736/1023
f 1686/920/1024 1688/919/1024 1736/919/1024
f 1673/840/1023 1721/840/1023 1723/862/1023
f 1660/770/1024 1708/770/1024 1706/745/1024
f 1680/874/1024 1682/898/1024 1730/898/1024
f 1669/950/1023 1667/811/1023 1715/811/1023
f 1654/723/1024 1702/723/1024 1700/712/1024
f 1691/946/1023 1689/940/1023 1737/940/1023
f 1674/842/1024 1676/864/1024 1724/864/1024
f 1661/777/1023 1709/777/1023 1711/776/1023
f 1683/906/1023 1731/906/1023 1733/918/1023
f 1670/949/1024 1718/949/1024 1716/799/1024
f 1657/743/1023 1655/744/1023 1703/744/1023
f 1690/930/1024 1692/947/1024 1740/947/1024
f 1679/885/1023 1677/873/1023 1725/873/1023
f 1662/769/1024 1664/778/1024 1712/778/1024
f 1651/722/1023 1649/711/1023 1697/711/1023
f 1684/897/1024 1686/920/1024 1734/920/1024
f 1671/841/1023 1719/841/1023 1721/840/1023
f 1656/746/1024 1658/745/1024 1706/745/1024
f 1768/843/1024 1816/843/1024 1814/827/1024
f 1748/712/1024 1750/723/1024 1798/723/1024
f 1777/896/1023 1775/885/1023 1823/885/1023
f 1759/776/1023 1757/777/1023 1805/777/1023
f 1776/874/1024 1824/874/1024 1822/863/1024
f 1758/769/1024 1806/769/1024 1804/770/1024
f 1783/929/1023 1831/929/1023 1833/940/1023
f 1767/841/1023 1765/826/1023 1813/826/1023
f 1747/722/1023 1795/722/1023 1797/736/1023
f 1782/920/1024 1784/919/1024 1832/919/1024
f 1766/949/1024 1814/949/1024 1812/799/1024
f 1746/701/1024 1748/712/1024 1796/712/1024
f 1775/885/1023 1773/873/1023 1821/873/1023
f 1757/777/1023 1755/768/1023 1803/768/1023
f 1774/863/1024 1822/863/1024 1820/864/1024
f 1756/770/1024 1804/770/1024 1802/745/1024
f 1781/918/1023 1829/918/1023 1831/929/1023
f 1765/950/1023 1763/811/1023 1811/811/1023
f 1745/711/1023 1793/711/1023 1795/722/1023
f 1780/897/1024 1782/920/1024 1830/920/1024
f 1764/799/1024 1812/799/1024 1810/800/1024
f 1744/688/1024 1746/701/1024 1794/701/1024
f 1773/873/1023 1771/862/1023 1819/862/1023
f 1755/768/1023 1753/743/1023 1801/743/1023
f 1814/949/1024 1862/949/1024 1860/799/1024
f 1794/701/1024 1796/712/1024 1844/712/1024
f 1821/873/1023 1869/873/1023 1871/885/1023
f 1803/768/1023 1851/768/1023 1853/777/1023
f 1820/864/1024 1822/863/1024 1870/863/1024
f 1802/745/1024 1804/770/1024 1852/770/1024
f 1831/929/1023 1829/918/1023 1877/918/1023
f 1813/950/1023 1811/811/1023 1859/811/1023
f 1793/711/1023 1841/711/1023 1843/722/1023
f 1828/897/1024 1830/920/1024 1878/920/1024
f 1810/800/1024 1812/799/1024 1860/799/1024
f 1794/701/1024 1842/701/1024 1840/688/1024
f 1819/862/1023 1867/862/1023 1869/873/1023
f 1803/768/1023 1801/743/1023 1849/743/1023
f 1820/864/1024 1868/864/1024 1866/842/1024
f 1802/745/1024 1850/745/1024 1848/746/1024
f 1827/906/1023 1875/906/1023 1877/918/1023
f 1811/811/1023 1809/798/1023 1857/798/1023
f 1793/711/1023 1790/700/1023 1838/700/1023
f 1791/690/1024 1839/690/1024 1884/947/1024
f 1826/898/1024 1828/897/1024 1876/897/1024
f 1808/778/1024 1810/800/1024 1858/800/1024
f 1791/690/1024 1792/688/1024 1840/688/1024
f 1789/687/1023 1835/946/1023 1883/946/1023
f 1784/919/1024 1786/930/1024 1834/930/1024
f 1749/736/1023 1797/736/1023 1799/744/1023
f 1769/840/1023 1767/841/1023 1815/841/1023
f 1785/940/1023 1833/940/1023 1835/946/1023
f 1741/687/1023 1789/687/1023 1790/700/1023
f 1760/778/1024 1808/778/1024 1806/769/1024
f 1778/898/1024 1826/898/1024 1824/874/1024
f 1761/798/1023 1759/776/1023 1807/776/1023
f 1777/896/1023 1825/896/1023 1827/906/1023
f 1750/723/1024 1752/746/1024 1800/746/1024
f 1770/842/1024 1818/842/1024 1816/843/1024
f 1786/930/1024 1788/947/1024 1836/947/1024
f 1751/744/1023 1799/744/1023 1801/743/1023
f 1771/862/1023 1769/840/1023 1817/840/1023
f 1787/946/1023 1835/946/1023 1789/687/1023
f 1743/690/1024 1744/688/1024 1792/688/1024
f 1762/800/1024 1810/800/1024 1808/778/1024
f 1778/898/1024 1780/897/1024 1828/897/1024
f 1788/947/1024 1743/690/1024 1791/690/1024
f 1742/700/1023 1790/700/1023 1793/711/1023
f 1763/811/1023 1761/798/1023 1809/798/1023
f 1779/906/1023 1827/906/1023 1829/918/1023
f 1752/746/1024 1754/745/1024 1802/745/1024
f 1772/864/1024 1820/864/1024 1818/842/1024
f 1832/919/1024 1880/919/1024 1878/920/1024
f 1797/736/1023 1795/722/1023 1843/722/1023
f 1813/826/1023 1861/826/1023 1863/841/1023
f 1831/929/1023 1879/929/1023 1881/940/1023
f 1804/770/1024 1806/769/1024 1854/769/1024
f 1822/863/1024 1824/874/1024 1872/874/1024
f 1807/776/1023 1805/777/1023 1853/777/1023
f 1825/896/1023 1823/885/1023 1871/885/1023
f 1798/723/1024 1846/723/1024 1844/712/1024
f 1814/827/1024 1816/843/1024 1864/843/1024
f 1832/919/1024 1834/930/1024 1882/930/1024
f 1797/736/1023 1845/736/1023 1847/744/1023
f 1817/840/1023 1815/841/1023 1863/841/1023
f 1835/946/1023 1833/940/1023 1881/940/1023
f 1789/687/1023 1837/687/1023 1838/700/1023
f 1808/778/1024 1856/778/1024 1854/769/1024
f 1826/898/1024 1874/898/1024 1872/874/1024
f 1807/776/1023 1855/776/1023 1857/798/1023
f 1825/896/1023 1873/896/1023 1875/906/1023
f 1798/723/1024 1800/746/1024 1848/746/1024
f 1816/843/1024 1818/842/1024 1866/842/1024
f 1836/947/1024 1884/947/1024 1882/930/1024
f 1801/743/1023 1799/744/1023 1847/744/1023
f 1819/862/1023 1817/840/1023 1865/840/1023
f 1687/929/1023 1733/918/1023 1735/929/1023
f 1648/688/1024 1698/701/1024 1696/688/1024
f 1646/690/1024 1696/688/1024 1695/690/1024
f 1663/776/1023 1713/798/1023 1665/798/1023
f 1678/863/1024 1724/864/1024 1676/864/1024
f 1654/723/1024 1704/746/1024 1702/723/1024
f 1671/841/1023 1717/826/1023 1719/841/1023
f 1682/898/1024 1732/897/1024 1730/898/1024
f 1649/711/1023 1694/700/1023 1697/711/1023
f 1660/770/1024 1710/769/1024 1708/770/1024
f 1677/873/1023 1723/862/1023 1725/873/1023
f 1690/930/1024 1736/919/1024 1688/919/1024
f 1655/744/1023 1701/736/1023 1703/744/1023
f 1666/800/1024 1716/799/1024 1714/800/1024
f 1647/700/1023 1693/687/1023 1694/700/1023
f 1683/906/1023 1729/896/1023 1731/906/1023
f 1661/777/1023 1707/768/1023 1709/777/1023
f 1672/843/1024 1722/842/1024 1720/843/1024
f 1689/940/1023 1735/929/1023 1737/940/1023
f 1692/947/1024 1695/690/1024 1740/947/1024
f 1652/712/1024 1698/701/1024 1650/701/1024
f 1667/811/1023 1713/798/1023 1715/811/1023
f 1680/874/1024 1726/863/1024 1678/863/1024
f 1691/946/1023 1693/687/1023 1645/687/1023
f 1672/843/1024 1718/827/1024 1670/827/1024
f 1659/768/1023 1705/743/1023 1707/768/1023
f 1679/885/1023 1729/896/1023 1681/896/1023
f 1664/778/1024 1714/800/1024 1712/778/1024
f 1651/722/1023 1701/736/1023 1653/736/1023
f 1686/920/1024 1736/919/1024 1734/920/1024
f 1673/840/1023 1723/862/1023 1675/862/1023
f 1660/770/1024 1706/745/1024 1658/745/1024
f 1680/874/1024 1730/898/1024 1728/874/1024
f 1669/950/1023 1715/811/1023 1717/950/1023
f 1654/723/1024 1700/712/1024 1652/712/1024
f 1691/946/1023 1737/940/1023 1739/946/1023
f 1674/842/1024 1724/864/1024 1722/842/1024
f 1661/777/1023 1711/776/1023 1663/776/1023
f 1683/906/1023 1733/918/1023 1685/918/1023
f 1670/949/1024 1716/799/1024 1668/799/1024
f 1657/743/1023 1703/744/1023 1705/743/1023
f 1690/930/1024 1740/947/1024 1738/930/1024
f 1679/885/1023 1725/873/1023 1727/885/1023
f 1662/769/1024 1712/778/1024 1710/769/1024
f 1651/722/1023 1697/711/1023 1699/722/1023
f 1684/897/1024 1734/920/1024 1732/897/1024
f 1671/841/1023 1721/840/1023 1673/840/1023
f 1656/746/1024 1706/745/1024 1704/746/1024
f 1768/843/1024 1814/827/1024 1766/827/1024
f 1748/712/1024 1798/723/1024 1796/712/1024
f 1777/896/1023 1823/885/1023 1825/896/1023
f 1759/776/1023 1805/777/1023 1807/776/1023
f 1776/874/1024 1822/863/1024 1774/863/1024
f 1758/769/1024 1804/770/1024 1756/770/1024
f 1783/929/1023 1833/940/1023 1785/940/1023
f 1767/841/1023 1813/826/1023 1815/841/1023
f 1747/722/1023 1797/736/1023 1749/736/1023
f 1782/920/1024 1832/919/1024 1830/920/1024
f 1766/949/1024 1812/799/1024 1764/799/1024
f 1746/701/1024 1796/712/1024 1794/701/1024
f 1775/885/1023 1821/873/1023 1823/885/1023
f 1757/777/1023 1803/768/1023 1805/777/1023
f 1774/863/1024 1820/864/1024 1772/864/1024
f 1756/770/1024 1802/745/1024 1754/745/1024
f 1781/918/1023 1831/929/1023 1783/929/1023
f 1765/950/1023 1811/811/1023 1813/950/1023
f 1745/711/1023 1795/722/1023 1747/722/1023
f 1780/897/1024 1830/920/1024 1828/897/1024
f 1764/799/1024 1810/800/1024 1762/800/1024
f 1744/688/1024 1794/701/1024 1792/688/1024
f 1773/873/1023 1819/862/1023 1821/873/1023
f 1755/768/1023 1801/743/1023 1803/768/1023
f 1814/949/1024 1860/799/1024 1812/799/1024
f 1794/701/1024 1844/712/1024 1842/701/1024
f 1821/873/1023 1871/885/1023 1823/885/1023
f 1803/768/1023 1853/777/1023 1805/777/1023
f 1820/864/1024 1870/863/1024 1868/864/1024
f 1802/745/1024 1852/770/1024 1850/745/1024
f 1831/929/1023 1877/918/1023 1879/929/1023
f 1813/950/1023 1859/811/1023 1861/950/1023
f 1793/711/1023 1843/722/1023 1795/722/1023
f 1828/897/1024 1878/920/1024 1876/897/1024
f 1810/800/1024 1860/799/1024 1858/800/1024
f 1794/701/1024 1840/688/1024 1792/688/1024
f 1819/862/1023 1869/873/1023 1821/873/1023
f 1803/768/1023 1849/743/1023 1851/768/1023
f 1820/864/1024 1866/842/1024 1818/842/1024
f 1802/745/1024 1848/746/1024 1800/746/1024
f 1827/906/1023 1877/918/1023 1829/918/1023
f 1811/811/1023 1857/798/1023 1859/811/1023
f 1793/711/1023 1838/700/1023 1841/711/1023
f 1791/690/1024 1884/947/1024 1836/947/1024
f 1826/898/1024 1876/897/1024 1874/898/1024
f 1808/778/1024 1858/800/1024 1856/778/1024
f 1791/690/1024 1840/688/1024 1839/690/1024
f 1789/687/1023 1883/946/1023 1837/687/1023
f 1784/919/1024 1834/930/1024 1832/919/1024
f 1749/736/1023 1799/744/1023 1751/744/1023
f 1769/840/1023 1815/841/1023 1817/840/1023
f 1785/940/1023 1835/946/1023 1787/946/1023
f 1741/687/1023 1790/700/1023 1742/700/1023
f 1760/778/1024 1806/769/1024 1758/769/1024
f 1778/898/1024 1824/874/1024 1776/874/1024
f 1761/798/1023 1807/776/1023 1809/798/1023
f 1777/896/1023 1827/906/1023 1779/906/1023
f 1750/723/1024 1800/746/1024 1798/723/1024
f 1770/842/1024 1816/843/1024 1768/843/1024
f 1786/930/1024 1836/947/1024 1834/930/1024
f 1751/744/1023 1801/743/1023 1753/743/1023
f 1771/862/1023 1817/840/1023 1819/862/1023
f 1787/946/1023 1789/687/1023 1741/687/1023
f 1743/690/1024 1792/688/1024 1791/690/1024
f 1762/800/1024 1808/778/1024 1760/778/1024
f 1778/898/1024 1828/897/1024 1826/898/1024
f 1788/947/1024 1791/690/1024 1836/947/1024
f 1742/700/1023 1793/711/1023 1745/711/1023
f 1763/811/1023 1809/798/1023 1811/811/1023
f 1779/906/1023 1829/918/1023 1781/918/1023
f 1752/746/1024 1802/745/1024 1800/746/1024
f 1772/864/1024 1818/842/1024 1770/842/1024
f 1832/919/1024 1878/920/1024 1830/920/1024
f 1797/736/1023 1843/722/1023 1845/736/1023
f 1813/826/1023 1863/841/1023 1815/841/1023
f 1831/929/1023 1881/940/1023 1833/940/1023
f 1804/770/1024 1854/769/1024 1852/770/1024
f 1822/863/1024 1872/874/1024 1870/863/1024
f 1807/776/1023 1853/777/1023 1855/776/1023
f 1825/896/1023 1871/885/1023 1873/896/1023
f 1798/723/1024 1844/712/1024 1796/712/1024
f 1814/827/1024 1864/843/1024 1862/827/1024
f 1832/919/1024 1882/930/1024 1880/919/1024
f 1797/736/1023 1847/744/1023 1799/744/1023
f 1817/840/1023 1863/841/1023 1865/840/1023
f 1835/946/1023 1881/940/1023 1883/946/1023
f 1789/687/1023 1838/700/1023 1790/700/1023
f 1808/778/1024 1854/769/1024 1806/769/1024
f 1826/898/1024 1872/874/1024 1824/874/1024
f 1807/776/1023 1857/798/1023 1809/798/1023
f 1825/896/1023 1875/906/1023 1827/906/1023
f 1798/723/1024 1848/746/1024 1846/723/1024
f 1816/843/1024 1866/842/1024 1864/843/1024
f 1836/947/1024 1882/930/1024 1834/930/1024
f 1801/743/1023 1847/744/1023 1849/743/1023
f 1819/862/1023 1865/840/1023 1867/862/1023
usemtl Roof
f 1885/951/1025 1887/953/1027 1886/952/1026
f 1885/954/1025 1886/956/1026 1889/955/1028
f 1885/957/1025 1888/959/1029 1887/958/1027
f 1885/960/1025 1890/962/1030 1888/961/1029
f 1889/963/1028 1890/965/1030 1885/964/1025
f 1893/966/1031 1891/967/1032 1890/965/1030
f 1890/962/1030 1891/967/1032 1892/968/1033
f 1890/962/1030 1892/968/1033 1888/961/1029
f 1893/966/1031 1890/965/1030 1889/963/1028
f 1894/969/1034 1895/970/1035 1893/966/1031
f 1894/969/1034 1893/966/1031 1889/963/1028
f 1893/966/1031 1896/971/1036 1891/967/1032
f 1895/970/1035 1896/971/1036 1893/966/1031
f 1895/970/1035 1897/972/1037 1896/971/1036
f 1896/971/1036 1897/972/1037 1898/973/1038
f 1891/967/1032 1896/971/1036 1899/974/1039
f 1896/971/1036 1898/973/1038 1899/974/1039
f 1891/967/1032 1899/974/1039 1892/968/1033
f 1899/974/1039 1900/976/1040 1901/975/787
f 1899/974/1039 1898/973/1038 1900/976/1040
f 1899/974/1039 1901/975/787 1892/968/1033
f 1901/975/787 1900/976/1040 1903/977/1041
f 1892/968/1033 1901/975/787 1902/978/1042
f 1902/978/1042 1901/975/787 1904/979/1043
f 1901/975/787 1903/977/1041 1904/979/1043
f 1902/978/1042 1904/979/1043 1907/980/1044
f 1904/979/1043 1905/982/1046 1906/981/1045
f 1904/979/1043 1903/977/1041 1905/982/1046
f 1904/979/1043 1906/981/1045 1907/980/1044
f 1888/959/1029 1902/978/1042 1907/980/1044
f 1887/958/1027 1907/980/1044 1908/983/1047
f 1907/980/1044 1906/981/1045 1908/983/1047
f 1888/959/1029 1907/980/1044 1887/958/1027
f 1887/953/1027 1908/983/1047 1909/984/1048
f 1908/983/1047 1910/985/1049 1909/984/1048
f 1908/983/1047 1906/981/1045 1910/985/1049
f 1910/985/1049 1911/987/1051 1913/986/1050
f 1910/985/1049 1912/988/1052 1911/987/1051
f 1906/981/1045 1912/988/1052 1910/985/1049
f 1910/985/1049 1913/986/1050 1909/984/1048
f 1913/989/1050 1911/991/1051 1915/990/1053
f 1909/984/1048 1913/986/1050 1914/992/1054
f 1914/993/1054 1913/989/1050 1916/994/905
f 1913/989/1050 1915/990/1053 1916/994/905
f 1914/993/1054 1916/994/905 1919/995/1055
f 1916/994/905 1917/997/1057 1918/996/1056
f 1916/994/905 1915/990/1053 1917/997/1057
f 1916/994/905 1918/996/1056 1919/995/1055
f 1886/956/1026 1914/993/1054 1919/995/1055
f 1889/955/1028 1919/995/1055 1894/969/1034
f 1919/995/1055 1918/996/1056 1894/969/1034
f 1886/956/1026 1919/995/1055 1889/955/1028
f 1918/996/1056 1917/997/1057 1920/998/1058
f 1894/969/1034 1918/996/1056 1895/970/1035
f 1918/996/1056 1920/998/1058 1895/970/1035
f 1917/997/1057 1921/999/1059 1920/998/1058
f 1895/970/1035 1920/998/1058 1897/972/1037
f 1920/998/1058 1922/1000/1060 1897/972/1037
f 1921/999/1059 1922/1000/1060 1920/998/1058
f 1921/999/1059 1923/1001/1061 1922/1000/1060
f 1922/1002/1060 1923/1004/1061 1924/1003/1062
f 1897/972/1037 1922/1002/1060 1898/973/1038
f 1922/1002/1060 1924/1003/1062 1898/973/1038
f 1898/973/1038 1924/1003/1062 1900/976/1040
f 1900/976/1040 1924/1005/1062 1903/977/1041
f 1924/1005/1062 1923/1007/1061 1925/1006/1063
f 1924/1005/1062 1925/1006/1063 1903/977/1041
f 1903/977/1041 1925/1006/1063 1905/982/1046
f 1905/982/1046 1925/1008/1063 1912/988/1052
f 1925/1008/1063 1923/1010/1061 1926/1009/1064
f 1925/1008/1063 1926/1009/1064 1912/988/1052
f 1912/988/1052 1926/1009/1064 1911/987/1051
f 1911/991/1051 1926/1011/1064 1915/990/1053
f 1926/1011/1064 1923/1013/1061 1921/1012/1059
f 1926/1011/1064 1921/1012/1059 1915/990/1053
f 1915/990/1053 1921/1012/1059 1917/997/1057
f 1886/952/1026 1909/984/1048 1914/992/1054
f 1906/981/1045 1905/982/1046 1912/988/1052
f 1887/953/1027 1909/984/1048 1886/952/1026
f 1888/961/1029 1892/968/1033 1902/978/1042
usemtl TiresMatBright
f 1362/752/786 1351/753/787 1352/740/774
f 1363/754/788 1352/740/774 1353/741/775
f 1364/755/789 1353/741/775 1354/756/790
f 1365/757/791 1354/756/790 1355/742/776
f 1366/758/792 1355/742/776 1356/743/777
f 1357/745/779 1358/747/781 1369/759/793
f 1369/759/793 1358/747/781 1359/748/782
f 1370/760/794 1359/748/782 1360/750/784
f 1371/761/795 1360/750/784 1361/751/785
f 1372/762/796 1361/751/785 1351/753/787
f 1373/763/797 1362/752/786 1363/754/788
f 1374/764/798 1363/754/788 1364/755/789
f 1375/765/799 1364/755/789 1365/757/791
f 1376/766/800 1365/757/791 1366/758/792
f 1377/767/801 1366/758/792 1367/768/802
f 1379/769/803 1368/770/804 1369/759/793
f 1369/759/793 1370/760/794 1381/771/805
f 1370/760/794 1371/761/795 1382/772/806
f 1382/772/806 1371/761/795 1372/762/796
f 1372/762/796 1362/752/786 1373/763/797
f 1373/763/797 1374/764/798 1385/773/807
f 1385/773/807 1374/764/798 1375/765/799
f 1386/774/808 1375/765/799 1376/766/800
f 1387/775/809 1376/766/800 1377/767/801
f 1377/767/801 1378/777/811 1389/776/810
f 1390/778/812 1379/769/803 1380/779/813
f 1391/780/814 1380/779/813 1381/771/805
f 1381/771/805 1382/772/806 1393/781/815
f 1382/772/806 1383/783/817 1394/782/816
f 1394/782/816 1383/783/817 1373/763/797
f 1384/784/818 1385/773/807 1396/785/819
f 1396/785/819 1385/773/807 1386/774/808
f 1386/774/808 1387/775/809 1398/786/820
f 1398/786/820 1387/775/809 1388/787/821
f 1399/788/822 1388/787/821 1389/776/810
f 1390/778/812 1391/780/814 1402/789/823
f 1402/789/823 1391/780/814 1392/790/824
f 1403/791/825 1392/790/824 1393/781/815
f 1393/781/815 1394/782/816 1405/792/826
f 1405/792/826 1394/782/816 1384/784/818
f 1395/793/827 1396/785/819 1407/794/828
f 1407/794/828 1396/785/819 1397/795/829
f 1397/795/829 1398/786/820 1409/796/830
f 1409/796/830 1398/786/820 1399/788/822
f 1410/797/831 1399/788/822 1400/798/832
f 1412/799/833 1401/800/834 1402/789/823
f 1402/789/823 1403/791/825 1414/801/835
f 1414/801/835 1403/791/825 1404/802/836
f 1404/802/836 1405/792/826 1416/803/837
f 1416/803/837 1405/792/826 1395/793/827
f 1417/804/838 1406/805/839 1407/794/828
f 1418/806/840 1407/794/828 1408/807/841
f 1419/808/842 1408/807/841 1409/796/830
f 1420/809/843 1409/796/830 1410/797/831
f 1421/810/844 1410/797/831 1411/811/845
f 1412/799/833 1413/813/847 1424/812/846
f 1413/813/847 1414/801/835 1425/814/848
f 1425/814/848 1414/801/835 1415/815/849
f 1415/815/849 1416/803/837 1427/816/850
f 1427/816/850 1416/803/837 1406/805/839
f 1428/817/851 1417/819/838 1418/818/840
f 1418/818/840 1419/821/842 1430/820/852
f 1419/821/842 1420/823/843 1431/822/853
f 1420/823/843 1421/825/844 1432/824/854
f 1432/824/854 1421/825/844 1422/826/855
f 1423/827/856 1424/829/846 1435/828/857
f 1435/828/857 1424/829/846 1425/830/848
f 1436/831/858 1425/830/848 1426/832/859
f 1426/832/859 1427/834/850 1438/833/860
f 1438/833/860 1427/834/850 1417/819/838
f 1439/835/861 1428/817/851 1429/836/862
f 1440/837/863 1429/836/862 1430/820/852
f 1441/838/864 1430/820/852 1431/822/853
f 1442/839/865 1431/822/853 1432/824/854
f 1432/824/854 1433/841/867 1444/840/866
f 1445/842/868 1434/843/869 1435/828/857
f 1446/844/870 1435/828/857 1436/831/858
f 1436/831/858 1437/846/872 1448/845/871
f 1437/846/872 1438/833/860 1449/847/873
f 1438/833/860 1428/817/851 1439/835/861
f 1450/848/874 1439/835/861 1440/837/863
f 1451/849/875 1440/837/863 1441/838/864
f 1441/838/864 1442/839/865 1453/850/876
f 1442/839/865 1443/852/878 1454/851/877
f 1454/851/877 1443/852/878 1444/840/866
f 1445/842/868 1446/844/870 1457/853/879
f 1457/853/879 1446/844/870 1447/854/880
f 1458/855/881 1447/854/880 1448/845/871
f 1459/856/882 1448/845/871 1449/847/873
f 1449/847/873 1439/835/861 1450/848/874
f 1461/857/883 1450/848/874 1451/849/875
f 1451/849/875 1452/859/885 1463/858/884
f 1463/858/884 1452/859/885 1453/850/876
f 1464/860/886 1453/850/876 1454/851/877
f 1465/861/887 1454/851/877 1455/862/888
f 1467/863/889 1456/864/890 1457/853/879
f 1468/865/891 1457/853/879 1458/855/881
f 1469/866/892 1458/855/881 1459/856/882
f 1470/867/893 1459/856/882 1460/868/894
f 1460/868/894 1450/848/874 1461/857/883
f 1461/857/883 1462/870/896 1473/869/895
f 1473/869/895 1462/870/896 1463/858/884
f 1463/858/884 1464/860/886 1475/871/897
f 1464/860/886 1465/861/887 1476/872/898
f 1476/872/898 1465/861/887 1466/873/899
f 1478/874/900 1467/863/889 1468/865/891
f 1479/875/901 1468/865/891 1469/866/892
f 1480/876/902 1469/866/892 1470/867/893
f 1470/867/893 1471/878/904 1482/877/903
f 1482/877/903 1471/878/904 1461/857/883
f 1483/879/905 1472/880/906 1473/869/895
f 1484/881/907 1473/869/895 1474/882/908
f 1485/883/909 1474/882/908 1475/871/897
f 1475/871/897 1476/872/898 1487/884/910
f 1487/884/910 1476/872/898 1477/885/911
f 1478/874/900 1479/875/901 1490/886/912
f 1490/886/912 1479/875/901 1480/876/902
f 1491/887/913 1480/876/902 1481/888/914
f 1492/889/915 1481/888/914 1482/877/903
f 1482/877/903 1472/880/906 1483/879/905
f 1362/752/786 1352/740/774 1363/754/788
f 1363/754/788 1353/741/775 1364/755/789
f 1364/755/789 1354/756/790 1365/757/791
f 1365/757/791 1355/742/776 1366/758/792
f 1366/758/792 1356/743/777 1367/768/802
f 1357/745/779 1369/759/793 1368/770/804
f 1369/759/793 1359/748/782 1370/760/794
f 1370/760/794 1360/750/784 1371/761/795
f 1371/761/795 1361/751/785 1372/762/796
f 1372/762/796 1351/753/787 1362/752/786
f 1373/763/797 1363/754/788 1374/764/798
f 1374/764/798 1364/755/789 1375/765/799
f 1375/765/799 1365/757/791 1376/766/800
f 1376/766/800 1366/758/792 1377/767/801
f 1377/767/801 1367/768/802 1378/777/811
f 1379/769/803 1369/759/793 1380/779/813
f 1369/759/793 1381/771/805 1380/779/813
f 1370/760/794 1382/772/806 1381/771/805
f 1382/772/806 1372/762/796 1383/783/817
f 1372/762/796 1373/763/797 1383/783/817
f 1373/763/797 1385/773/807 1384/784/818
f 1385/773/807 1375/765/799 1386/774/808
f 1386/774/808 1376/766/800 1387/775/809
f 1387/775/809 1377/767/801 1388/787/821
f 1377/767/801 1389/776/810 1388/787/821
f 1390/778/812 1380/779/813 1391/780/814
f 1391/780/814 1381/771/805 1392/790/824
f 1381/771/805 1393/781/815 1392/790/824
f 1382/772/806 1394/782/816 1393/781/815
f 1394/782/816 1373/763/797 1384/784/818
f 1384/784/818 1396/785/819 1395/793/827
f 1396/785/819 1386/774/808 1397/795/829
f 1386/774/808 1398/786/820 1397/795/829
f 1398/786/820 1388/787/821 1399/788/822
f 1399/788/822 1389/776/810 1400/798/832
f 1390/778/812 1402/789/823 1401/800/834
f 1402/789/823 1392/790/824 1403/791/825
f 1403/791/825 1393/781/815 1404/802/836
f 1393/781/815 1405/792/826 1404/802/836
f 1405/792/826 1384/784/818 1395/793/827
f 1395/793/827 1407/794/828 1406/805/839
f 1407/794/828 1397/795/829 1408/807/841
f 1397/795/829 1409/796/830 1408/807/841
f 1409/796/830 1399/788/822 1410/797/831
f 1410/797/831 1400/798/832 1411/811/845
f 1412/799/833 1402/789/823 1413/813/847
f 1402/789/823 1414/801/835 1413/813/847
f 1414/801/835 1404/802/836 1415/815/849
f 1404/802/836 1416/803/837 1415/815/849
f 1416/803/837 1395/793/827 1406/805/839
f 1417/804/838 1407/794/828 1418/806/840
f 1418/806/840 1408/807/841 1419/808/842
f 1419/808/842 1409/796/830 1420/809/843
f 1420/809/843 1410/797/831 1421/810/844
f 1421/810/844 1411/811/845 1422/950/855
f 1412/799/833 1424/812/846 1423/949/856
f 1413/813/847 1425/814/848 1424/812/846
f 1425/814/848 1415/815/849 1426/1014/859
f 1415/815/849 1427/816/850 1426/1014/859
f 1427/816/850 1406/805/839 1417/804/838
f 1428/817/851 1418/818/840 1429/836/862
f 1418/818/840 1430/820/852 1429/836/862
f 1419/821/842 1431/822/853 1430/820/852
f 1420/823/843 1432/824/854 1431/822/853
f 1432/824/854 1422/826/855 1433/841/867
f 1423/827/856 1435/828/857 1434/843/869
f 1435/828/857 1425/830/848 1436/831/858
f 1436/831/858 1426/832/859 1437/846/872
f 1426/832/859 1438/833/860 1437/846/872
f 1438/833/860 1417/819/838 1428/817/851
f 1439/835/861 1429/836/862 1440/837/863
f 1440/837/863 1430/820/852 1441/838/864
f 1441/838/864 1431/822/853 1442/839/865
f 1442/839/865 1432/824/854 1443/852/878
f 1432/824/854 1444/840/866 1443/852/878
f 1445/842/868 1435/828/857 1446/844/870
f 1446/844/870 1436/831/858 1447/854/880
f 1436/831/858 1448/845/871 1447/854/880
f 1437/846/872 1449/847/873 1448/845/871
f 1438/833/860 1439/835/861 1449/847/873
f 1450/848/874 1440/837/863 1451/849/875
f 1451/849/875 1441/838/864 1452/859/885
f 1441/838/864 1453/850/876 1452/859/885
f 1442/839/865 1454/851/877 1453/850/876
f 1454/851/877 1444/840/866 1455/862/888
f 1445/842/868 1457/853/879 1456/864/890
f 1457/853/879 1447/854/880 1458/855/881
f 1458/855/881 1448/845/871 1459/856/882
f 1459/856/882 1449/847/873 1460/868/894
f 1449/847/873 1450/848/874 1460/868/894
f 1461/857/883 1451/849/875 1462/870/896
f 1451/849/875 1463/858/884 1462/870/896
f 1463/858/884 1453/850/876 1464/860/886
f 1464/860/886 1454/851/877 1465/861/887
f 1465/861/887 1455/862/888 1466/873/899
f 1467/863/889 1457/853/879 1468/865/891
f 1468/865/891 1458/855/881 1469/866/892
f 1469/866/892 1459/856/882 1470/867/893
f 1470/867/893 1460/868/894 1471/878/904
f 1460/868/894 1461/857/883 1471/878/904
f 1461/857/883 1473/869/895 1472/880/906
f 1473/869/895 1463/858/884 1474/882/908
f 1463/858/884 1475/871/897 1474/882/908
f 1464/860/886 1476/872/898 1475/871/897
f 1476/872/898 1466/873/899 1477/885/911
f 1478/874/900 1468/865/891 1479/875/901
f 1479/875/901 1469/866/892 1480/876/902
f 1480/876/902 1470/867/893 1481/888/914
f 1470/867/893 1482/877/903 1481/888/914
f 1482/877/903 1461/857/883 1472/880/906
f 1483/879/905 1473/869/895 1484/881/907
f 1484/881/907 1474/882/908 1485/883/909
f 1485/883/909 1475/871/897 1486/893/919
f 1475/871/897 1487/884/910 1486/893/919
f 1487/884/910 1477/885/911 1488/896/922
f 1478/874/900 1490/886/912 1489/898/924
f 1490/886/912 1480/876/902 1491/887/913
f 1491/887/913 1481/888/914 1492/889/915
f 1492/889/915 1482/877/903 1493/901/927
f 1482/877/903 1483/879/905 1493/901/927
o WheelBL
v 0.909949 0.005626 -1.185973
v 1.018842 0.063427 -1.185973
v 1.093163 0.160565 -1.185973
v 1.109315 0.246128 -1.185927
v 1.062169 0.285662 -1.185927
v 0.966694 0.309159 -1.185927
v 0.853204 0.309159 -1.185927
v 0.757729 0.285662 -1.185927
v 0.710583 0.158083 -1.185927
v 0.726735 0.067429 -1.185973
v 0.801055 0.022709 -1.185973
v 0.909949 0.023960 -1.325226
v 1.018842 0.079791 -1.310266
v 1.093163 0.173619 -1.285125
v 1.109314 0.256267 -1.262939
v 1.062169 0.294454 -1.252707
v 0.966694 0.317150 -1.246626
v 0.853204 0.317150 -1.246626
v 0.757729 0.294454 -1.252707
v 0.710583 0.171222 -1.285727
v 0.726735 0.083656 -1.309231
v 0.801055 0.040460 -1.320805
v 0.909949 0.077709 -1.454990
v 1.018842 0.127766 -1.426089
v 1.093163 0.211890 -1.377520
v 1.109314 0.285993 -1.334704
v 1.062169 0.320230 -1.314937
v 0.966694 0.340579 -1.303188
v 0.853204 0.340579 -1.303188
v 0.757729 0.320230 -1.314937
v 0.710583 0.209744 -1.378726
v 0.726735 0.131232 -1.424088
v 0.801055 0.092503 -1.446449
v 0.909949 0.163213 -1.566420
v 1.018842 0.204084 -1.525549
v 1.093163 0.272771 -1.456862
v 1.109314 0.333280 -1.396329
v 1.062169 0.361234 -1.368374
v 0.966694 0.377849 -1.351759
v 0.853204 0.377849 -1.351759
v 0.757729 0.361234 -1.368374
v 0.710583 0.271022 -1.458586
v 0.726735 0.206914 -1.522719
v 0.801055 0.175292 -1.554341
v 0.909949 0.274643 -1.651924
v 1.018842 0.303544 -1.601867
v 1.093163 0.352113 -1.517743
v 1.109314 0.394905 -1.443616
v 1.062169 0.414672 -1.409378
v 0.966694 0.426421 -1.389029
v 0.853204 0.426421 -1.389029
v 0.757729 0.414672 -1.409378
v 0.710583 0.350883 -1.519865
v 0.726735 0.305545 -1.598401
v 0.801055 0.283184 -1.637130
v 0.909949 0.404407 -1.705674
v 1.018842 0.419367 -1.649842
v 1.093163 0.444508 -1.556014
v 1.109314 0.466669 -1.473342
v 1.062169 0.476902 -1.435155
v 0.966694 0.482983 -1.412458
v 0.853204 0.482983 -1.412458
v 0.757729 0.476901 -1.435155
v 0.710583 0.443882 -1.558387
v 0.726735 0.420403 -1.645977
v 0.801055 0.408828 -1.689173
v 0.909949 0.543660 -1.724007
v 1.018842 0.543660 -1.666206
v 1.093163 0.543660 -1.569068
v 1.109314 0.543682 -1.483481
v 1.062169 0.543682 -1.443947
v 0.966694 0.543682 -1.420449
v 0.853204 0.543682 -1.420449
v 0.757729 0.543682 -1.443947
v 0.710583 0.543682 -1.571525
v 0.726735 0.543660 -1.662204
v 0.801055 0.543660 -1.706925
v 0.909949 0.682914 -1.705674
v 1.018842 0.667954 -1.649842
v 1.093163 0.642813 -1.556014
v 1.109314 0.620695 -1.473342
v 1.062169 0.610462 -1.435155
v 0.966694 0.604381 -1.412458
v 0.853204 0.604381 -1.412458
v 0.757729 0.610462 -1.435155
v 0.710583 0.643482 -1.558387
v 0.726735 0.666918 -1.645977
v 0.801055 0.678492 -1.689174
v 0.909949 0.812677 -1.651924
v 1.018842 0.783777 -1.601867
v 1.093163 0.735208 -1.517743
v 1.109314 0.692459 -1.443616
v 1.062169 0.672692 -1.409379
v 0.966694 0.660943 -1.389029
v 0.853204 0.660943 -1.389029
v 0.757729 0.672692 -1.409379
v 0.710583 0.736481 -1.519865
v 0.726735 0.781776 -1.598401
v 0.801055 0.804136 -1.637130
v 0.909949 0.924108 -1.566420
v 1.018842 0.883236 -1.525549
v 1.093163 0.814549 -1.456862
v 1.109314 0.754084 -1.396329
v 1.062169 0.726130 -1.368374
v 0.966694 0.709515 -1.351759
v 0.853204 0.709515 -1.351759
v 0.757729 0.726130 -1.368374
v 0.710583 0.816342 -1.458586
v 0.726735 0.880407 -1.522719
v 0.801055 0.912029 -1.554341
v 0.909949 1.009611 -1.454990
v 1.018842 0.959554 -1.426089
v 1.093163 0.875430 -1.377520
v 1.109314 0.801371 -1.334704
v 1.062169 0.767134 -1.314937
v 0.966694 0.746785 -1.303188
v 0.853204 0.746785 -1.303188
v 0.757729 0.767134 -1.314937
v 0.710583 0.877620 -1.378726
v 0.726735 0.956089 -1.424089
v 0.801055 0.994818 -1.446449
v 0.909949 1.063361 -1.325226
v 1.018842 1.007530 -1.310266
v 1.093163 0.913702 -1.285125
v 1.109314 0.831097 -1.262939
v 1.062169 0.792910 -1.252707
v 0.966694 0.770214 -1.246626
v 0.853204 0.770214 -1.246626
v 0.757729 0.792910 -1.252707
v 0.710583 0.916142 -1.285727
v 0.726735 1.003665 -1.309230
v 0.801055 1.046861 -1.320805
v 0.909949 1.081694 -1.185973
v 1.018842 1.023893 -1.185973
v 1.093163 0.926755 -1.185973
v 1.109314 0.841236 -1.185927
v 1.062169 0.801702 -1.185927
v 0.966694 0.778205 -1.185927
v 0.853204 0.778205 -1.185927
v 0.757729 0.801702 -1.185927
v 0.710583 0.929281 -1.185927
v 0.726735 1.019892 -1.185973
v 0.801055 1.064612 -1.185973
v 0.909949 1.063361 -1.046719
v 1.018842 1.007530 -1.061679
v 1.093163 0.913702 -1.086821
v 1.109314 0.831097 -1.108914
v 1.062169 0.792910 -1.119146
v 0.966694 0.770214 -1.125228
v 0.853204 0.770214 -1.125228
v 0.757729 0.792910 -1.119146
v 0.710583 0.916142 -1.086126
v 0.726735 1.003665 -1.062715
v 0.801055 1.046861 -1.051141
v 0.909949 1.009611 -0.916956
v 1.018842 0.959554 -0.945856
v 1.093163 0.875430 -0.994425
v 1.109314 0.801371 -1.037150
v 1.062169 0.767134 -1.056917
v 0.966694 0.746785 -1.068665
v 0.853204 0.746785 -1.068665
v 0.757729 0.767134 -1.056917
v 0.710583 0.877620 -0.993127
v 0.726735 0.956089 -0.947857
v 0.801055 0.994818 -0.925497
v 0.909949 0.924108 -0.805525
v 1.018842 0.883236 -0.846397
v 1.093163 0.814549 -0.915084
v 1.109314 0.754084 -0.975524
v 1.062169 0.726130 -1.003479
v 0.966694 0.709515 -1.020094
v 0.853204 0.709515 -1.020094
v 0.757729 0.726130 -1.003479
v 0.710583 0.816342 -0.913267
v 0.726735 0.880407 -0.849226
v 0.801055 0.912029 -0.817604
v 0.909949 0.812677 -0.720022
v 1.018842 0.783777 -0.770079
v 1.093163 0.735208 -0.854203
v 1.109314 0.692459 -0.928237
v 1.062169 0.672692 -0.962475
v 0.966694 0.660943 -0.982824
v 0.853204 0.660943 -0.982824
v 0.757729 0.672692 -0.962475
v 0.710583 0.736481 -0.851988
v 0.726735 0.781776 -0.773544
v 0.801055 0.804136 -0.734815
v 0.909949 0.682914 -0.666272
v 1.018842 0.667954 -0.722103
v 1.093163 0.642813 -0.815932
v 1.109314 0.620695 -0.898512
v 1.062169 0.610463 -0.936699
v 0.966694 0.604381 -0.959395
v 0.853204 0.604381 -0.959395
v 0.757729 0.610462 -0.936699
v 0.710583 0.643482 -0.813467
v 0.726735 0.666918 -0.725969
v 0.801055 0.678493 -0.682772
v 0.909949 0.543660 -0.647939
v 1.018842 0.543660 -0.705740
v 1.093163 0.543660 -0.802878
v 1.109314 0.543682 -0.888373
v 1.062169 0.543682 -0.927907
v 0.966694 0.543682 -0.951404
v 0.853204 0.543682 -0.951404
v 0.757729 0.543682 -0.927907
v 0.710583 0.543682 -0.800328
v 0.726735 0.543660 -0.709741
v 0.801055 0.543660 -0.665021
v 0.909949 0.404407 -0.666272
v 1.018842 0.419367 -0.722103
v 1.093163 0.444508 -0.815931
v 1.109314 0.466669 -0.898512
v 1.062169 0.476902 -0.936699
v 0.966694 0.482983 -0.959395
v 0.853204 0.482983 -0.959395
v 0.757729 0.476902 -0.936699
v 0.710583 0.443882 -0.813467
v 0.726735 0.420403 -0.725969
v 0.801055 0.408828 -0.682772
v 0.909949 0.274643 -0.720022
v 1.018842 0.303544 -0.770079
v 1.093163 0.352113 -0.854203
v 1.109314 0.394905 -0.928237
v 1.062169 0.414672 -0.962475
v 0.966694 0.426421 -0.982824
v 0.853204 0.426421 -0.982824
v 0.757729 0.414672 -0.962475
v 0.710583 0.350883 -0.851988
v 0.726735 0.305545 -0.773544
v 0.801055 0.283184 -0.734815
v 0.909949 0.163213 -0.805525
v 1.018842 0.204085 -0.846397
v 1.093163 0.272772 -0.915084
v 1.109314 0.333280 -0.975524
v 1.062169 0.361234 -1.003479
v 0.966694 0.377849 -1.020094
v 0.853204 0.377849 -1.020094
v 0.757729 0.361234 -1.003479
v 0.710583 0.271023 -0.913267
v 0.726735 0.206914 -0.849226
v 0.801055 0.175292 -0.817604
v 0.909949 0.077709 -0.916956
v 1.018842 0.127766 -0.945856
v 1.093163 0.211890 -0.994425
v 1.109314 0.285993 -1.037150
v 1.062169 0.320230 -1.056917
v 0.966694 0.340579 -1.068665
v 0.853204 0.340579 -1.068665
v 0.757729 0.320230 -1.056917
v 0.710583 0.209744 -0.993127
v 0.726735 0.131232 -0.947857
v 0.801055 0.092503 -0.925497
v 0.909949 0.023959 -1.046720
v 1.018842 0.079791 -1.061679
v 1.093163 0.173619 -1.086821
v 1.109314 0.256267 -1.108914
v 1.062169 0.294454 -1.119146
v 0.966694 0.317150 -1.125228
v 0.853204 0.317150 -1.125228
v 0.757729 0.294454 -1.119146
v 0.710583 0.171222 -1.086126
v 0.726735 0.083656 -1.062715
v 0.801055 0.040460 -1.051141
v 0.966694 0.317829 -1.185927
v 0.966694 0.325525 -1.244382
v 0.853204 0.317829 -1.185927
v 0.853204 0.325525 -1.244382
v 0.966694 0.348088 -1.298853
v 0.853204 0.348088 -1.298853
v 0.966694 0.383980 -1.345628
v 0.853204 0.383980 -1.345628
v 0.966694 0.430756 -1.381521
v 0.853204 0.430756 -1.381521
v 0.966694 0.485227 -1.404083
v 0.853204 0.485227 -1.404083
v 0.966694 0.543682 -1.411779
v 0.853204 0.543682 -1.411779
v 0.966694 0.602137 -1.404083
v 0.853204 0.602137 -1.404083
v 0.966694 0.656608 -1.381521
v 0.853204 0.656608 -1.381521
v 0.966694 0.703384 -1.345628
v 0.853204 0.703384 -1.345628
v 0.966694 0.739276 -1.298853
v 0.853204 0.739276 -1.298853
v 0.966694 0.761839 -1.244382
v 0.853204 0.761839 -1.244382
v 0.966694 0.769535 -1.185927
v 0.853204 0.769535 -1.185927
v 0.966694 0.761839 -1.127472
v 0.853204 0.761839 -1.127472
v 0.966694 0.739276 -1.073000
v 0.853204 0.739276 -1.073000
v 0.966694 0.703384 -1.026225
v 0.853204 0.703384 -1.026225
v 0.966694 0.656608 -0.990333
v 0.853204 0.656608 -0.990333
v 0.966694 0.602137 -0.967770
v 0.853204 0.602137 -0.967770
v 0.966694 0.543682 -0.960074
v 0.853204 0.543682 -0.960074
v 0.966694 0.485227 -0.967770
v 0.853204 0.485227 -0.967770
v 0.966694 0.430756 -0.990333
v 0.853204 0.430756 -0.990333
v 0.966694 0.383980 -1.026225
v 0.853204 0.383980 -1.026225
v 0.966694 0.348088 -1.073000
v 0.853204 0.348088 -1.073000
v 0.966694 0.325525 -1.127472
v 0.853204 0.325525 -1.127472
v 0.959651 0.324483 -1.185927
v 0.959651 0.331952 -1.242659
v 0.860247 0.324483 -1.185927
v 0.860247 0.331952 -1.242659
v 0.959651 0.353850 -1.295526
v 0.860247 0.353850 -1.295526
v 0.959651 0.388685 -1.340924
v 0.860247 0.388685 -1.340924
v 0.959651 0.434083 -1.375758
v 0.860247 0.434083 -1.375758
v 0.959651 0.486949 -1.397656
v 0.860247 0.486949 -1.397656
v 0.959651 0.543682 -1.405125
v 0.860247 0.543682 -1.405125
v 0.959651 0.600415 -1.397656
v 0.860247 0.600415 -1.397656
v 0.959651 0.653281 -1.375758
v 0.860247 0.653281 -1.375758
v 0.959651 0.698679 -1.340924
v 0.860247 0.698679 -1.340924
v 0.959651 0.733514 -1.295526
v 0.860247 0.733514 -1.295526
v 0.959651 0.755412 -1.242659
v 0.860247 0.755412 -1.242659
v 0.959651 0.762881 -1.185927
v 0.860247 0.762881 -1.185927
v 0.959651 0.755412 -1.129194
v 0.860247 0.755412 -1.129194
v 0.959651 0.733514 -1.076327
v 0.860247 0.733514 -1.076327
v 0.959651 0.698679 -1.030930
v 0.860247 0.698679 -1.030930
v 0.959651 0.653281 -0.996095
v 0.860247 0.653281 -0.996095
v 0.959651 0.600415 -0.974197
v 0.860247 0.600415 -0.974197
v 0.959651 0.543682 -0.966728
v 0.860247 0.543682 -0.966728
v 0.959651 0.486949 -0.974197
v 0.860247 0.486949 -0.974197
v 0.959651 0.434083 -0.996095
v 0.860247 0.434083 -0.996095
v 0.959651 0.388685 -1.030930
v 0.860247 0.388685 -1.030930
v 0.959651 0.353850 -1.076327
v 0.860247 0.353850 -1.076327
v 0.959651 0.331952 -1.129194
v 0.860247 0.331952 -1.129194
v 0.966694 0.309159 -1.185927
v 0.853204 0.309159 -1.185927
v 0.966694 0.317150 -1.246626
v 0.853204 0.317150 -1.246626
v 0.966694 0.340579 -1.303188
v 0.853204 0.340579 -1.303188
v 0.966694 0.377849 -1.351759
v 0.853204 0.377849 -1.351759
v 0.966694 0.426421 -1.389029
v 0.853204 0.426421 -1.389029
v 0.966694 0.482983 -1.412458
v 0.853204 0.482983 -1.412458
v 0.966694 0.543682 -1.420449
v 0.853203 0.543682 -1.420449
v 0.966694 0.604381 -1.412458
v 0.853203 0.604381 -1.412458
v 0.966694 0.660943 -1.389029
v 0.853203 0.660943 -1.389029
v 0.966694 0.709515 -1.351759
v 0.853203 0.709515 -1.351759
v 0.966694 0.746785 -1.303188
v 0.853203 0.746785 -1.303188
v 0.966694 0.770214 -1.246626
v 0.853203 0.770214 -1.246626
v 0.966694 0.778205 -1.185927
v 0.853203 0.778205 -1.185927
v 0.966694 0.770214 -1.125228
v 0.853203 0.770214 -1.125228
v 0.966694 0.746785 -1.068665
v 0.853203 0.746785 -1.068665
v 0.966694 0.709515 -1.020094
v 0.853203 0.709515 -1.020094
v 0.966694 0.660943 -0.982824
v 0.853203 0.660943 -0.982824
v 0.966694 0.604381 -0.959395
v 0.853203 0.604381 -0.959395
v 0.966694 0.543682 -0.951404
v 0.853203 0.543682 -0.951404
v 0.966694 0.482983 -0.959395
v 0.853204 0.482983 -0.959395
v 0.966694 0.426421 -0.982824
v 0.853204 0.426421 -0.982824
v 0.966694 0.377849 -1.020094
v 0.853204 0.377849 -1.020094
v 0.966694 0.340579 -1.068665
v 0.853204 0.340579 -1.068665
v 0.966694 0.317150 -1.125228
v 0.853204 0.317150 -1.125228
v 0.966694 0.317829 -1.185927
v 0.966694 0.325525 -1.244382
v 0.853204 0.317829 -1.185927
v 0.853204 0.325525 -1.244382
v 0.966694 0.348088 -1.298853
v 0.853204 0.348088 -1.298853
v 0.966694 0.383980 -1.345628
v 0.853204 0.383980 -1.345628
v 0.966694 0.430756 -1.381521
v 0.853204 0.430756 -1.381521
v 0.966694 0.485227 -1.404083
v 0.853204 0.485227 -1.404083
v 0.966694 0.543682 -1.411779
v 0.853203 0.543682 -1.411779
v 0.966694 0.602137 -1.404083
v 0.853203 0.602137 -1.404083
v 0.966694 0.656608 -1.381521
v 0.853203 0.656608 -1.381521
v 0.966694 0.703384 -1.345628
v 0.853203 0.703384 -1.345628
v 0.966694 0.739276 -1.298853
v 0.853203 0.739276 -1.298853
v 0.966694 0.761839 -1.244382
v 0.853203 0.761839 -1.244382
v 0.966694 0.769535 -1.185927
v 0.853203 0.769535 -1.185927
v 0.966694 0.761839 -1.127472
v 0.853203 0.761839 -1.127472
v 0.966694 0.739276 -1.073000
v 0.853203 0.739276 -1.073000
v 0.966694 0.703384 -1.026225
v 0.853203 0.703384 -1.026225
v 0.966694 0.656608 -0.990333
v 0.853203 0.656608 -0.990333
v 0.966694 0.602137 -0.967770
v 0.853203 0.602137 -0.967770
v 0.966694 0.543682 -0.960074
v 0.853203 0.543682 -0.960074
v 0.966694 0.485227 -0.967770
v 0.853204 0.485227 -0.967770
v 0.966694 0.430756 -0.990333
v 0.853204 0.430756 -0.990333
v 0.966694 0.383980 -1.026225
v 0.853204 0.383980 -1.026225
v 0.966694 0.348088 -1.073000
v 0.853204 0.348088 -1.073000
v 0.966694 0.325525 -1.127472
v 0.853204 0.325525 -1.127472
v 0.959651 0.324483 -1.185927
v 0.959651 0.331952 -1.242659
v 0.860247 0.324483 -1.185927
v 0.860247 0.331952 -1.242659
v 0.959651 0.353850 -1.295526
v 0.860247 0.353850 -1.295526
v 0.959651 0.388685 -1.340924
v 0.860247 0.388685 -1.340924
v 0.959651 0.434083 -1.375758
v 0.860247 0.434083 -1.375758
v 0.959651 0.486949 -1.397656
v 0.860247 0.486949 -1.397656
v 0.959651 0.543682 -1.405125
v 0.860247 0.543682 -1.405125
v 0.959651 0.600415 -1.397656
v 0.860247 0.600415 -1.397656
v 0.959651 0.653281 -1.375758
v 0.860247 0.653281 -1.375758
v 0.959651 0.698679 -1.340924
v 0.860247 0.698679 -1.340924
v 0.959651 0.733514 -1.295526
v 0.860247 0.733514 -1.295526
v 0.959651 0.755412 -1.242659
v 0.860247 0.755412 -1.242659
v 0.959651 0.762881 -1.185927
v 0.860247 0.762881 -1.185927
v 0.959651 0.755412 -1.129194
v 0.860247 0.755412 -1.129194
v 0.959651 0.733514 -1.076327
v 0.860247 0.733514 -1.076327
v 0.959651 0.698679 -1.030930
v 0.860247 0.698679 -1.030930
v 0.959651 0.653281 -0.996095
v 0.860247 0.653281 -0.996095
v 0.959651 0.600415 -0.974197
v 0.860247 0.600415 -0.974197
v 0.959651 0.543682 -0.966728
v 0.860247 0.543682 -0.966728
v 0.959651 0.486949 -0.974197
v 0.860247 0.486949 -0.974197
v 0.959651 0.434083 -0.996095
v 0.860247 0.434083 -0.996095
v 0.959651 0.388685 -1.030930
v 0.860247 0.388685 -1.030930
v 0.959651 0.353850 -1.076327
v 0.860247 0.353850 -1.076327
v 0.959651 0.331952 -1.129194
v 0.860247 0.331952 -1.129194
v 0.959651 0.467744 -1.185925
v 0.959651 0.470331 -1.205579
v 0.860247 0.467744 -1.185925
v 0.860247 0.470331 -1.205579
v 0.959651 0.477918 -1.223894
v 0.860247 0.477917 -1.223894
v 0.959651 0.489986 -1.239622
v 0.860247 0.489986 -1.239622
v 0.959651 0.505713 -1.251689
v 0.860247 0.505713 -1.251689
v 0.959651 0.524028 -1.259276
v 0.860247 0.524027 -1.259276
v 0.959651 0.543682 -1.261863
v 0.860247 0.543682 -1.261863
v 0.959651 0.563336 -1.259276
v 0.860247 0.563336 -1.259276
v 0.959651 0.581651 -1.251690
v 0.860247 0.581651 -1.251690
v 0.959651 0.597378 -1.239621
v 0.860247 0.597378 -1.239621
v 0.959651 0.609446 -1.223894
v 0.860247 0.609446 -1.223894
v 0.959651 0.617033 -1.205579
v 0.860247 0.617033 -1.205579
v 0.959651 0.619620 -1.185925
v 0.860247 0.619620 -1.185925
v 0.959651 0.617033 -1.166271
v 0.860247 0.617033 -1.166271
v 0.959651 0.609446 -1.147956
v 0.860247 0.609446 -1.147956
v 0.959651 0.597378 -1.132229
v 0.860247 0.597378 -1.132229
v 0.959651 0.581650 -1.120160
v 0.860247 0.581650 -1.120160
v 0.959651 0.563337 -1.112574
v 0.860247 0.563337 -1.112574
v 0.959651 0.543682 -1.109987
v 0.860247 0.543682 -1.109987
v 0.959651 0.524028 -1.112574
v 0.860247 0.524028 -1.112574
v 0.959651 0.505713 -1.120161
v 0.860247 0.505713 -1.120161
v 0.959651 0.489986 -1.132228
v 0.860247 0.489986 -1.132228
v 0.959651 0.477917 -1.147956
v 0.860247 0.477917 -1.147956
v 0.959651 0.470331 -1.166271
v 0.860247 0.470331 -1.166271
v 0.959651 0.495687 -1.185925
v 0.959651 0.497322 -1.198347
v 0.860247 0.495687 -1.185925
v 0.860247 0.497322 -1.198347
v 0.959651 0.502117 -1.209922
v 0.860247 0.502117 -1.209922
v 0.959651 0.509744 -1.219863
v 0.860247 0.509744 -1.219863
v 0.959651 0.519685 -1.227490
v 0.860247 0.519685 -1.227490
v 0.959651 0.531260 -1.232285
v 0.860247 0.531260 -1.232285
v 0.959651 0.543682 -1.233920
v 0.860247 0.543682 -1.233920
v 0.959651 0.556104 -1.232285
v 0.860247 0.556104 -1.232285
v 0.959651 0.567679 -1.227490
v 0.860247 0.567679 -1.227490
v 0.959651 0.577620 -1.219862
v 0.860247 0.577620 -1.219862
v 0.959651 0.585247 -1.209923
v 0.860247 0.585247 -1.209923
v 0.959651 0.590042 -1.198347
v 0.860247 0.590042 -1.198347
v 0.959651 0.591677 -1.185925
v 0.860247 0.591677 -1.185925
v 0.959651 0.590042 -1.173503
v 0.860247 0.590041 -1.173503
v 0.959651 0.585247 -1.161928
v 0.860247 0.585247 -1.161928
v 0.959651 0.577619 -1.151988
v 0.860247 0.577619 -1.151988
v 0.959651 0.567679 -1.144360
v 0.860247 0.567679 -1.144360
v 0.959651 0.556104 -1.139565
v 0.860247 0.556104 -1.139565
v 0.959651 0.543682 -1.137930
v 0.860247 0.543682 -1.137930
v 0.959651 0.531260 -1.139565
v 0.860247 0.531260 -1.139565
v 0.959651 0.519684 -1.144360
v 0.860247 0.519684 -1.144360
v 0.959651 0.509745 -1.151987
v 0.860247 0.509745 -1.151987
v 0.959651 0.502117 -1.161928
v 0.860247 0.502117 -1.161928
v 0.959651 0.497322 -1.173503
v 0.860247 0.497322 -1.173503
v 0.830867 0.406929 -1.184873
v 0.955560 0.482796 -1.112719
v 0.783240 0.482796 -1.068125
v 0.676739 0.482797 -1.184873
v 0.783240 0.482796 -1.301621
v 0.955560 0.482796 -1.257026
v 0.878495 0.605554 -1.068125
v 0.706175 0.605554 -1.112719
v 0.706175 0.605554 -1.257026
v 0.878495 0.605554 -1.301621
v 0.984996 0.605553 -1.184873
v 0.830867 0.681421 -1.184873
v 0.802873 0.427426 -1.116251
v 0.904159 0.427426 -1.142462
v 0.876165 0.472020 -1.073839
v 0.977452 0.472020 -1.184873
v 0.904159 0.427426 -1.227283
v 0.740273 0.427427 -1.184873
v 0.712278 0.472020 -1.116250
v 0.802873 0.427426 -1.253495
v 0.712278 0.472020 -1.253495
v 0.876165 0.472020 -1.295906
v 0.994754 0.544175 -1.142462
v 0.994754 0.544175 -1.227283
v 0.830867 0.544175 -1.047627
v 0.932155 0.544175 -1.073839
v 0.666980 0.544175 -1.142462
v 0.729580 0.544175 -1.073839
v 0.729580 0.544175 -1.295907
v 0.666980 0.544175 -1.227283
v 0.932155 0.544175 -1.295907
v 0.830867 0.544175 -1.322119
v 0.949457 0.616330 -1.116250
v 0.785570 0.616330 -1.073839
v 0.684283 0.616330 -1.184873
v 0.785570 0.616330 -1.295906
v 0.949457 0.616330 -1.253495
v 0.858862 0.660924 -1.116251
v 0.921462 0.660923 -1.184873
v 0.757575 0.660924 -1.142462
v 0.757575 0.660924 -1.227283
v 0.858862 0.660924 -1.253495
vn 0.1288 -0.9917 -0.0000
vn 0.6139 -0.7625 -0.2043
vn 0.6139 -0.7894 -0.0000
vn 0.8982 -0.4397 -0.0000
vn 0.9309 0.3527 0.0945
vn 0.9309 0.3652 -0.0000
vn 0.4338 0.9010 -0.0000
vn 0.4338 0.8703 0.2332
vn 0.2390 0.9710 -0.0000
vn -0.2390 0.9710 -0.0000
vn -0.5860 0.7827 0.2097
vn -0.5860 0.8103 -0.0000
vn -0.9975 0.0685 0.0184
vn -0.9975 0.0710 -0.0000
vn -0.7555 -0.6551 -0.0000
vn -0.7555 -0.6328 -0.1696
vn -0.3133 -0.9497 -0.0000
vn -0.3133 -0.9173 -0.2458
vn 0.1288 -0.9579 -0.2567
vn 0.6139 -0.6836 -0.3947
vn 0.8982 -0.3808 -0.2198
vn 0.8982 -0.4247 -0.1138
vn 0.9309 0.3163 0.1826
vn 0.4338 0.7803 0.4505
vn 0.2390 0.9379 0.2513
vn -0.2390 0.9379 0.2513
vn -0.5860 0.7017 0.4051
vn -0.9975 0.0615 0.0355
vn -0.7555 -0.5673 -0.3276
vn 0.1288 -0.8588 -0.4958
vn 0.1288 -0.7012 -0.7012
vn 0.6139 -0.5582 -0.5582
vn 0.9309 0.2582 0.2582
vn 0.4338 0.6371 0.6371
vn 0.2390 0.8409 0.4855
vn -0.2390 0.8409 0.4855
vn -0.5860 0.5730 0.5730
vn -0.9975 0.0502 0.0502
vn -0.7555 -0.4632 -0.4632
vn -0.3133 -0.8224 -0.4748
vn -0.3133 -0.6715 -0.6715
vn 0.6139 -0.3947 -0.6836
vn 0.8982 -0.3109 -0.3109
vn 0.9309 0.1826 0.3163
vn 0.4338 0.4505 0.7803
vn 0.2390 0.6866 0.6866
vn -0.2390 0.4855 0.8409
vn -0.2390 0.6866 0.6866
vn -0.9975 0.0355 0.0615
vn -0.3133 -0.4748 -0.8224
vn 0.1288 -0.2567 -0.9579
vn 0.1288 -0.4958 -0.8588
vn 0.6139 -0.2043 -0.7625
vn 0.8982 -0.2198 -0.3808
vn 0.8982 -0.1138 -0.4247
vn 0.9309 0.0945 0.3528
vn 0.4338 0.2332 0.8703
vn 0.2390 0.4855 0.8409
vn -0.2390 0.2513 0.9379
vn -0.5860 0.4051 0.7017
vn -0.9975 0.0184 0.0686
vn -0.7555 -0.1696 -0.6328
vn -0.7555 -0.3276 -0.5673
vn -0.3133 -0.2458 -0.9173
vn 0.1288 -0.0000 -0.9917
vn 0.8982 -0.0000 -0.4397
vn 0.9309 -0.0000 0.3652
vn 0.2390 -0.0000 0.9710
vn 0.2390 0.2513 0.9379
vn -0.2390 -0.0000 0.9710
vn -0.5860 0.2097 0.7827
vn -0.9975 -0.0000 0.0710
vn -0.7555 -0.0000 -0.6551
vn -0.3133 -0.0000 -0.9497
vn 0.1288 0.2567 -0.9579
vn 0.6139 -0.0000 -0.7894
vn 0.6139 0.2043 -0.7625
vn 0.8982 0.1138 -0.4247
vn 0.4338 -0.2332 0.8703
vn 0.4338 -0.0000 0.9010
vn 0.2390 -0.2513 0.9379
vn -0.2390 -0.2513 0.9379
vn -0.5860 -0.0000 0.8103
vn -0.9975 -0.0184 0.0686
vn -0.7555 0.1696 -0.6328
vn -0.3133 0.2458 -0.9173
vn 0.1288 0.4958 -0.8588
vn 0.8982 0.2198 -0.3808
vn 0.9309 -0.0945 0.3527
vn 0.9309 -0.1826 0.3163
vn 0.4338 -0.4505 0.7803
vn -0.5860 -0.4051 0.7017
vn -0.5860 -0.2097 0.7827
vn -0.9975 -0.0355 0.0615
vn -0.7555 0.3276 -0.5674
vn -0.3133 0.4748 -0.8224
vn 0.1288 0.7012 -0.7012
vn 0.6139 0.3947 -0.6836
vn 0.6139 0.5582 -0.5582
vn 0.8982 0.3109 -0.3109
vn 0.9309 -0.2582 0.2582
vn 0.4338 -0.6371 0.6371
vn 0.2390 -0.4855 0.8409
vn -0.2390 -0.6866 0.6866
vn -0.2390 -0.4855 0.8409
vn -0.9975 -0.0502 0.0502
vn -0.7555 0.4632 -0.4632
vn -0.3133 0.6715 -0.6715
vn 0.6139 0.6836 -0.3947
vn 0.8981 0.3808 -0.2198
vn 0.9309 -0.3162 0.1826
vn 0.4338 -0.7803 0.4505
vn 0.2390 -0.6866 0.6866
vn -0.5860 -0.7017 0.4051
vn -0.5860 -0.5730 0.5730
vn -0.9975 -0.0614 0.0355
vn -0.7555 0.5674 -0.3276
vn -0.3133 0.8224 -0.4748
vn 0.1288 0.9579 -0.2567
vn 0.1288 0.8588 -0.4958
vn 0.6139 0.7625 -0.2043
vn 0.8981 0.4247 -0.1138
vn 0.9310 -0.3527 0.0945
vn 0.4338 -0.8703 0.2332
vn 0.2390 -0.8409 0.4855
vn -0.2390 -0.9379 0.2513
vn -0.2390 -0.8409 0.4855
vn -0.5860 -0.7827 0.2097
vn -0.7555 0.6328 -0.1696
vn -0.3133 0.9173 -0.2458
vn 0.6139 0.7894 -0.0000
vn 0.8981 0.4397 -0.0000
vn 0.9310 -0.3651 -0.0000
vn 0.4338 -0.9010 -0.0000
vn 0.2390 -0.9379 0.2513
vn -0.2390 -0.9710 -0.0000
vn -0.5860 -0.8103 -0.0000
vn -0.9975 -0.0685 0.0184
vn -0.7555 0.6551 -0.0000
vn -0.3133 0.9497 -0.0000
vn 0.1288 0.9579 0.2567
vn 0.1288 0.9917 -0.0000
vn 0.8981 0.4247 0.1138
vn 0.4338 -0.8703 -0.2332
vn 0.2390 -0.9379 -0.2513
vn 0.2390 -0.9710 -0.0000
vn -0.2390 -0.9379 -0.2513
vn -0.5860 -0.7827 -0.2097
vn -0.9975 -0.0709 -0.0000
vn -0.7555 0.6328 0.1696
vn -0.3133 0.9173 0.2458
vn 0.1288 0.8588 0.4958
vn 0.6139 0.7625 0.2043
vn 0.6139 0.6836 0.3947
vn 0.8981 0.3808 0.2199
vn 0.9310 -0.3527 -0.0945
vn 0.9310 -0.3162 -0.1826
vn 0.2390 -0.8409 -0.4855
vn -0.2390 -0.8409 -0.4855
vn -0.5860 -0.7017 -0.4051
vn -0.9975 -0.0685 -0.0183
vn -0.7555 0.5674 0.3276
vn -0.3133 0.8224 0.4748
vn 0.1288 0.7012 0.7012
vn 0.6139 0.5582 0.5582
vn 0.8981 0.3109 0.3109
vn 0.9310 -0.2582 -0.2582
vn 0.4338 -0.7803 -0.4505
vn 0.4338 -0.6371 -0.6371
vn -0.2390 -0.6866 -0.6866
vn -0.5860 -0.5730 -0.5730
vn -0.9975 -0.0614 -0.0354
vn -0.7555 0.4633 0.4633
vn -0.3133 0.6715 0.6715
vn 0.1288 0.4958 0.8588
vn 0.8981 0.2199 0.3808
vn 0.4338 -0.4505 -0.7803
vn 0.2390 -0.6866 -0.6866
vn -0.2390 -0.4855 -0.8409
vn -0.5860 -0.4051 -0.7017
vn -0.9975 -0.0501 -0.0501
vn -0.7555 0.3276 0.5674
vn 0.1288 0.2567 0.9579
vn 0.6139 0.3947 0.6836
vn 0.6139 0.2043 0.7625
vn 0.9310 -0.0945 -0.3527
vn 0.9310 -0.1825 -0.3162
vn 0.2390 -0.2513 -0.9379
vn 0.2390 -0.4855 -0.8409
vn -0.5860 -0.2097 -0.7827
vn -0.9975 -0.0354 -0.0614
vn -0.9975 -0.0183 -0.0685
vn -0.3133 0.2458 0.9173
vn -0.3133 0.4748 0.8224
vn 0.6139 -0.0000 0.7894
vn 0.8981 -0.0000 0.4397
vn 0.8981 0.1138 0.4247
vn 0.9310 -0.0000 -0.3651
vn 0.4338 -0.2332 -0.8703
vn 0.4338 -0.0000 -0.9010
vn -0.2390 -0.0000 -0.9710
vn -0.2390 -0.2513 -0.9379
vn -0.5860 -0.0000 -0.8103
vn -0.9975 -0.0000 -0.0709
vn -0.7555 0.1696 0.6328
vn -0.3133 -0.0000 0.9497
vn 0.1288 -0.0000 0.9917
vn 0.1288 -0.2567 0.9579
vn 0.6139 -0.2043 0.7625
vn 0.9310 0.0945 -0.3527
vn 0.4338 0.2332 -0.8703
vn 0.2390 -0.0000 -0.9710
vn -0.2390 0.2513 -0.9379
vn -0.5860 0.2097 -0.7827
vn -0.9975 0.0184 -0.0685
vn -0.7555 -0.0000 0.6552
vn -0.7555 -0.1696 0.6328
vn 0.1288 -0.4958 0.8588
vn 0.8981 -0.2199 0.3808
vn 0.8981 -0.1138 0.4247
vn 0.9310 0.1826 -0.3162
vn 0.4338 0.4505 -0.7803
vn 0.2390 0.2513 -0.9379
vn -0.2390 0.4855 -0.8409
vn -0.5860 0.4051 -0.7017
vn -0.9975 0.0355 -0.0614
vn -0.7555 -0.3276 0.5674
vn -0.3133 -0.2458 0.9173
vn -0.3133 -0.4748 0.8224
vn 0.1288 -0.7012 0.7012
vn 0.6139 -0.3947 0.6836
vn 0.8981 -0.3109 0.3109
vn 0.9310 0.2582 -0.2582
vn 0.2390 0.6866 -0.6866
vn 0.2390 0.4855 -0.8409
vn -0.5860 0.5730 -0.5730
vn -0.9975 0.0501 -0.0501
vn -0.7555 -0.4633 0.4633
vn 0.6139 -0.6836 0.3947
vn 0.6139 -0.5582 0.5582
vn 0.8981 -0.3808 0.2198
vn 0.9310 0.3162 -0.1826
vn 0.4338 0.6371 -0.6371
vn 0.2390 0.8409 -0.4855
vn -0.2390 0.8409 -0.4855
vn -0.2390 0.6866 -0.6866
vn -0.5860 0.7017 -0.4051
vn -0.9975 0.0614 -0.0355
vn -0.7555 -0.5674 0.3276
vn -0.3133 -0.6715 0.6715
vn -0.3133 -0.8224 0.4748
vn 0.1288 -0.9579 0.2567
vn 0.1288 -0.8588 0.4958
vn 0.8982 -0.4247 0.1138
vn 0.9309 0.3527 -0.0945
vn 0.4338 0.7803 -0.4505
vn 0.2390 0.9379 -0.2513
vn -0.2390 0.9379 -0.2513
vn -0.5860 0.7827 -0.2097
vn -0.9975 0.0685 -0.0184
vn -0.7555 -0.6328 0.1696
vn -0.3133 -0.9173 0.2458
vn 0.6139 -0.7625 0.2043
vn 0.4338 0.8703 -0.2332
vn 0.6867 -0.0000 0.7269
vn 0.6867 0.1881 0.7021
vn 0.6867 0.5140 -0.5140
vn 0.6867 0.3635 -0.6295
vn -0.6867 -0.7269 -0.0000
vn -0.6867 -0.7021 -0.1881
vn -0.6867 -0.6295 0.3635
vn -0.6867 -0.7021 0.1881
vn -0.6867 0.7021 0.1881
vn -0.6867 0.6295 0.3635
vn -0.6867 -0.3635 -0.6295
vn -0.6867 -0.1881 -0.7021
vn 0.6867 -0.6295 0.3635
vn 0.6867 -0.5140 0.5140
vn 0.6867 0.7021 0.1881
vn 0.6867 0.7269 -0.0000
vn 0.6867 -0.3635 -0.6295
vn 0.6867 -0.5140 -0.5140
vn -0.6867 0.1881 0.7021
vn -0.6867 -0.0000 0.7269
vn -0.6867 0.3635 -0.6295
vn -0.6867 0.5140 -0.5140
vn 0.6867 0.3635 0.6295
vn 0.6867 0.1881 -0.7021
vn -0.6867 -0.5140 0.5140
vn -0.6867 0.7269 -0.0000
vn -0.6867 -0.5140 -0.5140
vn 0.6867 -0.3635 0.6295
vn 0.6867 0.7021 -0.1881
vn 0.6867 -0.6295 -0.3635
vn -0.6867 0.3635 0.6295
vn -0.6867 0.1881 -0.7021
vn 0.6867 0.5140 0.5140
vn 0.6867 -0.0000 -0.7269
vn -0.6867 -0.3635 0.6295
vn -0.6867 0.6295 -0.3635
vn -0.6867 -0.1881 0.7021
vn 0.6867 -0.1881 -0.7021
vn 0.6867 0.6295 0.3635
vn 0.6867 -0.7021 0.1881
vn -0.6867 -0.0000 -0.7269
vn -0.6867 0.5140 0.5140
vn 0.6867 -0.7021 -0.1881
vn 0.6867 -0.7269 -0.0000
vn 0.6867 0.6295 -0.3635
vn 0.6867 -0.1881 0.7021
vn -0.6867 -0.6295 -0.3635
vn -0.6867 0.7021 -0.1881
vn 1.0000 -0.0000 -0.0000
vn -1.0000 -0.0000 -0.0000
vn 0.0014 -1.0000 -0.0000
vn 0.3201 -0.8889 0.3278
vn -0.1143 -0.8557 0.5046
vn 0.6130 -0.5124 0.6013
vn 0.7656 -0.6433 -0.0000
vn -0.4125 -0.9110 -0.0000
vn -0.1143 -0.8557 -0.5046
vn 0.3201 -0.8889 -0.3278
vn 0.9166 0.0028 0.3998
vn -0.2029 -0.4542 0.8675
vn 0.1926 -0.5360 0.8220
vn -0.0000 -0.0000 1.0000
vn -0.8317 -0.5553 -0.0000
vn -0.5720 -0.5981 0.5613
vn -0.9166 -0.0028 0.3998
vn -0.2029 -0.4542 -0.8675
vn -0.5720 -0.5981 -0.5613
vn -0.4654 0.0052 -0.8851
vn 0.6130 -0.5124 -0.6013
vn 0.1926 -0.5360 -0.8220
vn 0.4654 -0.0052 -0.8851
vn 0.4654 -0.0052 0.8851
vn -0.4654 0.0052 0.8851
vn -0.9166 -0.0028 -0.3998
vn -0.0000 -0.0000 -1.0000
vn 0.9166 0.0028 -0.3998
vn 0.2029 0.4542 0.8675
vn 0.5720 0.5981 0.5613
vn 0.1143 0.8557 0.5046
vn -0.6130 0.5124 0.6013
vn -0.1926 0.5360 0.8220
vn -0.3201 0.8889 0.3278
vn -0.6130 0.5124 -0.6013
vn -0.7656 0.6433 -0.0000
vn -0.3201 0.8889 -0.3278
vn 0.2029 0.4542 -0.8675
vn -0.1926 0.5360 -0.8220
vn 0.1143 0.8557 -0.5046
vn 0.8317 0.5553 -0.0000
vn 0.5720 0.5981 -0.5613
vn 0.4125 0.9110 -0.0000
vn -0.0014 1.0000 -0.0000
vt 0.500000 0.545455
vt 0.541667 0.636364
vt 0.500000 0.636364
vt 0.500000 0.727273
vt 0.541667 0.818182
vt 0.500000 0.818182
vt 0.500000 0.909091
vt 0.541667 0.909091
vt 0.500000 1.000000
vt 0.500000 0.090909
vt 0.541667 0.181818
vt 0.500000 0.181818
vt 0.541667 0.272727
vt 0.500000 0.272727
vt 0.500000 0.363636
vt 0.541667 0.363636
vt 0.500000 0.454545
vt 0.541667 0.454545
vt 0.541667 0.545455
vt 0.583333 0.636364
vt 0.583333 0.727273
vt 0.541667 0.727273
vt 0.583333 0.818182
vt 0.583333 0.909091
vt 0.541667 1.000000
vt 0.541667 0.090909
vt 0.583333 0.181818
vt 0.583333 0.272727
vt 0.583333 0.363636
vt 0.583333 0.545455
vt 0.625000 0.545455
vt 0.625000 0.636364
vt 0.625000 0.818182
vt 0.625000 0.909091
vt 0.583333 1.000000
vt 0.583333 0.090909
vt 0.625000 0.181818
vt 0.625000 0.272727
vt 0.625000 0.363636
vt 0.583333 0.454545
vt 0.625000 0.454545
vt 0.666667 0.636364
vt 0.625000 0.727273
vt 0.666667 0.818182
vt 0.666667 0.909091
vt 0.625000 1.000000
vt 0.666667 0.090909
vt 0.625000 0.090909
vt 0.666667 0.272727
vt 0.666667 0.454545
vt 0.708333 0.545455
vt 0.666667 0.545455
vt 0.708333 0.636364
vt 0.666667 0.727273
vt 0.708333 0.727273
vt 0.708333 0.818182
vt 0.708333 0.909091
vt 0.666667 1.000000
vt 0.708333 0.090909
vt 0.666667 0.181818
vt 0.708333 0.272727
vt 0.708333 0.363636
vt 0.666667 0.363636
vt 0.708333 0.454545
vt 0.750000 0.545455
vt 0.750000 0.727273
vt 0.750000 0.818182
vt 0.750000 1.000000
vt 0.708333 1.000000
vt 0.750000 0.090909
vt 0.708333 0.181818
vt 0.750000 0.272727
vt 0.750000 0.363636
vt 0.750000 0.454545
vt 0.791667 0.545455
vt 0.750000 0.636364
vt 0.791667 0.636364
vt 0.791667 0.727273
vt 0.791667 0.909091
vt 0.750000 0.909091
vt 0.791667 1.000000
vt 0.791667 0.090909
vt 0.750000 0.181818
vt 0.791667 0.272727
vt 0.791667 0.363636
vt 0.791667 0.454545
vt 0.833333 0.545455
vt 0.833333 0.727273
vt 0.791667 0.818182
vt 0.833333 0.818182
vt 0.833333 0.909091
vt 0.833333 0.181818
vt 0.791667 0.181818
vt 0.833333 0.272727
vt 0.833333 0.363636
vt 0.833333 0.454545
vt 0.875000 0.545455
vt 0.833333 0.636364
vt 0.875000 0.636364
vt 0.875000 0.727273
vt 0.875000 0.818182
vt 0.875000 0.909091
vt 0.833333 1.000000
vt 0.875000 0.090909
vt 0.833333 0.090909
vt 0.875000 0.272727
vt 0.875000 0.363636
vt 0.875000 0.454545
vt 0.916667 0.636364
vt 0.916667 0.727273
vt 0.916667 0.818182
vt 0.916667 0.909091
vt 0.875000 1.000000
vt 0.916667 0.181818
vt 0.875000 0.181818
vt 0.916667 0.272727
vt 0.916667 0.363636
vt 0.916667 0.454545
vt 0.958333 0.545455
vt 0.916667 0.545455
vt 0.958333 0.636364
vt 0.958333 0.727273
vt 0.958333 0.818182
vt 0.958333 0.909091
vt 0.916667 1.000000
vt 0.958333 0.090909
vt 0.916667 0.090909
vt 0.958333 0.181818
vt 0.958333 0.363636
vt 0.958333 0.454545
vt 1.000000 0.636364
vt 1.000000 0.727273
vt 1.000000 0.818182
vt 1.000000 0.909091
vt 0.958333 1.000000
vt 1.000000 0.090909
vt 1.000000 0.181818
vt 0.958333 0.272727
vt 1.000000 0.363636
vt 1.000000 0.454545
vt 0.041667 0.545455
vt -0.000000 0.636364
vt -0.000000 0.545455
vt 0.041667 0.727273
vt -0.000000 0.727273
vt -0.000000 0.818182
vt 0.041667 0.909091
vt -0.000000 0.909091
vt 0.041667 1.000000
vt -0.000000 1.000000
vt 0.041667 0.090909
vt -0.000000 0.181818
vt -0.000000 0.090909
vt 0.041667 0.181818
vt -0.000000 0.272727
vt 0.041667 0.363636
vt -0.000000 0.363636
vt -0.000000 0.454545
vt 0.041667 0.454545
vt 0.083333 0.545455
vt 0.041667 0.636364
vt 0.083333 0.636364
vt 0.083333 0.727273
vt 0.041667 0.818182
vt 0.083333 0.818182
vt 0.083333 1.000000
vt 0.083333 0.090909
vt 0.083333 0.181818
vt 0.041667 0.272727
vt 0.083333 0.363636
vt 0.083333 0.454545
vt 0.125000 0.545455
vt 0.125000 0.636364
vt 0.125000 0.727273
vt 0.125000 0.818182
vt 0.083333 0.909091
vt 0.125000 0.909091
vt 0.125000 0.090909
vt 0.125000 0.181818
vt 0.083333 0.272727
vt 0.125000 0.363636
vt 0.125000 0.454545
vt 0.166667 0.545455
vt 0.166667 0.727273
vt 0.166667 0.909091
vt 0.125000 1.000000
vt 0.166667 0.090909
vt 0.166667 0.181818
vt 0.125000 0.272727
vt 0.166667 0.363636
vt 0.208333 0.545455
vt 0.166667 0.636364
vt 0.208333 0.636364
vt 0.208333 0.818182
vt 0.166667 0.818182
vt 0.208333 1.000000
vt 0.166667 1.000000
vt 0.208333 0.181818
vt 0.166667 0.272727
vt 0.208333 0.272727
vt 0.208333 0.454545
vt 0.166667 0.454545
vt 0.250000 0.636364
vt 0.250000 0.727273
vt 0.208333 0.727273
vt 0.250000 0.818182
vt 0.208333 0.909091
vt 0.250000 0.909091
vt 0.250000 0.090909
vt 0.208333 0.090909
vt 0.250000 0.181818
vt 0.250000 0.272727
vt 0.208333 0.363636
vt 0.250000 0.454545
vt 0.250000 0.545455
vt 0.291667 0.545455
vt 0.291667 0.636364
vt 0.291667 0.818182
vt 0.291667 0.909091
vt 0.250000 1.000000
vt 0.291667 0.090909
vt 0.291667 0.181818
vt 0.291667 0.272727
vt 0.250000 0.363636
vt 0.291667 0.363636
vt 0.333333 0.545455
vt 0.333333 0.727273
vt 0.291667 0.727273
vt 0.333333 0.818182
vt 0.333333 0.909091
vt 0.291667 1.000000
vt 0.333333 0.090909
vt 0.333333 0.181818
vt 0.333333 0.272727
vt 0.333333 0.363636
vt 0.291667 0.454545
vt 0.333333 0.454545
vt 0.375000 0.545455
vt 0.333333 0.636364
vt 0.375000 0.727273
vt 0.375000 0.818182
vt 0.375000 1.000000
vt 0.333333 1.000000
vt 0.375000 0.181818
vt 0.375000 0.272727
vt 0.375000 0.363636
vt 0.416667 0.636364
vt 0.375000 0.636364
vt 0.416667 0.727273
vt 0.416667 0.818182
vt 0.375000 0.909091
vt 0.416667 1.000000
vt 0.416667 0.090909
vt 0.375000 0.090909
vt 0.416667 0.181818
vt 0.416667 0.272727
vt 0.416667 0.363636
vt 0.375000 0.454545
vt 0.416667 0.454545
vt 0.458333 0.545455
vt 0.416667 0.545455
vt 0.458333 0.727273
vt 0.458333 0.818182
vt 0.416667 0.909091
vt 0.458333 1.000000
vt 0.458333 0.090909
vt 0.458333 0.181818
vt 0.458333 0.272727
vt 0.458333 0.363636
vt 0.458333 0.454545
vt 0.458333 0.636364
vt 0.458333 0.909091
vt 1.000000 1.000000
vt 0.181819 0.000000
vt 0.227273 0.078731
vt 0.136365 0.078731
vt 0.272728 0.157461
vt 0.318182 0.078731
vt 0.363637 0.157461
vt 0.909091 0.000000
vt 0.954545 0.078731
vt 0.863636 0.078731
vt 0.727273 0.000000
vt 0.772727 0.078731
vt 0.681818 0.078731
vt 0.545455 0.000000
vt 0.590909 0.078731
vt 0.500000 0.078731
vt 0.318182 0.236191
vt 0.090910 0.157461
vt 0.181819 0.157461
vt 0.136365 0.236191
vt 0.818182 0.157461
vt 0.909091 0.157461
vt 0.863636 0.236191
vt 0.636364 0.157461
vt 0.727273 0.157461
vt 0.681818 0.236191
vt 0.454546 0.157461
vt 0.545455 0.157461
vt 0.500000 0.236191
vt 0.227273 0.236191
vt 0.045455 0.236191
vt 0.772727 0.236191
vt 0.590909 0.236191
vt 0.409092 0.236191
vt 0.181819 0.314921
vt 0.272728 0.314921
vt 0.227273 0.393651
vt 0.000000 0.314921
vt 0.090910 0.314921
vt 0.045455 0.393651
vt 0.727273 0.314921
vt 0.818182 0.314921
vt 0.772727 0.393651
vt 0.545455 0.314921
vt 0.636364 0.314921
vt 0.590909 0.393651
vt 0.363637 0.314921
vt 0.454546 0.314921
vt 0.409092 0.393651
vt 0.500000 0.393651
vt 0.454546 0.472382
vt 0.681818 0.393651
vt 0.636364 0.472382
vt 0.863636 0.393651
vt 0.818182 0.472382
vt 0.909091 0.314921
vt 0.136365 0.393651
vt 0.090910 0.472382
vt 0.318182 0.393651
vt 0.272728 0.472382
vt 0.954545 0.236191
vt 1.000000 0.157461
vt 0.409092 0.078731
vt 0.363637 0.000000
vt 1.000000 0.545455
vt 1.000000 0.272727
s 1
usemtl TiresMat
f 1927/1015/1065 1939/1016/1066 1928/1017/1067
f 1939/1016/1066 1929/1018/1068 1928/1017/1067
f 1929/1018/1068 1941/1019/1069 1930/1020/1070
f 1941/1019/1069 1931/1021/1071 1930/1020/1070
f 1942/1022/1072 1932/1023/1073 1931/1021/1071
f 1933/1024/1074 1945/1025/1075 1934/1026/1076
f 1934/1026/1076 1946/1027/1077 1935/1028/1078
f 1946/1027/1077 1936/1029/1079 1935/1028/1078
f 1947/1030/1080 1937/1031/1081 1936/1029/1079
f 1948/1032/1082 1927/1015/1065 1937/1031/1081
f 1938/1033/1083 1950/1034/1084 1939/1016/1066
f 1939/1016/1066 1951/1035/1085 1940/1036/1086
f 1940/1036/1086 1952/1037/1087 1941/1019/1069
f 1952/1037/1087 1942/1022/1072 1941/1019/1069
f 1953/1038/1088 1943/1039/1089 1942/1022/1072
f 1944/1040/1090 1956/1041/1091 1945/1025/1075
f 1945/1025/1075 1957/1042/1092 1946/1027/1077
f 1957/1042/1092 1947/1030/1080 1946/1027/1077
f 1958/1043/1093 1948/1032/1082 1947/1030/1080
f 1948/1032/1082 1949/1044/1094 1938/1033/1083
f 1960/1045/1095 1950/1034/1084 1949/1044/1094
f 1961/1046/1096 1951/1035/1085 1950/1034/1084
f 1951/1035/1085 1963/1047/1097 1952/1037/1087
f 1952/1037/1087 1964/1048/1098 1953/1038/1088
f 1964/1048/1098 1954/1049/1099 1953/1038/1088
f 1955/1050/1100 1967/1051/1101 1956/1041/1091
f 1956/1041/1091 1968/1052/1102 1957/1042/1092
f 1968/1052/1102 1958/1043/1093 1957/1042/1092
f 1969/1053/1103 1959/1054/1104 1958/1043/1093
f 1970/1055/1105 1949/1044/1094 1959/1054/1104
f 1960/1045/1095 1972/1056/1106 1961/1046/1096
f 1972/1056/1106 1962/1057/1107 1961/1046/1096
f 1962/1057/1107 1974/1058/1108 1963/1047/1097
f 1974/1058/1108 1964/1048/1098 1963/1047/1097
f 1975/1059/1109 1965/1060/1110 1964/1048/1098
f 1977/1061/1111 1967/1051/1101 1966/1062/1112
f 1967/1051/1101 1979/1063/1113 1968/1052/1102
f 1979/1063/1113 1969/1053/1103 1968/1052/1102
f 1969/1053/1103 1981/1064/1114 1970/1055/1105
f 1981/1064/1114 1960/1045/1095 1970/1055/1105
f 1982/1065/1115 1972/1056/1106 1971/1066/1116
f 1983/1067/1117 1973/1068/1118 1972/1056/1106
f 1984/1069/1119 1974/1058/1108 1973/1068/1118
f 1985/1070/1120 1975/1059/1109 1974/1058/1108
f 1986/1071/1121 1976/1072/1122 1975/1059/1109
f 1988/1073/1123 1978/1074/1124 1977/1061/1111
f 1978/1074/1124 1990/1075/1125 1979/1063/1113
f 1979/1063/1113 1991/1076/1126 1980/1077/1127
f 1980/1077/1127 1992/1078/1128 1981/1064/1114
f 1992/1078/1128 1971/1066/1116 1981/1064/1114
f 1993/1079/1129 1983/1067/1117 1982/1065/1115
f 1983/1067/1117 1995/1080/1130 1984/1069/1119
f 1995/1080/1130 1985/1070/1120 1984/1069/1119
f 1996/1081/1131 1986/1071/1121 1985/1070/1120
f 1986/1071/1121 1998/1082/1132 1987/1083/1133
f 1999/1084/1134 1989/1085/1135 1988/1073/1123
f 1989/1085/1135 2001/1086/1136 1990/1075/1125
f 1990/1075/1125 2002/1087/1137 1991/1076/1126
f 1991/1076/1126 2003/1088/1138 1992/1078/1128
f 2003/1088/1138 1982/1065/1115 1992/1078/1128
f 2136/1230/1272 2126/1217/1259 2125/1229/1271
f 2137/1231/1273 2127/1218/1260 2126/1217/1259
f 2127/1218/1260 2139/1232/1274 2128/1220/1262
f 2128/1220/1262 2140/1233/1275 2129/1222/1264
f 2140/1233/1275 2130/1234/1276 2129/1222/1264
f 2142/1235/1277 2132/1225/1267 2131/1223/1265
f 2143/1236/1278 2133/1226/1268 2132/1225/1267
f 2144/1237/1279 2134/1238/1280 2133/1226/1268
f 2145/1239/1281 2135/1228/1270 2134/1238/1280
f 2135/1228/1270 2136/1230/1272 2125/1229/1271
f 2147/1240/1282 2137/1231/1273 2136/1230/1272
f 2137/1231/1273 2149/1241/1283 2138/1242/1284
f 2138/1242/1284 2150/1243/1285 2139/1232/1274
f 2139/1232/1274 2151/1244/1286 2140/1233/1275
f 2151/1244/1286 2141/1245/1287 2140/1233/1275
f 2153/1246/1288 2143/1236/1278 2142/1235/1277
f 2154/1247/1289 2144/1237/1279 2143/1236/1278
f 2155/1248/1290 2145/1239/1281 2144/1237/1279
f 2156/1249/1291 2146/1250/1292 2145/1239/1281
f 2157/1251/1293 2136/1230/1272 2146/1250/1292
f 2158/1252/1294 2148/1253/1295 2147/1240/1282
f 2148/1253/1295 2160/1254/1296 2149/1241/1283
f 2149/1241/1283 2161/1255/1297 2150/1243/1285
f 2161/1255/1297 2151/1244/1286 2150/1243/1285
f 2151/1244/1286 2163/1256/1298 2152/1257/1299
f 2153/1246/1288 2165/1258/1300 2154/1247/1289
f 2165/1258/1300 2155/1248/1290 2154/1247/1289
f 2166/1259/1301 2156/1249/1291 2155/1248/1290
f 2167/1260/1302 2157/1251/1293 2156/1249/1291
f 2157/1251/1293 2158/1252/1294 2147/1240/1282
f 2158/1252/1294 2170/1261/1303 2159/1262/1304
f 2159/1262/1304 2171/1263/1305 2160/1254/1296
f 2160/1254/1296 2172/1264/1306 2161/1255/1297
f 2172/1264/1306 2162/1265/1307 2161/1255/1297
f 2162/1265/1307 2174/1266/1308 2163/1256/1298
f 2175/1267/1309 2165/1258/1300 2164/1268/1310
f 2176/1269/1311 2166/1259/1301 2165/1258/1300
f 2177/1270/1312 2167/1260/1302 2166/1259/1301
f 2178/1271/1313 2168/1272/1314 2167/1260/1302
f 2179/1273/1315 2158/1252/1294 2168/1272/1314
f 2180/1274/1316 2170/1261/1303 2169/1275/1317
f 2170/1261/1303 2182/1276/1318 2171/1263/1305
f 2171/1263/1305 2183/1277/1319 2172/1264/1306
f 2183/1277/1319 2173/1278/1320 2172/1264/1306
f 2173/1278/1320 2185/1279/1321 2174/1266/1308
f 2186/1280/1322 2176/1269/1311 2175/1267/1309
f 2187/1281/1323 2177/1270/1312 2176/1269/1311
f 2188/1282/1324 2178/1271/1313 2177/1270/1312
f 2189/1283/1325 2179/1273/1315 2178/1271/1313
f 2190/1284/1326 2169/1275/1317 2179/1273/1315
f 2180/1274/1316 1928/1017/1067 2181/1285/1327
f 1928/1017/1067 2182/1276/1318 2181/1285/1327
f 2182/1276/1318 1930/1020/1070 2183/1277/1319
f 1930/1020/1070 2184/1286/1328 2183/1277/1319
f 1931/1021/1071 2185/1279/1321 2184/1286/1328
f 1933/1024/1074 2187/1281/1323 2186/1280/1322
f 1934/1026/1076 2188/1282/1324 2187/1281/1323
f 1935/1028/1078 2189/1283/1325 2188/1282/1324
f 1936/1029/1079 2190/1284/1326 2189/1283/1325
f 1937/1031/1081 2180/1274/1316 2190/1284/1326
f 2276/1223/1329 2226/1224/1330 2228/1223/1329
f 2258/1118/1331 2208/1119/1332 2210/1118/1331
f 2191/1023/1333 2240/1039/1334 2192/1039/1334
f 2283/1266/1335 2237/1279/1336 2235/1266/1335
f 2217/1163/1337 2267/1180/1338 2219/1180/1338
f 2247/1072/1339 2201/1083/1340 2199/1072/1339
f 2284/1267/1341 2234/1268/1342 2236/1267/1341
f 2266/1165/1343 2216/1167/1344 2218/1165/1343
f 2200/1061/1345 2246/1062/1346 2198/1062/1346
f 2273/1210/1347 2227/1234/1348 2225/1210/1347
f 2207/1117/1349 2257/1127/1350 2209/1127/1350
f 2274/1224/1330 2224/1201/1351 2226/1224/1330
f 2256/1119/1332 2206/1096/1352 2208/1119/1332
f 2281/1256/1353 2235/1266/1335 2233/1256/1353
f 2263/1164/1354 2217/1163/1337 2215/1164/1354
f 2245/1060/1355 2199/1072/1339 2197/1060/1355
f 2282/1268/1342 2232/1246/1356 2234/1268/1342
f 2216/1150/1344 2262/1140/1357 2214/1140/1357
f 2198/1062/1346 2244/1050/1358 2196/1050/1358
f 2271/1211/1359 2225/1210/1347 2223/1211/1359
f 2253/1095/1360 2207/1117/1349 2205/1095/1360
f 2272/1201/1351 2222/1192/1361 2224/1201/1351
f 2254/1096/1352 2204/1084/1362 2206/1096/1352
f 2279/1257/1363 2233/1256/1353 2231/1257/1363
f 2257/1127/1350 2211/1139/1364 2209/1127/1350
f 2275/1234/1348 2229/1245/1365 2227/1234/1348
f 2202/1073/1366 2248/1061/1345 2200/1061/1345
f 2268/1181/1367 2218/1165/1343 2220/1181/1367
f 2286/1280/1368 2236/1267/1341 2238/1280/1368
f 2249/1083/1340 2203/1082/1369 2201/1083/1340
f 2219/1180/1338 2269/1200/1370 2221/1200/1370
f 2285/1279/1336 2191/1023/1333 2237/1279/1336
f 2242/1040/1371 2193/1024/1372 2194/1040/1371
f 2260/1141/1373 2210/1118/1331 2212/1141/1373
f 2278/1235/1374 2228/1223/1329 2230/1235/1374
f 2241/1024/1372 2238/1280/1368 2193/1024/1372
f 2192/1039/1334 2243/1049/1375 2195/1049/1375
f 2211/1139/1364 2261/1149/1376 2213/1149/1376
f 2229/1245/1365 2279/1257/1363 2231/1257/1363
f 2252/1084/1362 2202/1073/1366 2204/1084/1362
f 2270/1192/1361 2220/1181/1367 2222/1192/1361
f 2251/1082/1369 2205/1095/1360 2203/1082/1369
f 2221/1200/1370 2271/1211/1359 2223/1211/1359
f 2244/1050/1358 2194/1040/1371 2196/1050/1358
f 2262/1140/1357 2212/1141/1373 2214/1140/1357
f 2280/1246/1356 2230/1235/1374 2232/1246/1356
f 2243/1049/1375 2197/1060/1355 2195/1049/1375
f 2261/1149/1376 2215/1287/1354 2213/1149/1376
f 1927/1015/1065 1938/1033/1083 1939/1016/1066
f 1939/1016/1066 1940/1036/1086 1929/1018/1068
f 1929/1018/1068 1940/1036/1086 1941/1019/1069
f 1941/1019/1069 1942/1022/1072 1931/1021/1071
f 1942/1022/1072 1943/1039/1089 1932/1023/1073
f 1933/1024/1074 1944/1040/1090 1945/1025/1075
f 1934/1026/1076 1945/1025/1075 1946/1027/1077
f 1946/1027/1077 1947/1030/1080 1936/1029/1079
f 1947/1030/1080 1948/1032/1082 1937/1031/1081
f 1948/1032/1082 1938/1033/1083 1927/1015/1065
f 1938/1033/1083 1949/1044/1094 1950/1034/1084
f 1939/1016/1066 1950/1034/1084 1951/1035/1085
f 1940/1036/1086 1951/1035/1085 1952/1037/1087
f 1952/1037/1087 1953/1038/1088 1942/1022/1072
f 1953/1038/1088 1954/1049/1099 1943/1039/1089
f 1944/1040/1090 1955/1050/1100 1956/1041/1091
f 1945/1025/1075 1956/1041/1091 1957/1042/1092
f 1957/1042/1092 1958/1043/1093 1947/1030/1080
f 1958/1043/1093 1959/1054/1104 1948/1032/1082
f 1948/1032/1082 1959/1054/1104 1949/1044/1094
f 1960/1045/1095 1961/1046/1096 1950/1034/1084
f 1961/1046/1096 1962/1057/1107 1951/1035/1085
f 1951/1035/1085 1962/1057/1107 1963/1047/1097
f 1952/1037/1087 1963/1047/1097 1964/1048/1098
f 1964/1048/1098 1965/1060/1110 1954/1049/1099
f 1955/1050/1100 1966/1062/1112 1967/1051/1101
f 1956/1041/1091 1967/1051/1101 1968/1052/1102
f 1968/1052/1102 1969/1053/1103 1958/1043/1093
f 1969/1053/1103 1970/1055/1105 1959/1054/1104
f 1970/1055/1105 1960/1045/1095 1949/1044/1094
f 1960/1045/1095 1971/1066/1116 1972/1056/1106
f 1972/1056/1106 1973/1068/1118 1962/1057/1107
f 1962/1057/1107 1973/1068/1118 1974/1058/1108
f 1974/1058/1108 1975/1059/1109 1964/1048/1098
f 1975/1059/1109 1976/1072/1122 1965/1060/1110
f 1977/1061/1111 1978/1074/1124 1967/1051/1101
f 1967/1051/1101 1978/1074/1124 1979/1063/1113
f 1979/1063/1113 1980/1077/1127 1969/1053/1103
f 1969/1053/1103 1980/1077/1127 1981/1064/1114
f 1981/1064/1114 1971/1066/1116 1960/1045/1095
f 1982/1065/1115 1983/1067/1117 1972/1056/1106
f 1983/1067/1117 1984/1069/1119 1973/1068/1118
f 1984/1069/1119 1985/1070/1120 1974/1058/1108
f 1985/1070/1120 1986/1071/1121 1975/1059/1109
f 1986/1071/1121 1987/1083/1133 1976/1072/1122
f 1988/1073/1123 1989/1085/1135 1978/1074/1124
f 1978/1074/1124 1989/1085/1135 1990/1075/1125
f 1979/1063/1113 1990/1075/1125 1991/1076/1126
f 1980/1077/1127 1991/1076/1126 1992/1078/1128
f 1992/1078/1128 1982/1065/1115 1971/1066/1116
f 1993/1079/1129 1994/1090/1140 1983/1067/1117
f 1983/1067/1117 1994/1090/1140 1995/1080/1130
f 1995/1080/1130 1996/1081/1131 1985/1070/1120
f 1996/1081/1131 1997/1094/1144 1986/1071/1121
f 1986/1071/1121 1997/1094/1144 1998/1082/1132
f 1999/1084/1134 2000/1097/1147 1989/1085/1135
f 1989/1085/1135 2000/1097/1147 2001/1086/1136
f 1990/1075/1125 2001/1086/1136 2002/1087/1137
f 1991/1076/1126 2002/1087/1137 2003/1088/1138
f 2003/1088/1138 1993/1079/1129 1982/1065/1115
f 2136/1230/1272 2137/1231/1273 2126/1217/1259
f 2137/1231/1273 2138/1242/1284 2127/1218/1260
f 2127/1218/1260 2138/1242/1284 2139/1232/1274
f 2128/1220/1262 2139/1232/1274 2140/1233/1275
f 2140/1233/1275 2141/1245/1287 2130/1234/1276
f 2142/1235/1277 2143/1236/1278 2132/1225/1267
f 2143/1236/1278 2144/1237/1279 2133/1226/1268
f 2144/1237/1279 2145/1239/1281 2134/1238/1280
f 2145/1239/1281 2146/1250/1292 2135/1228/1270
f 2135/1228/1270 2146/1250/1292 2136/1230/1272
f 2147/1240/1282 2148/1253/1295 2137/1231/1273
f 2137/1231/1273 2148/1253/1295 2149/1241/1283
f 2138/1242/1284 2149/1241/1283 2150/1243/1285
f 2139/1232/1274 2150/1243/1285 2151/1244/1286
f 2151/1244/1286 2152/1257/1299 2141/1245/1287
f 2153/1246/1288 2154/1247/1289 2143/1236/1278
f 2154/1247/1289 2155/1248/1290 2144/1237/1279
f 2155/1248/1290 2156/1249/1291 2145/1239/1281
f 2156/1249/1291 2157/1251/1293 2146/1250/1292
f 2157/1251/1293 2147/1240/1282 2136/1230/1272
f 2158/1252/1294 2159/1262/1304 2148/1253/1295
f 2148/1253/1295 2159/1262/1304 2160/1254/1296
f 2149/1241/1283 2160/1254/1296 2161/1255/1297
f 2161/1255/1297 2162/1265/1307 2151/1244/1286
f 2151/1244/1286 2162/1265/1307 2163/1256/1298
f 2153/1246/1288 2164/1268/1310 2165/1258/1300
f 2165/1258/1300 2166/1259/1301 2155/1248/1290
f 2166/1259/1301 2167/1260/1302 2156/1249/1291
f 2167/1260/1302 2168/1272/1314 2157/1251/1293
f 2157/1251/1293 2168/1272/1314 2158/1252/1294
f 2158/1252/1294 2169/1275/1317 2170/1261/1303
f 2159/1262/1304 2170/1261/1303 2171/1263/1305
f 2160/1254/1296 2171/1263/1305 2172/1264/1306
f 2172/1264/1306 2173/1278/1320 2162/1265/1307
f 2162/1265/1307 2173/1278/1320 2174/1266/1308
f 2175/1267/1309 2176/1269/1311 2165/1258/1300
f 2176/1269/1311 2177/1270/1312 2166/1259/1301
f 2177/1270/1312 2178/1271/1313 2167/1260/1302
f 2178/1271/1313 2179/1273/1315 2168/1272/1314
f 2179/1273/1315 2169/1275/1317 2158/1252/1294
f 2180/1274/1316 2181/1285/1327 2170/1261/1303
f 2170/1261/1303 2181/1285/1327 2182/1276/1318
f 2171/1263/1305 2182/1276/1318 2183/1277/1319
f 2183/1277/1319 2184/1286/1328 2173/1278/1320
f 2173/1278/1320 2184/1286/1328 2185/1279/1321
f 2186/1280/1322 2187/1281/1323 2176/1269/1311
f 2187/1281/1323 2188/1282/1324 2177/1270/1312
f 2188/1282/1324 2189/1283/1325 2178/1271/1313
f 2189/1283/1325 2190/1284/1326 2179/1273/1315
f 2190/1284/1326 2180/1274/1316 2169/1275/1317
f 2180/1274/1316 1927/1015/1065 1928/1017/1067
f 1928/1017/1067 1929/1018/1068 2182/1276/1318
f 2182/1276/1318 1929/1018/1068 1930/1020/1070
f 1930/1020/1070 1931/1021/1071 2184/1286/1328
f 1931/1021/1071 1932/1023/1073 2185/1279/1321
f 1933/1024/1074 1934/1026/1076 2187/1281/1323
f 1934/1026/1076 1935/1028/1078 2188/1282/1324
f 1935/1028/1078 1936/1029/1079 2189/1283/1325
f 1936/1029/1079 1937/1031/1081 2190/1284/1326
f 1937/1031/1081 1927/1015/1065 2180/1274/1316
f 2276/1223/1329 2274/1224/1330 2226/1224/1330
f 2258/1118/1331 2256/1119/1332 2208/1119/1332
f 2191/1023/1333 2239/1023/1333 2240/1039/1334
f 2283/1266/1335 2285/1279/1336 2237/1279/1336
f 2217/1163/1337 2265/1163/1337 2267/1180/1338
f 2247/1072/1339 2249/1083/1340 2201/1083/1340
f 2284/1267/1341 2282/1268/1342 2234/1268/1342
f 2266/1165/1343 2264/1167/1344 2216/1167/1344
f 2200/1061/1345 2248/1061/1345 2246/1062/1346
f 2273/1210/1347 2275/1234/1348 2227/1234/1348
f 2207/1117/1349 2255/1117/1349 2257/1127/1350
f 2274/1224/1330 2272/1201/1351 2224/1201/1351
f 2256/1119/1332 2254/1096/1352 2206/1096/1352
f 2281/1256/1353 2283/1266/1335 2235/1266/1335
f 2263/1164/1354 2265/1163/1337 2217/1163/1337
f 2245/1060/1355 2247/1072/1339 2199/1072/1339
f 2282/1268/1342 2280/1246/1356 2232/1246/1356
f 2216/1150/1344 2264/1150/1344 2262/1140/1357
f 2198/1062/1346 2246/1062/1346 2244/1050/1358
f 2271/1211/1359 2273/1210/1347 2225/1210/1347
f 2253/1095/1360 2255/1117/1349 2207/1117/1349
f 2272/1201/1351 2270/1192/1361 2222/1192/1361
f 2254/1096/1352 2252/1084/1362 2204/1084/1362
f 2279/1257/1363 2281/1256/1353 2233/1256/1353
f 2257/1127/1350 2259/1139/1364 2211/1139/1364
f 2275/1234/1348 2277/1245/1365 2229/1245/1365
f 2202/1073/1366 2250/1073/1366 2248/1061/1345
f 2268/1181/1367 2266/1165/1343 2218/1165/1343
f 2286/1280/1368 2284/1267/1341 2236/1267/1341
f 2249/1083/1340 2251/1082/1369 2203/1082/1369
f 2219/1180/1338 2267/1180/1338 2269/1200/1370
f 2285/1279/1336 2239/1023/1333 2191/1023/1333
f 2242/1040/1371 2241/1024/1372 2193/1024/1372
f 2260/1141/1373 2258/1118/1331 2210/1118/1331
f 2278/1235/1374 2276/1223/1329 2228/1223/1329
f 2241/1024/1372 2286/1280/1368 2238/1280/1368
f 2192/1039/1334 2240/1039/1334 2243/1049/1375
f 2211/1139/1364 2259/1139/1364 2261/1149/1376
f 2229/1245/1365 2277/1245/1365 2279/1257/1363
f 2252/1084/1362 2250/1073/1366 2202/1073/1366
f 2270/1192/1361 2268/1181/1367 2220/1181/1367
f 2251/1082/1369 2253/1095/1360 2205/1095/1360
f 2221/1200/1370 2269/1200/1370 2271/1211/1359
f 2244/1050/1358 2242/1040/1371 2194/1040/1371
f 2262/1140/1357 2260/1141/1373 2212/1141/1373
f 2280/1246/1356 2278/1235/1374 2230/1235/1374
f 2243/1049/1375 2245/1060/1355 2197/1060/1355
f 2261/1149/1376 2263/1287/1354 2215/1287/1354
usemtl MotorMat
f 2329/1256/1377 2375/1257/1377 2327/1257/1377
f 2290/1040/1378 2340/1050/1378 2292/1050/1378
f 2288/1024/1378 2338/1040/1378 2290/1040/1378
f 2307/1139/1377 2353/1127/1377 2305/1127/1377
f 2320/1201/1378 2366/1192/1378 2368/1201/1378
f 2296/1061/1378 2346/1073/1378 2298/1073/1378
f 2313/1163/1377 2359/1164/1377 2311/1164/1377
f 2324/1223/1378 2374/1235/1378 2326/1235/1378
f 2291/1049/1377 2336/1039/1377 2289/1039/1377
f 2302/1096/1378 2352/1119/1378 2304/1119/1378
f 2319/1211/1377 2365/1200/1377 2317/1200/1377
f 2330/1268/1378 2380/1267/1378 2332/1267/1378
f 2295/1072/1377 2345/1083/1377 2343/1072/1377
f 2308/1141/1378 2358/1140/1378 2310/1140/1378
f 2287/1023/1377 2336/1039/1377 2335/1023/1377
f 2325/1245/1377 2371/1234/1377 2323/1234/1377
f 2303/1117/1377 2349/1095/1377 2301/1095/1377
f 2314/1165/1378 2364/1181/1378 2316/1181/1378
f 2331/1266/1377 2377/1256/1377 2329/1256/1377
f 2334/1280/1378 2337/1024/1378 2288/1024/1378
f 2292/1050/1378 2342/1062/1378 2294/1062/1378
f 2309/1149/1377 2355/1139/1377 2307/1139/1377
f 2322/1224/1378 2368/1201/1378 2370/1224/1378
f 2287/1023/1377 2381/1279/1377 2333/1279/1377
f 2314/1165/1378 2360/1167/1378 2362/1165/1378
f 2301/1095/1377 2347/1082/1377 2299/1082/1377
f 2323/1234/1377 2369/1210/1377 2321/1210/1377
f 2306/1118/1378 2356/1141/1378 2308/1141/1378
f 2293/1060/1377 2343/1072/1377 2341/1060/1377
f 2330/1268/1378 2376/1246/1378 2378/1268/1378
f 2315/1180/1377 2365/1200/1377 2363/1180/1377
f 2302/1096/1378 2348/1084/1378 2350/1096/1378
f 2322/1224/1378 2372/1223/1378 2324/1223/1378
f 2309/1149/1377 2359/1287/1377 2357/1149/1377
f 2294/1062/1378 2344/1061/1378 2296/1061/1378
f 2333/1279/1377 2379/1266/1377 2331/1266/1377
f 2316/1181/1378 2366/1192/1378 2318/1192/1378
f 2303/1117/1377 2353/1127/1377 2351/1117/1377
f 2327/1257/1377 2373/1245/1377 2325/1245/1377
f 2310/1140/1378 2360/1150/1378 2312/1150/1378
f 2299/1082/1377 2345/1083/1377 2297/1083/1377
f 2334/1280/1378 2380/1267/1378 2382/1280/1378
f 2321/1210/1377 2367/1211/1377 2319/1211/1377
f 2304/1119/1378 2354/1118/1378 2306/1118/1378
f 2293/1060/1377 2339/1049/1377 2291/1049/1377
f 2326/1235/1378 2376/1246/1378 2328/1246/1378
f 2315/1180/1377 2361/1163/1377 2313/1163/1377
f 2298/1073/1378 2348/1084/1378 2300/1084/1378
f 2410/1165/1378 2456/1167/1378 2458/1165/1378
f 2390/1062/1378 2440/1061/1378 2392/1061/1378
f 2419/1234/1377 2465/1210/1377 2417/1210/1377
f 2401/1127/1377 2447/1117/1377 2399/1117/1377
f 2418/1224/1378 2464/1201/1378 2466/1224/1378
f 2400/1119/1378 2446/1096/1378 2448/1119/1378
f 2425/1256/1377 2475/1266/1377 2473/1256/1377
f 2409/1163/1377 2455/1164/1377 2407/1164/1377
f 2389/1060/1377 2439/1072/1377 2437/1060/1377
f 2424/1246/1378 2474/1268/1378 2426/1268/1378
f 2408/1150/1378 2454/1140/1378 2456/1150/1378
f 2388/1050/1378 2438/1062/1378 2390/1062/1378
f 2417/1210/1377 2463/1211/1377 2415/1211/1377
f 2399/1117/1377 2445/1095/1377 2397/1095/1377
f 2416/1201/1378 2462/1192/1378 2464/1201/1378
f 2398/1096/1378 2444/1084/1378 2446/1096/1378
f 2423/1257/1377 2473/1256/1377 2471/1257/1377
f 2407/1287/1377 2453/1149/1377 2405/1149/1377
f 2387/1049/1377 2437/1060/1377 2435/1049/1377
f 2422/1235/1378 2472/1246/1378 2424/1246/1378
f 2406/1140/1378 2452/1141/1378 2454/1140/1378
f 2386/1040/1378 2436/1050/1378 2388/1050/1378
f 2415/1211/1377 2461/1200/1377 2413/1200/1377
f 2397/1095/1377 2443/1082/1377 2395/1082/1377
f 2456/1150/1378 2502/1140/1378 2504/1150/1378
f 2436/1050/1378 2486/1062/1378 2438/1062/1378
f 2463/1211/1377 2513/1210/1377 2511/1211/1377
f 2445/1095/1377 2495/1117/1377 2493/1095/1377
f 2462/1192/1378 2512/1201/1378 2464/1201/1378
f 2446/1096/1378 2492/1084/1378 2494/1096/1378
f 2473/1256/1377 2519/1257/1377 2471/1257/1377
f 2455/1287/1377 2501/1149/1377 2453/1149/1377
f 2435/1049/1377 2485/1060/1377 2483/1049/1377
f 2470/1235/1378 2520/1246/1378 2472/1246/1378
f 2452/1141/1378 2502/1140/1378 2454/1140/1378
f 2436/1050/1378 2482/1040/1378 2484/1050/1378
f 2461/1200/1377 2511/1211/1377 2509/1200/1377
f 2445/1095/1377 2491/1082/1377 2443/1082/1377
f 2462/1192/1378 2508/1181/1378 2510/1192/1378
f 2444/1084/1378 2490/1073/1378 2492/1084/1378
f 2469/1245/1377 2519/1257/1377 2517/1245/1377
f 2453/1149/1377 2499/1139/1377 2451/1139/1377
f 2435/1049/1377 2480/1039/1377 2432/1039/1377
f 2433/1024/1378 2526/1280/1378 2481/1024/1378
f 2468/1223/1378 2518/1235/1378 2470/1235/1378
f 2450/1118/1378 2500/1141/1378 2452/1141/1378
f 2433/1024/1378 2482/1040/1378 2434/1040/1378
f 2431/1023/1377 2525/1279/1377 2477/1279/1377
f 2426/1268/1378 2476/1267/1378 2428/1267/1378
f 2391/1072/1377 2441/1083/1377 2439/1072/1377
f 2411/1180/1377 2457/1163/1377 2409/1163/1377
f 2427/1266/1377 2477/1279/1377 2475/1266/1377
f 2383/1023/1377 2432/1039/1377 2431/1023/1377
f 2402/1118/1378 2448/1119/1378 2450/1118/1378
f 2420/1223/1378 2466/1224/1378 2468/1223/1378
f 2403/1139/1377 2449/1127/1377 2401/1127/1377
f 2419/1234/1377 2469/1245/1377 2467/1234/1377
f 2392/1061/1378 2442/1073/1378 2394/1073/1378
f 2412/1181/1378 2458/1165/1378 2460/1181/1378
f 2428/1267/1378 2478/1280/1378 2430/1280/1378
f 2393/1083/1377 2443/1082/1377 2441/1083/1377
f 2413/1200/1377 2459/1180/1377 2411/1180/1377
f 2429/1279/1377 2431/1023/1377 2477/1279/1377
f 2385/1024/1378 2434/1040/1378 2386/1040/1378
f 2404/1141/1378 2450/1118/1378 2452/1141/1378
f 2420/1223/1378 2470/1235/1378 2422/1235/1378
f 2430/1280/1378 2433/1024/1378 2385/1024/1378
f 2384/1039/1377 2435/1049/1377 2432/1039/1377
f 2405/1149/1377 2451/1139/1377 2403/1139/1377
f 2421/1245/1377 2471/1257/1377 2469/1245/1377
f 2394/1073/1378 2444/1084/1378 2396/1084/1378
f 2414/1192/1378 2460/1181/1378 2462/1192/1378
f 2474/1268/1378 2520/1246/1378 2522/1268/1378
f 2439/1072/1377 2485/1060/1377 2437/1060/1377
f 2455/1164/1377 2505/1163/1377 2503/1164/1377
f 2473/1256/1377 2523/1266/1377 2521/1256/1377
f 2446/1096/1378 2496/1119/1378 2448/1119/1378
f 2464/1201/1378 2514/1224/1378 2466/1224/1378
f 2449/1127/1377 2495/1117/1377 2447/1117/1377
f 2467/1234/1377 2513/1210/1377 2465/1210/1377
f 2440/1061/1378 2486/1062/1378 2488/1061/1378
f 2456/1167/1378 2506/1165/1378 2458/1165/1378
f 2474/1268/1378 2524/1267/1378 2476/1267/1378
f 2439/1072/1377 2489/1083/1377 2487/1072/1377
f 2457/1163/1377 2507/1180/1377 2505/1163/1377
f 2477/1279/1377 2523/1266/1377 2475/1266/1377
f 2431/1023/1377 2480/1039/1377 2479/1023/1377
f 2450/1118/1378 2496/1119/1378 2498/1118/1378
f 2468/1223/1378 2514/1224/1378 2516/1223/1378
f 2449/1127/1377 2499/1139/1377 2497/1127/1377
f 2467/1234/1377 2517/1245/1377 2515/1234/1377
f 2440/1061/1378 2490/1073/1378 2442/1073/1378
f 2458/1165/1378 2508/1181/1378 2460/1181/1378
f 2478/1280/1378 2524/1267/1378 2526/1280/1378
f 2443/1082/1377 2489/1083/1377 2441/1083/1377
f 2461/1200/1377 2507/1180/1377 2459/1180/1377
f 2329/1256/1377 2377/1256/1377 2375/1257/1377
f 2290/1040/1378 2338/1040/1378 2340/1050/1378
f 2288/1024/1378 2337/1024/1378 2338/1040/1378
f 2307/1139/1377 2355/1139/1377 2353/1127/1377
f 2320/1201/1378 2318/1192/1378 2366/1192/1378
f 2296/1061/1378 2344/1061/1378 2346/1073/1378
f 2313/1163/1377 2361/1163/1377 2359/1164/1377
f 2324/1223/1378 2372/1223/1378 2374/1235/1378
f 2291/1049/1377 2339/1049/1377 2336/1039/1377
f 2302/1096/1378 2350/1096/1378 2352/1119/1378
f 2319/1211/1377 2367/1211/1377 2365/1200/1377
f 2330/1268/1378 2378/1268/1378 2380/1267/1378
f 2295/1072/1377 2297/1083/1377 2345/1083/1377
f 2308/1141/1378 2356/1141/1378 2358/1140/1378
f 2287/1023/1377 2289/1039/1377 2336/1039/1377
f 2325/1245/1377 2373/1245/1377 2371/1234/1377
f 2303/1117/1377 2351/1117/1377 2349/1095/1377
f 2314/1165/1378 2362/1165/1378 2364/1181/1378
f 2331/1266/1377 2379/1266/1377 2377/1256/1377
f 2334/1280/1378 2382/1280/1378 2337/1024/1378
f 2292/1050/1378 2340/1050/1378 2342/1062/1378
f 2309/1149/1377 2357/1149/1377 2355/1139/1377
f 2322/1224/1378 2320/1201/1378 2368/1201/1378
f 2287/1023/1377 2335/1023/1377 2381/1279/1377
f 2314/1165/1378 2312/1167/1378 2360/1167/1378
f 2301/1095/1377 2349/1095/1377 2347/1082/1377
f 2323/1234/1377 2371/1234/1377 2369/1210/1377
f 2306/1118/1378 2354/1118/1378 2356/1141/1378
f 2293/1060/1377 2295/1072/1377 2343/1072/1377
f 2330/1268/1378 2328/1246/1378 2376/1246/1378
f 2315/1180/1377 2317/1200/1377 2365/1200/1377
f 2302/1096/1378 2300/1084/1378 2348/1084/1378
f 2322/1224/1378 2370/1224/1378 2372/1223/1378
f 2309/1149/1377 2311/1287/1377 2359/1287/1377
f 2294/1062/1378 2342/1062/1378 2344/1061/1378
f 2333/1279/1377 2381/1279/1377 2379/1266/1377
f 2316/1181/1378 2364/1181/1378 2366/1192/1378
f 2303/1117/1377 2305/1127/1377 2353/1127/1377
f 2327/1257/1377 2375/1257/1377 2373/1245/1377
f 2310/1140/1378 2358/1140/1378 2360/1150/1378
f 2299/1082/1377 2347/1082/1377 2345/1083/1377
f 2334/1280/1378 2332/1267/1378 2380/1267/1378
f 2321/1210/1377 2369/1210/1377 2367/1211/1377
f 2304/1119/1378 2352/1119/1378 2354/1118/1378
f 2293/1060/1377 2341/1060/1377 2339/1049/1377
f 2326/1235/1378 2374/1235/1378 2376/1246/1378
f 2315/1180/1377 2363/1180/1377 2361/1163/1377
f 2298/1073/1378 2346/1073/1378 2348/1084/1378
f 2410/1165/1378 2408/1167/1378 2456/1167/1378
f 2390/1062/1378 2438/1062/1378 2440/1061/1378
f 2419/1234/1377 2467/1234/1377 2465/1210/1377
f 2401/1127/1377 2449/1127/1377 2447/1117/1377
f 2418/1224/1378 2416/1201/1378 2464/1201/1378
f 2400/1119/1378 2398/1096/1378 2446/1096/1378
f 2425/1256/1377 2427/1266/1377 2475/1266/1377
f 2409/1163/1377 2457/1163/1377 2455/1164/1377
f 2389/1060/1377 2391/1072/1377 2439/1072/1377
f 2424/1246/1378 2472/1246/1378 2474/1268/1378
f 2408/1150/1378 2406/1140/1378 2454/1140/1378
f 2388/1050/1378 2436/1050/1378 2438/1062/1378
f 2417/1210/1377 2465/1210/1377 2463/1211/1377
f 2399/1117/1377 2447/1117/1377 2445/1095/1377
f 2416/1201/1378 2414/1192/1378 2462/1192/1378
f 2398/1096/1378 2396/1084/1378 2444/1084/1378
f 2423/1257/1377 2425/1256/1377 2473/1256/1377
f 2407/1287/1377 2455/1287/1377 2453/1149/1377
f 2387/1049/1377 2389/1060/1377 2437/1060/1377
f 2422/1235/1378 2470/1235/1378 2472/1246/1378
f 2406/1140/1378 2404/1141/1378 2452/1141/1378
f 2386/1040/1378 2434/1040/1378 2436/1050/1378
f 2415/1211/1377 2463/1211/1377 2461/1200/1377
f 2397/1095/1377 2445/1095/1377 2443/1082/1377
f 2456/1150/1378 2454/1140/1378 2502/1140/1378
f 2436/1050/1378 2484/1050/1378 2486/1062/1378
f 2463/1211/1377 2465/1210/1377 2513/1210/1377
f 2445/1095/1377 2447/1117/1377 2495/1117/1377
f 2462/1192/1378 2510/1192/1378 2512/1201/1378
f 2446/1096/1378 2444/1084/1378 2492/1084/1378
f 2473/1256/1377 2521/1256/1377 2519/1257/1377
f 2455/1287/1377 2503/1287/1377 2501/1149/1377
f 2435/1049/1377 2437/1060/1377 2485/1060/1377
f 2470/1235/1378 2518/1235/1378 2520/1246/1378
f 2452/1141/1378 2500/1141/1378 2502/1140/1378
f 2436/1050/1378 2434/1040/1378 2482/1040/1378
f 2461/1200/1377 2463/1211/1377 2511/1211/1377
f 2445/1095/1377 2493/1095/1377 2491/1082/1377
f 2462/1192/1378 2460/1181/1378 2508/1181/1378
f 2444/1084/1378 2442/1073/1378 2490/1073/1378
f 2469/1245/1377 2471/1257/1377 2519/1257/1377
f 2453/1149/1377 2501/1149/1377 2499/1139/1377
f 2435/1049/1377 2483/1049/1377 2480/1039/1377
f 2433/1024/1378 2478/1280/1378 2526/1280/1378
f 2468/1223/1378 2516/1223/1378 2518/1235/1378
f 2450/1118/1378 2498/1118/1378 2500/1141/1378
f 2433/1024/1378 2481/1024/1378 2482/1040/1378
f 2431/1023/1377 2479/1023/1377 2525/1279/1377
f 2426/1268/1378 2474/1268/1378 2476/1267/1378
f 2391/1072/1377 2393/1083/1377 2441/1083/1377
f 2411/1180/1377 2459/1180/1377 2457/1163/1377
f 2427/1266/1377 2429/1279/1377 2477/1279/1377
f 2383/1023/1377 2384/1039/1377 2432/1039/1377
f 2402/1118/1378 2400/1119/1378 2448/1119/1378
f 2420/1223/1378 2418/1224/1378 2466/1224/1378
f 2403/1139/1377 2451/1139/1377 2449/1127/1377
f 2419/1234/1377 2421/1245/1377 2469/1245/1377
f 2392/1061/1378 2440/1061/1378 2442/1073/1378
f 2412/1181/1378 2410/1165/1378 2458/1165/1378
f 2428/1267/1378 2476/1267/1378 2478/1280/1378
f 2393/1083/1377 2395/1082/1377 2443/1082/1377
f 2413/1200/1377 2461/1200/1377 2459/1180/1377
f 2429/1279/1377 2383/1023/1377 2431/1023/1377
f 2385/1024/1378 2433/1024/1378 2434/1040/1378
f 2404/1141/1378 2402/1118/1378 2450/1118/1378
f 2420/1223/1378 2468/1223/1378 2470/1235/1378
f 2430/1280/1378 2478/1280/1378 2433/1024/1378
f 2384/1039/1377 2387/1049/1377 2435/1049/1377
f 2405/1149/1377 2453/1149/1377 2451/1139/1377
f 2421/1245/1377 2423/1257/1377 2471/1257/1377
f 2394/1073/1378 2442/1073/1378 2444/1084/1378
f 2414/1192/1378 2412/1181/1378 2460/1181/1378
f 2474/1268/1378 2472/1246/1378 2520/1246/1378
f 2439/1072/1377 2487/1072/1377 2485/1060/1377
f 2455/1164/1377 2457/1163/1377 2505/1163/1377
f 2473/1256/1377 2475/1266/1377 2523/1266/1377
f 2446/1096/1378 2494/1096/1378 2496/1119/1378
f 2464/1201/1378 2512/1201/1378 2514/1224/1378
f 2449/1127/1377 2497/1127/1377 2495/1117/1377
f 2467/1234/1377 2515/1234/1377 2513/1210/1377
f 2440/1061/1378 2438/1062/1378 2486/1062/1378
f 2456/1167/1378 2504/1167/1378 2506/1165/1378
f 2474/1268/1378 2522/1268/1378 2524/1267/1378
f 2439/1072/1377 2441/1083/1377 2489/1083/1377
f 2457/1163/1377 2459/1180/1377 2507/1180/1377
f 2477/1279/1377 2525/1279/1377 2523/1266/1377
f 2431/1023/1377 2432/1039/1377 2480/1039/1377
f 2450/1118/1378 2448/1119/1378 2496/1119/1378
f 2468/1223/1378 2466/1224/1378 2514/1224/1378
f 2449/1127/1377 2451/1139/1377 2499/1139/1377
f 2467/1234/1377 2469/1245/1377 2517/1245/1377
f 2440/1061/1378 2488/1061/1378 2490/1073/1378
f 2458/1165/1378 2506/1165/1378 2508/1181/1378
f 2478/1280/1378 2476/1267/1378 2524/1267/1378
f 2443/1082/1377 2491/1082/1377 2489/1083/1377
f 2461/1200/1377 2509/1200/1377 2507/1180/1377
usemtl Roof
f 2527/1288/1379 2540/1289/1380 2539/1290/1381
f 2528/1291/1382 2540/1292/1380 2542/1293/1383
f 2527/1294/1379 2539/1295/1381 2544/1296/1384
f 2527/1297/1379 2544/1298/1384 2546/1299/1385
f 2527/1300/1379 2546/1301/1385 2543/1302/1386
f 2528/1291/1382 2542/1293/1383 2549/1303/1387
f 2529/1304/1388 2541/1305/1389 2551/1306/1390
f 2530/1307/1391 2545/1308/1392 2553/1309/1393
f 2531/1310/1394 2547/1311/1395 2555/1312/1396
f 2532/1313/1397 2548/1314/1398 2557/1315/1399
f 2528/1291/1382 2549/1303/1387 2552/1316/1400
f 2529/1304/1388 2551/1306/1390 2554/1317/1401
f 2530/1307/1391 2553/1309/1393 2556/1318/1402
f 2531/1310/1394 2555/1312/1396 2558/1319/1403
f 2532/1313/1397 2557/1315/1399 2550/1320/1404
f 2533/1321/1405 2559/1322/1406 2564/1323/1407
f 2534/1324/1408 2560/1325/1409 2566/1326/1410
f 2535/1327/1411 2561/1328/1412 2567/1329/1413
f 2536/1330/1414 2562/1331/1415 2568/1332/1416
f 2537/1333/1417 2563/1334/1418 2565/1335/1419
f 2565/1335/1419 2568/1336/1416 2538/1337/1420
f 2565/1335/1419 2563/1334/1418 2568/1336/1416
f 2563/1334/1418 2536/1330/1414 2568/1336/1416
f 2568/1332/1416 2567/1338/1413 2538/1339/1420
f 2568/1332/1416 2562/1331/1415 2567/1338/1413
f 2562/1331/1415 2535/1327/1411 2567/1338/1413
f 2567/1329/1413 2566/1340/1410 2538/1341/1420
f 2567/1329/1413 2561/1328/1412 2566/1340/1410
f 2561/1328/1412 2534/1342/1408 2566/1340/1410
f 2566/1326/1410 2564/1343/1407 2538/1344/1420
f 2566/1326/1410 2560/1325/1409 2564/1343/1407
f 2560/1325/1409 2533/1321/1405 2564/1343/1407
f 2564/1323/1407 2565/1345/1419 2538/1346/1420
f 2564/1323/1407 2559/1322/1406 2565/1345/1419
f 2559/1322/1406 2537/1333/1417 2565/1345/1419
f 2550/1320/1404 2563/1334/1418 2537/1333/1417
f 2550/1320/1404 2557/1315/1399 2563/1334/1418
f 2557/1315/1399 2536/1330/1414 2563/1334/1418
f 2558/1319/1403 2562/1331/1415 2536/1330/1414
f 2558/1319/1403 2555/1312/1396 2562/1331/1415
f 2555/1312/1396 2535/1327/1411 2562/1331/1415
f 2556/1318/1402 2561/1328/1412 2535/1327/1411
f 2556/1318/1402 2553/1309/1393 2561/1328/1412
f 2553/1309/1393 2534/1342/1408 2561/1328/1412
f 2554/1317/1401 2560/1325/1409 2534/1324/1408
f 2554/1317/1401 2551/1306/1390 2560/1325/1409
f 2551/1306/1390 2533/1321/1405 2560/1325/1409
f 2552/1316/1400 2559/1322/1406 2533/1321/1405
f 2552/1316/1400 2549/1303/1387 2559/1322/1406
f 2549/1303/1387 2537/1333/1417 2559/1322/1406
f 2557/1315/1399 2558/1319/1403 2536/1330/1414
f 2557/1315/1399 2548/1314/1398 2558/1319/1403
f 2548/1314/1398 2531/1310/1394 2558/1319/1403
f 2555/1312/1396 2556/1318/1402 2535/1327/1411
f 2555/1312/1396 2547/1311/1395 2556/1318/1402
f 2547/1311/1395 2530/1307/1391 2556/1318/1402
f 2553/1309/1393 2554/1347/1401 2534/1342/1408
f 2553/1309/1393 2545/1308/1392 2554/1347/1401
f 2545/1308/1392 2529/1348/1388 2554/1347/1401
f 2551/1306/1390 2552/1316/1400 2533/1321/1405
f 2551/1306/1390 2541/1305/1389 2552/1316/1400
f 2541/1305/1389 2528/1291/1382 2552/1316/1400
f 2549/1303/1387 2550/1320/1404 2537/1333/1417
f 2549/1303/1387 2542/1293/1383 2550/1320/1404
f 2542/1293/1383 2532/1313/1397 2550/1320/1404
f 2543/1302/1386 2548/1314/1398 2532/1313/1397
f 2543/1302/1386 2546/1301/1385 2548/1314/1398
f 2546/1301/1385 2531/1310/1394 2548/1314/1398
f 2546/1299/1385 2547/1311/1395 2531/1310/1394
f 2546/1299/1385 2544/1298/1384 2547/1311/1395
f 2544/1298/1384 2530/1307/1391 2547/1311/1395
f 2544/1296/1384 2545/1308/1392 2530/1307/1391
f 2544/1296/1384 2539/1295/1381 2545/1308/1392
f 2539/1295/1381 2529/1348/1388 2545/1308/1392
f 2542/1293/1383 2543/1349/1386 2532/1313/1397
f 2542/1293/1383 2540/1292/1380 2543/1349/1386
f 2540/1292/1380 2527/1350/1379 2543/1349/1386
f 2539/1290/1381 2541/1305/1389 2529/1304/1388
f 2539/1290/1381 2540/1289/1380 2541/1305/1389
f 2540/1289/1380 2528/1291/1382 2541/1305/1389
usemtl TiresMatBright
f 2004/1089/1139 1994/1090/1140 1993/1079/1129
f 2005/1091/1141 1995/1080/1130 1994/1090/1140
f 2006/1092/1142 1996/1081/1131 1995/1080/1130
f 1996/1081/1131 2008/1093/1143 1997/1094/1144
f 1997/1094/1144 2009/1095/1145 1998/1082/1132
f 2010/1096/1146 2000/1097/1147 1999/1084/1134
f 2000/1097/1147 2012/1098/1148 2001/1086/1136
f 2001/1086/1136 2013/1099/1149 2002/1087/1137
f 2013/1099/1149 2003/1088/1138 2002/1087/1137
f 2014/1100/1150 1993/1079/1129 2003/1088/1138
f 2015/1101/1151 2005/1091/1141 2004/1089/1139
f 2005/1091/1141 2017/1102/1152 2006/1092/1142
f 2017/1102/1152 2007/1103/1153 2006/1092/1142
f 2018/1104/1154 2008/1093/1143 2007/1103/1153
f 2019/1105/1155 2009/1095/1145 2008/1093/1143
f 2010/1096/1146 2022/1106/1156 2011/1107/1157
f 2011/1107/1157 2023/1108/1158 2012/1098/1148
f 2012/1098/1148 2024/1109/1159 2013/1099/1149
f 2013/1099/1149 2025/1110/1160 2014/1100/1150
f 2014/1100/1150 2015/1101/1151 2004/1089/1139
f 2026/1111/1161 2016/1112/1162 2015/1101/1151
f 2027/1113/1163 2017/1102/1152 2016/1112/1162
f 2028/1114/1164 2018/1104/1154 2017/1102/1152
f 2029/1115/1165 2019/1105/1155 2018/1104/1154
f 2030/1116/1166 2020/1117/1167 2019/1105/1155
f 2032/1118/1168 2022/1106/1156 2021/1119/1169
f 2022/1106/1156 2034/1120/1170 2023/1108/1158
f 2023/1108/1158 2035/1121/1171 2024/1109/1159
f 2024/1109/1159 2036/1122/1172 2025/1110/1160
f 2036/1122/1172 2015/1101/1151 2025/1110/1160
f 2026/1111/1161 2038/1123/1173 2027/1113/1163
f 2038/1123/1173 2028/1114/1164 2027/1113/1163
f 2039/1124/1174 2029/1115/1165 2028/1114/1164
f 2040/1125/1175 2030/1116/1166 2029/1115/1165
f 2041/1126/1176 2031/1127/1177 2030/1116/1166
f 2032/1118/1168 2044/1128/1178 2033/1129/1179
f 2033/1129/1179 2045/1130/1180 2034/1120/1170
f 2034/1120/1170 2046/1131/1181 2035/1121/1171
f 2035/1121/1171 2047/1132/1182 2036/1122/1172
f 2047/1132/1182 2026/1111/1161 2036/1122/1172
f 2048/1133/1183 2038/1123/1173 2037/1134/1184
f 2049/1135/1185 2039/1124/1174 2038/1123/1173
f 2050/1136/1186 2040/1125/1175 2039/1124/1174
f 2051/1137/1187 2041/1126/1176 2040/1125/1175
f 2052/1138/1188 2042/1139/1189 2041/1126/1176
f 2054/1140/1190 2044/1128/1178 2043/1141/1191
f 2055/1142/1192 2045/1130/1180 2044/1128/1178
f 2045/1130/1180 2057/1143/1193 2046/1131/1181
f 2046/1131/1181 2058/1144/1194 2047/1132/1182
f 2058/1144/1194 2037/1134/1184 2047/1132/1182
f 2048/1133/1183 2060/1145/1195 2049/1135/1185
f 2060/1145/1195 2050/1136/1186 2049/1135/1185
f 2061/1146/1196 2051/1137/1187 2050/1136/1186
f 2062/1147/1197 2052/1138/1188 2051/1137/1187
f 2063/1148/1198 2053/1149/1199 2052/1138/1188
f 2065/1150/1200 2055/1142/1192 2054/1140/1190
f 2066/1151/1201 2056/1152/1202 2055/1142/1192
f 2056/1152/1202 2068/1153/1203 2057/1143/1193
f 2057/1143/1193 2069/1154/1204 2058/1144/1194
f 2069/1154/1204 2048/1133/1183 2058/1144/1194
f 2070/1155/1205 2060/1156/1195 2059/1157/1206
f 2060/1156/1195 2072/1158/1207 2061/1159/1196
f 2072/1158/1207 2062/1160/1197 2061/1159/1196
f 2062/1160/1197 2074/1161/1208 2063/1162/1198
f 2063/1162/1198 2075/1163/1209 2064/1164/1210
f 2076/1165/1211 2066/1166/1201 2065/1167/1200
f 2077/1168/1212 2067/1169/1213 2066/1166/1201
f 2067/1169/1213 2079/1170/1214 2068/1171/1203
f 2079/1170/1214 2069/1172/1204 2068/1171/1203
f 2080/1173/1215 2059/1157/1206 2069/1172/1204
f 2081/1174/1216 2071/1175/1217 2070/1155/1205
f 2082/1176/1218 2072/1158/1207 2071/1175/1217
f 2083/1177/1219 2073/1178/1220 2072/1158/1207
f 2084/1179/1221 2074/1161/1208 2073/1178/1220
f 2074/1161/1208 2086/1180/1222 2075/1163/1209
f 2087/1181/1223 2077/1168/1212 2076/1165/1211
f 2088/1182/1224 2078/1183/1225 2077/1168/1212
f 2078/1183/1225 2090/1184/1226 2079/1170/1214
f 2079/1170/1214 2091/1185/1227 2080/1173/1215
f 2080/1173/1215 2081/1174/1216 2070/1155/1205
f 2092/1186/1228 2082/1176/1218 2081/1174/1216
f 2093/1187/1229 2083/1177/1219 2082/1176/1218
f 2094/1188/1230 2084/1179/1221 2083/1177/1219
f 2095/1189/1231 2085/1190/1232 2084/1179/1221
f 2096/1191/1233 2086/1180/1222 2085/1190/1232
f 2098/1192/1234 2088/1182/1224 2087/1181/1223
f 2099/1193/1235 2089/1194/1236 2088/1182/1224
f 2089/1194/1236 2101/1195/1237 2090/1184/1226
f 2090/1184/1226 2102/1196/1238 2091/1185/1227
f 2091/1185/1227 2092/1186/1228 2081/1174/1216
f 2103/1197/1239 2093/1187/1229 2092/1186/1228
f 2093/1187/1229 2105/1198/1240 2094/1188/1230
f 2105/1198/1240 2095/1189/1231 2094/1188/1230
f 2095/1189/1231 2107/1199/1241 2096/1191/1233
f 2107/1199/1241 2097/1200/1242 2096/1191/1233
f 2109/1201/1243 2099/1193/1235 2098/1192/1234
f 2110/1202/1244 2100/1203/1245 2099/1193/1235
f 2100/1203/1245 2112/1204/1246 2101/1195/1237
f 2112/1204/1246 2102/1196/1238 2101/1195/1237
f 2102/1196/1238 2103/1197/1239 2092/1186/1228
f 2114/1205/1247 2104/1206/1248 2103/1197/1239
f 2115/1207/1249 2105/1198/1240 2104/1206/1248
f 2105/1198/1240 2117/1208/1250 2106/1209/1251
f 2117/1208/1250 2107/1199/1241 2106/1209/1251
f 2107/1199/1241 2119/1210/1252 2108/1211/1253
f 2109/1201/1243 2121/1212/1254 2110/1202/1244
f 2121/1212/1254 2111/1213/1255 2110/1202/1244
f 2122/1214/1256 2112/1204/1246 2111/1213/1255
f 2112/1204/1246 2124/1215/1257 2113/1216/1258
f 2124/1215/1257 2103/1197/1239 2113/1216/1258
f 2114/1205/1247 2126/1217/1259 2115/1207/1249
f 2115/1207/1249 2127/1218/1260 2116/1219/1261
f 2116/1219/1261 2128/1220/1262 2117/1208/1250
f 2128/1220/1262 2118/1221/1263 2117/1208/1250
f 2129/1222/1264 2119/1210/1252 2118/1221/1263
f 2131/1223/1265 2121/1212/1254 2120/1224/1266
f 2132/1225/1267 2122/1214/1256 2121/1212/1254
f 2133/1226/1268 2123/1227/1269 2122/1214/1256
f 2123/1227/1269 2135/1228/1270 2124/1215/1257
f 2124/1215/1257 2125/1229/1271 2114/1205/1247
f 2004/1089/1139 2005/1091/1141 1994/1090/1140
f 2005/1091/1141 2006/1092/1142 1995/1080/1130
f 2006/1092/1142 2007/1103/1153 1996/1081/1131
f 1996/1081/1131 2007/1103/1153 2008/1093/1143
f 1997/1094/1144 2008/1093/1143 2009/1095/1145
f 2010/1096/1146 2011/1107/1157 2000/1097/1147
f 2000/1097/1147 2011/1107/1157 2012/1098/1148
f 2001/1086/1136 2012/1098/1148 2013/1099/1149
f 2013/1099/1149 2014/1100/1150 2003/1088/1138
f 2014/1100/1150 2004/1089/1139 1993/1079/1129
f 2015/1101/1151 2016/1112/1162 2005/1091/1141
f 2005/1091/1141 2016/1112/1162 2017/1102/1152
f 2017/1102/1152 2018/1104/1154 2007/1103/1153
f 2018/1104/1154 2019/1105/1155 2008/1093/1143
f 2019/1105/1155 2020/1117/1167 2009/1095/1145
f 2010/1096/1146 2021/1119/1169 2022/1106/1156
f 2011/1107/1157 2022/1106/1156 2023/1108/1158
f 2012/1098/1148 2023/1108/1158 2024/1109/1159
f 2013/1099/1149 2024/1109/1159 2025/1110/1160
f 2014/1100/1150 2025/1110/1160 2015/1101/1151
f 2026/1111/1161 2027/1113/1163 2016/1112/1162
f 2027/1113/1163 2028/1114/1164 2017/1102/1152
f 2028/1114/1164 2029/1115/1165 2018/1104/1154
f 2029/1115/1165 2030/1116/1166 2019/1105/1155
f 2030/1116/1166 2031/1127/1177 2020/1117/1167
f 2032/1118/1168 2033/1129/1179 2022/1106/1156
f 2022/1106/1156 2033/1129/1179 2034/1120/1170
f 2023/1108/1158 2034/1120/1170 2035/1121/1171
f 2024/1109/1159 2035/1121/1171 2036/1122/1172
f 2036/1122/1172 2026/1111/1161 2015/1101/1151
f 2026/1111/1161 2037/1134/1184 2038/1123/1173
f 2038/1123/1173 2039/1124/1174 2028/1114/1164
f 2039/1124/1174 2040/1125/1175 2029/1115/1165
f 2040/1125/1175 2041/1126/1176 2030/1116/1166
f 2041/1126/1176 2042/1139/1189 2031/1127/1177
f 2032/1118/1168 2043/1141/1191 2044/1128/1178
f 2033/1129/1179 2044/1128/1178 2045/1130/1180
f 2034/1120/1170 2045/1130/1180 2046/1131/1181
f 2035/1121/1171 2046/1131/1181 2047/1132/1182
f 2047/1132/1182 2037/1134/1184 2026/1111/1161
f 2048/1133/1183 2049/1135/1185 2038/1123/1173
f 2049/1135/1185 2050/1136/1186 2039/1124/1174
f 2050/1136/1186 2051/1137/1187 2040/1125/1175
f 2051/1137/1187 2052/1138/1188 2041/1126/1176
f 2052/1138/1188 2053/1149/1199 2042/1139/1189
f 2054/1140/1190 2055/1142/1192 2044/1128/1178
f 2055/1142/1192 2056/1152/1202 2045/1130/1180
f 2045/1130/1180 2056/1152/1202 2057/1143/1193
f 2046/1131/1181 2057/1143/1193 2058/1144/1194
f 2058/1144/1194 2048/1133/1183 2037/1134/1184
f 2048/1133/1183 2059/1351/1206 2060/1145/1195
f 2060/1145/1195 2061/1146/1196 2050/1136/1186
f 2061/1146/1196 2062/1147/1197 2051/1137/1187
f 2062/1147/1197 2063/1148/1198 2052/1138/1188
f 2063/1148/1198 2064/1287/1210 2053/1149/1199
f 2065/1150/1200 2066/1151/1201 2055/1142/1192
f 2066/1151/1201 2067/1352/1213 2056/1152/1202
f 2056/1152/1202 2067/1352/1213 2068/1153/1203
f 2057/1143/1193 2068/1153/1203 2069/1154/1204
f 2069/1154/1204 2059/1351/1206 2048/1133/1183
f 2070/1155/1205 2071/1175/1217 2060/1156/1195
f 2060/1156/1195 2071/1175/1217 2072/1158/1207
f 2072/1158/1207 2073/1178/1220 2062/1160/1197
f 2062/1160/1197 2073/1178/1220 2074/1161/1208
f 2063/1162/1198 2074/1161/1208 2075/1163/1209
f 2076/1165/1211 2077/1168/1212 2066/1166/1201
f 2077/1168/1212 2078/1183/1225 2067/1169/1213
f 2067/1169/1213 2078/1183/1225 2079/1170/1214
f 2079/1170/1214 2080/1173/1215 2069/1172/1204
f 2080/1173/1215 2070/1155/1205 2059/1157/1206
f 2081/1174/1216 2082/1176/1218 2071/1175/1217
f 2082/1176/1218 2083/1177/1219 2072/1158/1207
f 2083/1177/1219 2084/1179/1221 2073/1178/1220
f 2084/1179/1221 2085/1190/1232 2074/1161/1208
f 2074/1161/1208 2085/1190/1232 2086/1180/1222
f 2087/1181/1223 2088/1182/1224 2077/1168/1212
f 2088/1182/1224 2089/1194/1236 2078/1183/1225
f 2078/1183/1225 2089/1194/1236 2090/1184/1226
f 2079/1170/1214 2090/1184/1226 2091/1185/1227
f 2080/1173/1215 2091/1185/1227 2081/1174/1216
f 2092/1186/1228 2093/1187/1229 2082/1176/1218
f 2093/1187/1229 2094/1188/1230 2083/1177/1219
f 2094/1188/1230 2095/1189/1231 2084/1179/1221
f 2095/1189/1231 2096/1191/1233 2085/1190/1232
f 2096/1191/1233 2097/1200/1242 2086/1180/1222
f 2098/1192/1234 2099/1193/1235 2088/1182/1224
f 2099/1193/1235 2100/1203/1245 2089/1194/1236
f 2089/1194/1236 2100/1203/1245 2101/1195/1237
f 2090/1184/1226 2101/1195/1237 2102/1196/1238
f 2091/1185/1227 2102/1196/1238 2092/1186/1228
f 2103/1197/1239 2104/1206/1248 2093/1187/1229
f 2093/1187/1229 2104/1206/1248 2105/1198/1240
f 2105/1198/1240 2106/1209/1251 2095/1189/1231
f 2095/1189/1231 2106/1209/1251 2107/1199/1241
f 2107/1199/1241 2108/1211/1253 2097/1200/1242
f 2109/1201/1243 2110/1202/1244 2099/1193/1235
f 2110/1202/1244 2111/1213/1255 2100/1203/1245
f 2100/1203/1245 2111/1213/1255 2112/1204/1246
f 2112/1204/1246 2113/1216/1258 2102/1196/1238
f 2102/1196/1238 2113/1216/1258 2103/1197/1239
f 2114/1205/1247 2115/1207/1249 2104/1206/1248
f 2115/1207/1249 2116/1219/1261 2105/1198/1240
f 2105/1198/1240 2116/1219/1261 2117/1208/1250
f 2117/1208/1250 2118/1221/1263 2107/1199/1241
f 2107/1199/1241 2118/1221/1263 2119/1210/1252
f 2109/1201/1243 2120/1224/1266 2121/1212/1254
f 2121/1212/1254 2122/1214/1256 2111/1213/1255
f 2122/1214/1256 2123/1227/1269 2112/1204/1246
f 2112/1204/1246 2123/1227/1269 2124/1215/1257
f 2124/1215/1257 2114/1205/1247 2103/1197/1239
f 2114/1205/1247 2125/1229/1271 2126/1217/1259
f 2115/1207/1249 2126/1217/1259 2127/1218/1260
f 2116/1219/1261 2127/1218/1260 2128/1220/1262
f 2128/1220/1262 2129/1222/1264 2118/1221/1263
f 2129/1222/1264 2130/1234/1276 2119/1210/1252
f 2131/1223/1265 2132/1225/1267 2121/1212/1254
f 2132/1225/1267 2133/1226/1268 2122/1214/1256
f 2133/1226/1268 2134/1238/1280 2123/1227/1269
f 2123/1227/1269 2134/1238/1280 2135/1228/1270
f 2124/1215/1257 2135/1228/1270 2125/1229/1271
o LightFR
v -0.452457 0.472435 1.889892
v -0.410452 0.483690 1.889892
v -0.379702 0.514439 1.889892
v -0.368447 0.556444 1.889892
v -0.379702 0.598449 1.889892
v -0.410452 0.629199 1.889892
v -0.452457 0.640454 1.889892
v -0.494462 0.629199 1.889892
v -0.525212 0.598449 1.889892
v -0.536467 0.556444 1.889892
v -0.525212 0.514439 1.889892
v -0.494462 0.483690 1.889892
vn -0.0000 -0.0000 1.0000
vt 0.990000 0.250000
vt 0.630000 0.042154
vt 0.630000 0.457846
vt 0.750000 0.490000
vt 0.870000 0.457846
vt 0.957846 0.370000
vt 0.957846 0.130000
vt 0.870000 0.042154
vt 0.750000 0.010000
vt 0.542154 0.130000
vt 0.510000 0.250000
vt 0.542154 0.370000
s 1
usemtl MatLightWhite
f 2572/1353/1421 2576/1354/1421 2580/1355/1421
f 2580/1355/1421 2569/1356/1421 2570/1357/1421
f 2570/1357/1421 2571/1358/1421 2572/1353/1421
f 2572/1353/1421 2573/1359/1421 2574/1360/1421
f 2574/1360/1421 2575/1361/1421 2576/1354/1421
f 2576/1354/1421 2577/1362/1421 2578/1363/1421
f 2578/1363/1421 2579/1364/1421 2580/1355/1421
f 2580/1355/1421 2570/1357/1421 2572/1353/1421
f 2572/1353/1421 2574/1360/1421 2576/1354/1421
f 2576/1354/1421 2578/1363/1421 2580/1355/1421
o LightFL
v 0.452457 0.472435 1.889892
v 0.494462 0.483690 1.889892
v 0.525212 0.514439 1.889892
v 0.536467 0.556444 1.889892
v 0.525212 0.598449 1.889892
v 0.494462 0.629199 1.889892
v 0.452457 0.640454 1.889892
v 0.410453 0.629199 1.889892
v 0.379703 0.598449 1.889892
v 0.368448 0.556444 1.889892
v 0.379703 0.514439 1.889892
v 0.410453 0.483690 1.889892
vn -0.0000 -0.0000 1.0000
vt 0.990000 0.250000
vt 0.630000 0.042154
vt 0.630000 0.457846
vt 0.750000 0.490000
vt 0.870000 0.457846
vt 0.957846 0.370000
vt 0.957846 0.130000
vt 0.870000 0.042154
vt 0.750000 0.010000
vt 0.542154 0.130000
vt 0.510000 0.250000
vt 0.542154 0.370000
s 1
usemtl MatLightWhite
f 2584/1365/1422 2588/1366/1422 2592/1367/1422
f 2592/1367/1422 2581/1368/1422 2582/1369/1422
f 2582/1369/1422 2583/1370/1422 2584/1365/1422
f 2584/1365/1422 2585/1371/1422 2586/1372/1422
f 2586/1372/1422 2587/1373/1422 2588/1366/1422
f 2588/1366/1422 2589/1374/1422 2590/1375/1422
f 2590/1375/1422 2591/1376/1422 2592/1367/1422
f 2592/1367/1422 2582/1369/1422 2584/1365/1422
f 2584/1365/1422 2586/1372/1422 2588/1366/1422
f 2588/1366/1422 2590/1375/1422 2592/1367/1422
o LightBR
v -0.782536 0.571296 -2.018576
v -0.754898 0.578702 -2.018576
v -0.734666 0.598934 -2.018576
v -0.727260 0.626572 -2.018576
v -0.734666 0.654210 -2.018576
v -0.754898 0.674443 -2.018576
v -0.782536 0.681848 -2.018576
v -0.810174 0.674443 -2.018576
v -0.830406 0.654210 -2.018576
v -0.837812 0.626572 -2.018576
v -0.830406 0.598934 -2.018576
v -0.810174 0.578702 -2.018576
vn -0.0000 -0.0000 -1.0000
vt 0.990000 0.250000
vt 0.630000 0.042154
vt 0.630000 0.457846
vt 0.750000 0.490000
vt 0.870000 0.457846
vt 0.957846 0.370000
vt 0.957846 0.130000
vt 0.870000 0.042154
vt 0.750000 0.010000
vt 0.542154 0.130000
vt 0.510000 0.250000
vt 0.542154 0.370000
s 1
usemtl MatLightRed
f 2596/1377/1423 2604/1379/1423 2600/1378/1423
f 2604/1379/1423 2594/1381/1423 2593/1380/1423
f 2594/1381/1423 2596/1377/1423 2595/1382/1423
f 2596/1377/1423 2598/1384/1423 2597/1383/1423
f 2598/1384/1423 2600/1378/1423 2599/1385/1423
f 2600/1378/1423 2602/1387/1423 2601/1386/1423
f 2602/1387/1423 2604/1379/1423 2603/1388/1423
f 2604/1379/1423 2596/1377/1423 2594/1381/1423
f 2596/1377/1423 2600/1378/1423 2598/1384/1423
f 2600/1378/1423 2604/1379/1423 2602/1387/1423
o LightBL
v 0.782536 0.571296 -2.018576
v 0.810174 0.578702 -2.018576
v 0.830406 0.598934 -2.018576
v 0.837812 0.626572 -2.018576
v 0.830406 0.654210 -2.018576
v 0.810174 0.674443 -2.018576
v 0.782536 0.681848 -2.018576
v 0.754898 0.674443 -2.018576
v 0.734665 0.654210 -2.018576
v 0.727260 0.626572 -2.018576
v 0.734665 0.598934 -2.018576
v 0.754898 0.578702 -2.018576
vn -0.0000 -0.0000 -1.0000
vt 0.990000 0.250000
vt 0.630000 0.042154
vt 0.630000 0.457846
vt 0.750000 0.490000
vt 0.870000 0.457846
vt 0.957846 0.370000
vt 0.957846 0.130000
vt 0.870000 0.042154
vt 0.750000 0.010000
vt 0.542154 0.130000
vt 0.510000 0.250000
vt 0.542154 0.370000
s 1
usemtl MatLightRed
f 2608/1389/1424 2616/1391/1424 2612/1390/1424
f 2616/1391/1424 2606/1393/1424 2605/1392/1424
f 2606/1393/1424 2608/1389/1424 2607/1394/1424
f 2608/1389/1424 2610/1396/1424 2609/1395/1424
f 2610/1396/1424 2612/1390/1424 2611/1397/1424
f 2612/1390/1424 2614/1399/1424 2613/1398/1424
f 2614/1399/1424 2616/1391/1424 2615/1400/1424
f 2616/1391/1424 2608/1389/1424 2606/1393/1424
f 2608/1389/1424 2612/1390/1424 2610/1396/1424
f 2612/1390/1424 2616/1391/1424 2614/1399/1424
o Body
v -0.666323 1.170986 0.462586
v -0.638685 1.178392 0.462586
v -0.618453 1.198624 0.462586
v -0.611048 1.226262 0.462586
v -0.618453 1.253900 0.462586
v -0.638685 1.274133 0.462586
v -0.666323 1.281538 0.462586
v -0.693961 1.274133 0.462586
v -0.714194 1.253900 0.462586
v -0.721599 1.226262 0.462586
v -0.714194 1.198624 0.462586
v -0.693961 1.178392 0.462586
v 0.782536 0.554590 -1.995635
v 0.818527 0.564234 -1.995635
v 0.844874 0.590581 -1.995635
v 0.854518 0.626572 -1.995635
v 0.844874 0.662563 -1.995635
v 0.818527 0.688911 -1.995635
v 0.782536 0.698554 -1.995635
v 0.746545 0.688911 -1.995635
v 0.720197 0.662563 -1.995635
v 0.710553 0.626572 -1.995635
v 0.720197 0.590581 -1.995635
v 0.746545 0.564234 -1.995635
v 0.782536 0.626572 -1.931933
v 0.782536 0.554590 -2.021794
v 0.818527 0.564234 -2.021794
v 0.844874 0.590581 -2.021794
v 0.854518 0.626572 -2.021794
v 0.844874 0.662563 -2.021794
v 0.818527 0.688911 -2.021794
v 0.782536 0.698554 -2.021794
v 0.746545 0.688911 -2.021794
v 0.720197 0.662563 -2.021794
v 0.710553 0.626572 -2.021794
v 0.720197 0.590581 -2.021794
v 0.746545 0.564234 -2.021794
v 0.782536 0.571296 -2.039256
v 0.810174 0.578702 -2.039256
v 0.830406 0.598934 -2.039256
v 0.837812 0.626572 -2.039256
v 0.830406 0.654210 -2.039256
v 0.810174 0.674442 -2.039256
v 0.782536 0.681848 -2.039256
v 0.754898 0.674442 -2.039256
v 0.734665 0.654210 -2.039256
v 0.727260 0.626572 -2.039256
v 0.734665 0.598934 -2.039256
v 0.754898 0.578702 -2.039256
v 0.782536 0.571296 -2.018576
v 0.810174 0.578702 -2.018576
v 0.830406 0.598934 -2.018576
v 0.837812 0.626572 -2.018576
v 0.830406 0.654210 -2.018576
v 0.810174 0.674442 -2.018576
v 0.782536 0.681848 -2.018576
v 0.754898 0.674442 -2.018576
v 0.734665 0.654210 -2.018576
v 0.727260 0.626572 -2.018576
v 0.734665 0.598934 -2.018576
v 0.754898 0.578702 -2.018576
v -0.660970 0.396447 -0.542950
v -0.660970 0.942007 -0.542950
v -0.660970 0.396447 -1.985444
v -0.660970 0.942007 -1.985444
v 0.660971 0.396447 -0.542950
v 0.660971 0.942007 -0.542950
v 0.660971 0.396447 -1.985444
v 0.660971 0.942007 -1.985444
v -0.612912 1.006712 -0.595390
v -0.612912 1.006712 -1.933004
v 0.612913 1.006712 -1.933004
v 0.612913 1.006712 -0.595390
v -0.548216 1.008987 -0.665987
v -0.548216 1.008987 -1.862407
v 0.548216 1.008987 -1.862407
v 0.548216 1.008987 -0.665987
v -0.497789 0.941145 -0.721013
v -0.497789 0.941145 -1.807381
v 0.497789 0.941145 -1.807381
v 0.497789 0.941145 -0.721013
v -0.547156 0.895036 -1.962481
v -0.547156 0.443418 -1.962481
v 0.547156 0.443418 -1.962481
v 0.547156 0.895036 -1.962481
v -0.520454 1.136802 -1.131550
v 0.520454 1.136802 -1.131550
v -0.520454 0.972322 -1.071684
v 0.520454 0.972322 -1.071684
v -0.520454 0.884804 -0.920098
v 0.520454 0.884804 -0.920098
v -0.520454 0.915199 -0.747721
v 0.520454 0.915199 -0.747721
v -0.520454 1.049284 -0.635210
v 0.520454 1.049284 -0.635210
v -0.520454 1.224320 -0.635210
v 0.520454 1.224320 -0.635210
v -0.520454 1.358406 -0.747721
v 0.520454 1.358406 -0.747721
v -0.520454 1.388801 -0.920098
v 0.520454 1.388801 -0.920098
v -0.520454 1.301283 -1.071684
v 0.520454 1.301283 -1.071684
v -0.528387 1.136802 -1.107321
v -0.528387 0.987896 -1.053123
v 0.528388 0.987896 -1.053123
v 0.528388 1.136802 -1.107321
v -0.528387 0.908665 -0.915891
v 0.528388 0.908665 -0.915891
v -0.528387 0.936182 -0.759836
v 0.528388 0.936182 -0.759836
v -0.528387 1.057571 -0.657979
v 0.528388 1.057571 -0.657979
v -0.528387 1.216033 -0.657979
v 0.528388 1.216033 -0.657979
v -0.528387 1.337423 -0.759836
v 0.528388 1.337423 -0.759836
v -0.528387 1.364939 -0.915891
v 0.528388 1.364939 -0.915891
v -0.528387 1.285708 -1.053123
v 0.528388 1.285708 -1.053123
v -0.510499 1.136802 -1.087678
v -0.510499 1.000523 -1.038076
v 0.510499 1.000523 -1.038076
v 0.510499 1.136802 -1.087678
v -0.510499 0.928010 -0.912480
v 0.510499 0.928010 -0.912480
v -0.510499 0.953193 -0.769658
v 0.510499 0.953193 -0.769658
v -0.510499 1.064289 -0.676437
v 0.510499 1.064289 -0.676437
v -0.510499 1.209315 -0.676437
v 0.510499 1.209315 -0.676437
v -0.510499 1.320411 -0.769658
v 0.510499 1.320411 -0.769658
v -0.510499 1.345595 -0.912480
v 0.510499 1.345595 -0.912480
v -0.510499 1.273082 -1.038076
v 0.510499 1.273082 -1.038076
v -0.562721 0.316064 0.421616
v -0.632351 0.488245 0.511660
v -0.615023 0.316064 -0.547441
v -0.668072 0.488246 -0.547441
v 0.562721 0.316064 0.421616
v 0.632351 0.488245 0.511660
v 0.615023 0.316064 -0.547441
v 0.668072 0.488246 -0.547441
v -0.495265 0.316064 0.713198
v -0.495265 0.488245 0.713198
v 0.495265 0.488245 0.713198
v 0.495265 0.316064 0.713198
v -0.380315 0.316064 0.741414
v 0.380315 0.316064 0.741414
v -0.299859 0.316064 1.729374
v 0.299859 0.316064 1.729374
v -0.283505 0.334876 1.820184
v -0.283505 0.469433 1.820184
v 0.283505 0.469433 1.820184
v 0.283505 0.334876 1.820184
v -0.226219 0.469433 1.859184
v -0.226219 0.334876 1.859184
v 0.208750 0.469433 1.859184
v 0.208750 0.334876 1.859184
v -0.632351 0.982253 0.511660
v -0.668072 0.982253 -0.547441
v 0.668072 0.982253 -0.547441
v 0.632351 0.982253 0.511660
v 0.495265 0.982253 0.747179
v -0.495265 0.982253 0.747179
v -0.632351 0.982253 0.511660
v -0.668072 0.982253 -0.547441
v 0.668072 0.982253 -0.547441
v 0.632351 0.982253 0.511660
v 0.495265 0.982253 0.747179
v -0.495265 0.982253 0.747179
v -0.632351 1.115402 0.520927
v -0.668072 1.128319 -0.532552
v 0.668072 1.128319 -0.532552
v 0.632351 1.115402 0.520927
v -0.596119 1.347764 0.513391
v -0.629793 1.388020 -0.520701
v 0.629793 1.388020 -0.520701
v 0.596119 1.347764 0.513391
v -0.607873 1.136820 0.436719
v -0.642211 1.147665 -0.447684
v 0.642211 1.147665 -0.447684
v 0.607873 1.136820 0.436719
v -0.573043 1.331890 0.430393
v -0.605414 1.365686 -0.437735
v 0.605414 1.365686 -0.437735
v 0.573043 1.331890 0.430393
v 0.606788 1.135698 0.519178
v -0.606788 1.135698 0.519178
v 0.572021 1.327354 0.511643
v -0.572020 1.327354 0.511643
v -0.143935 0.360331 1.911232
v 0.126467 0.360331 1.911232
v 0.126467 0.443979 1.911232
v -0.143935 0.443979 1.911232
v 0.299859 0.783456 1.733492
v -0.299859 0.783456 1.733492
v 0.283505 0.764644 1.824302
v -0.283505 0.764644 1.824302
v 0.238047 0.934817 1.703546
v -0.238046 0.934817 1.703546
v 0.225064 0.916004 1.794356
v -0.225063 0.916004 1.794356
v 0.053862 0.996425 1.687430
v -0.053862 0.996425 1.687430
v 0.050924 0.977613 1.778240
v -0.050924 0.977613 1.778240
v -0.366075 0.503765 0.760288
v -0.381852 0.488245 0.722540
v 0.366075 0.503765 0.760288
v 0.383825 0.487433 0.740552
v -0.288694 0.503765 1.710500
v -0.299857 0.488246 1.729374
v 0.299857 0.488246 1.729374
v 0.288694 0.503765 1.710500
v 0.250183 0.506162 1.832172
v -0.250183 0.506162 1.832172
v 0.250183 0.766675 1.835806
v -0.250183 0.766675 1.835806
v 0.198610 0.900245 1.809379
v -0.198610 0.900245 1.809379
v 0.044939 0.954612 1.795157
v -0.044939 0.954612 1.795157
v 0.232250 0.525928 1.823750
v -0.232250 0.525928 1.823750
v 0.232250 0.767768 1.827124
v -0.232250 0.767768 1.827124
v 0.184375 0.891764 1.802592
v -0.184375 0.891764 1.802592
v 0.041718 0.942235 1.789389
v -0.041718 0.942235 1.789389
v 0.223384 0.535702 1.809579
v -0.223384 0.535702 1.809579
v 0.223384 0.768299 1.812825
v -0.223384 0.768299 1.812825
v 0.177336 0.887548 1.789231
v -0.177336 0.887548 1.789231
v 0.040125 0.936088 1.776533
v -0.040125 0.936088 1.776533
v 0.497459 1.075437 0.671884
v 0.470231 1.056970 0.710541
v -0.470231 1.056970 0.710541
v -0.497459 1.075437 0.671884
v 0.219828 0.304562 1.531218
v 0.219828 0.391227 1.531218
v 0.219828 0.304562 1.432263
v 0.219828 0.391227 1.432263
v 0.762463 0.304562 1.531218
v 0.762463 0.391227 1.531218
v 0.762463 0.304562 1.432263
v 0.762463 0.391227 1.432263
v -0.695398 0.304562 1.531218
v -0.695398 0.391227 1.531218
v -0.695398 0.304562 1.432263
v -0.695398 0.391227 1.432263
v -0.152763 0.304562 1.531218
v -0.152763 0.391227 1.531218
v -0.152763 0.304562 1.432263
v -0.152763 0.391227 1.432263
v 0.231972 0.539904 1.771212
v 0.231972 0.580402 1.771212
v 0.249818 0.539904 1.728554
v 0.249818 0.580402 1.728554
v 0.465891 0.539904 1.869077
v 0.465891 0.580402 1.869077
v 0.483737 0.539904 1.826419
v 0.483737 0.580402 1.826419
v -0.461156 0.539904 1.870100
v -0.461156 0.580402 1.870100
v -0.479407 0.539904 1.827614
v -0.479407 0.580402 1.827614
v -0.228177 0.539904 1.770017
v -0.228177 0.580402 1.770017
v -0.246428 0.539904 1.727531
v -0.246428 0.580402 1.727531
v -0.805473 0.612467 -1.919567
v -0.805473 0.643322 -1.919567
v -0.805473 0.612467 -1.954796
v -0.805473 0.643322 -1.954796
v 0.805473 0.612467 -1.919567
v 0.805473 0.643322 -1.919567
v 0.805473 0.612467 -1.954796
v 0.805473 0.643322 -1.954796
v -0.607873 1.136820 0.436719
v -0.642211 1.147665 -0.447684
v 0.642211 1.147665 -0.447684
v 0.607873 1.136820 0.436719
v -0.573043 1.331890 0.430393
v -0.605414 1.365686 -0.437735
v 0.605414 1.365686 -0.437735
v 0.573043 1.331890 0.430393
v 0.606788 1.135698 0.519178
v -0.606788 1.135698 0.519178
v 0.572021 1.327354 0.511643
v -0.572020 1.327354 0.511643
v -0.596119 1.347764 0.513391
v -0.629793 1.388020 -0.520701
v 0.629793 1.388020 -0.520701
v 0.596119 1.347764 0.513391
v -0.480077 1.529265 0.327297
v -0.507196 1.609394 -0.417747
v 0.507196 1.609394 -0.417747
v 0.480077 1.529265 0.327297
v 0.522077 1.331177 0.635077
v -0.522077 1.331177 0.635077
v 0.522077 1.394711 0.635077
v -0.522077 1.394711 0.635077
v 0.400236 1.318300 0.686800
v -0.400236 1.318300 0.686800
v 0.400236 1.351950 0.686800
v -0.400236 1.351950 0.686800
v -0.452457 0.447044 1.866950
v -0.397757 0.461700 1.866950
v -0.357713 0.501744 1.866950
v -0.343056 0.556444 1.866950
v -0.357713 0.611145 1.866950
v -0.397757 0.651188 1.866950
v -0.452457 0.665845 1.866950
v -0.507157 0.651188 1.866950
v -0.547201 0.611145 1.866950
v -0.561858 0.556444 1.866950
v -0.547201 0.501744 1.866950
v -0.507157 0.461700 1.866950
v -0.452457 0.556444 1.803248
v -0.452457 0.447044 1.893109
v -0.397757 0.461700 1.893109
v -0.357713 0.501744 1.893109
v -0.343056 0.556444 1.893109
v -0.357713 0.611145 1.893109
v -0.397757 0.651188 1.893109
v -0.452457 0.665845 1.893109
v -0.507157 0.651188 1.893109
v -0.547201 0.611145 1.893109
v -0.561858 0.556444 1.893109
v -0.547201 0.501744 1.893109
v -0.507157 0.461700 1.893109
v -0.452457 0.472434 1.910572
v -0.410452 0.483690 1.910572
v -0.379702 0.514439 1.910572
v -0.368447 0.556444 1.910572
v -0.379702 0.598449 1.910572
v -0.410452 0.629199 1.910572
v -0.452457 0.640454 1.910572
v -0.494462 0.629199 1.910572
v -0.525212 0.598449 1.910572
v -0.536467 0.556444 1.910572
v -0.525212 0.514439 1.910572
v -0.494462 0.483690 1.910572
v -0.452457 0.472434 1.889892
v -0.410452 0.483690 1.889892
v -0.379702 0.514439 1.889892
v -0.368447 0.556444 1.889892
v -0.379702 0.598449 1.889892
v -0.410452 0.629199 1.889892
v -0.452457 0.640454 1.889892
v -0.494462 0.629199 1.889892
v -0.525212 0.598449 1.889892
v -0.536467 0.556444 1.889892
v -0.525212 0.514439 1.889892
v -0.494462 0.483690 1.889892
v 0.452458 0.447044 1.866950
v 0.507158 0.461700 1.866950
v 0.547201 0.501744 1.866950
v 0.561858 0.556444 1.866950
v 0.547201 0.611145 1.866950
v 0.507158 0.651188 1.866950
v 0.452458 0.665845 1.866950
v 0.397757 0.651188 1.866950
v 0.357714 0.611145 1.866950
v 0.343057 0.556444 1.866950
v 0.357714 0.501744 1.866950
v 0.397757 0.461700 1.866950
v 0.452458 0.556444 1.803248
v 0.452458 0.447044 1.893109
v 0.507158 0.461700 1.893109
v 0.547201 0.501744 1.893109
v 0.561858 0.556444 1.893109
v 0.547201 0.611145 1.893109
v 0.507158 0.651188 1.893109
v 0.452458 0.665845 1.893109
v 0.397757 0.651188 1.893109
v 0.357714 0.611145 1.893109
v 0.343057 0.556444 1.893109
v 0.357714 0.501744 1.893109
v 0.397757 0.461700 1.893109
v 0.452458 0.472434 1.910572
v 0.494462 0.483690 1.910572
v 0.525212 0.514439 1.910572
v 0.536467 0.556444 1.910572
v 0.525212 0.598449 1.910572
v 0.494462 0.629199 1.910572
v 0.452458 0.640454 1.910572
v 0.410453 0.629199 1.910572
v 0.379703 0.598449 1.910572
v 0.368448 0.556444 1.910572
v 0.379703 0.514439 1.910572
v 0.410453 0.483690 1.910572
v 0.452458 0.472434 1.889892
v 0.494462 0.483690 1.889892
v 0.525212 0.514439 1.889892
v 0.536467 0.556444 1.889892
v 0.525212 0.598449 1.889892
v 0.494462 0.629199 1.889892
v 0.452458 0.640454 1.889892
v 0.410453 0.629199 1.889892
v 0.379703 0.598449 1.889892
v 0.368448 0.556444 1.889892
v 0.379703 0.514439 1.889892
v 0.410453 0.483690 1.889892
v -0.782536 0.554590 -1.995635
v -0.746545 0.564234 -1.995635
v -0.720197 0.590581 -1.995635
v -0.710554 0.626572 -1.995635
v -0.720197 0.662563 -1.995635
v -0.746545 0.688911 -1.995635
v -0.782536 0.698554 -1.995635
v -0.818527 0.688911 -1.995635
v -0.844875 0.662563 -1.995635
v -0.854518 0.626572 -1.995635
v -0.844875 0.590581 -1.995635
v -0.818527 0.564234 -1.995635
v -0.782536 0.626572 -1.931933
v -0.782536 0.554590 -2.021794
v -0.746545 0.564234 -2.021794
v -0.720197 0.590581 -2.021794
v -0.710554 0.626572 -2.021794
v -0.720197 0.662563 -2.021794
v -0.746545 0.688911 -2.021794
v -0.782536 0.698554 -2.021794
v -0.818527 0.688911 -2.021794
v -0.844875 0.662563 -2.021794
v -0.854518 0.626572 -2.021794
v -0.844875 0.590581 -2.021794
v -0.818527 0.564234 -2.021794
v -0.782536 0.571296 -2.039256
v -0.754898 0.578702 -2.039256
v -0.734666 0.598934 -2.039256
v -0.727260 0.626572 -2.039256
v -0.734666 0.654210 -2.039256
v -0.754898 0.674442 -2.039256
v -0.782536 0.681848 -2.039256
v -0.810174 0.674442 -2.039256
v -0.830406 0.654210 -2.039256
v -0.837812 0.626572 -2.039256
v -0.830406 0.598934 -2.039256
v -0.810174 0.578702 -2.039256
v -0.782536 0.571296 -2.018576
v -0.754898 0.578702 -2.018576
v -0.734666 0.598934 -2.018576
v -0.727260 0.626572 -2.018576
v -0.734666 0.654210 -2.018576
v -0.754898 0.674442 -2.018576
v -0.782536 0.681848 -2.018576
v -0.810174 0.674442 -2.018576
v -0.830406 0.654210 -2.018576
v -0.837812 0.626572 -2.018576
v -0.830406 0.598934 -2.018576
v -0.810174 0.578702 -2.018576
v 0.666323 1.154280 0.485527
v 0.702314 1.163924 0.485527
v 0.728662 1.190271 0.485527
v 0.738305 1.226262 0.485527
v 0.728662 1.262254 0.485527
v 0.702314 1.288601 0.485527
v 0.666323 1.298245 0.485527
v 0.630332 1.288601 0.485527
v 0.603985 1.262254 0.485527
v 0.594341 1.226262 0.485527
v 0.603985 1.190271 0.485527
v 0.630332 1.163924 0.485527
v 0.666323 1.226262 0.549229
v 0.666323 1.154280 0.459368
v 0.702314 1.163924 0.459368
v 0.728662 1.190271 0.459368
v 0.738305 1.226262 0.459368
v 0.728662 1.262254 0.459368
v 0.702314 1.288601 0.459368
v 0.666323 1.298245 0.459368
v 0.630332 1.288601 0.459368
v 0.603985 1.262254 0.459368
v 0.594341 1.226262 0.459368
v 0.603985 1.190271 0.459368
v 0.630332 1.163924 0.459368
v 0.666323 1.170986 0.441906
v 0.693961 1.178392 0.441906
v 0.714193 1.198624 0.441906
v 0.721599 1.226262 0.441906
v 0.714193 1.253900 0.441906
v 0.693961 1.274133 0.441906
v 0.666323 1.281538 0.441906
v 0.638685 1.274133 0.441906
v 0.618453 1.253900 0.441906
v 0.611047 1.226262 0.441906
v 0.618453 1.198624 0.441906
v 0.638685 1.178392 0.441906
v 0.666323 1.170986 0.462586
v 0.693961 1.178392 0.462586
v 0.714193 1.198624 0.462586
v 0.721599 1.226262 0.462586
v 0.714193 1.253900 0.462586
v 0.693961 1.274133 0.462586
v 0.666323 1.281538 0.462586
v 0.638685 1.274133 0.462586
v 0.618453 1.253900 0.462586
v 0.611047 1.226262 0.462586
v 0.618453 1.198624 0.462586
v 0.638685 1.178392 0.462586
v -0.666323 1.154280 0.485527
v -0.630332 1.163924 0.485527
v -0.603985 1.190271 0.485527
v -0.594341 1.226262 0.485527
v -0.603985 1.262254 0.485527
v -0.630332 1.288601 0.485527
v -0.666323 1.298245 0.485527
v -0.702314 1.288601 0.485527
v -0.728662 1.262254 0.485527
v -0.738306 1.226262 0.485527
v -0.728662 1.190271 0.485527
v -0.702314 1.163924 0.485527
v -0.666323 1.226262 0.549229
v -0.666323 1.154280 0.459368
v -0.630332 1.163924 0.459368
v -0.603985 1.190271 0.459368
v -0.594341 1.226262 0.459368
v -0.603985 1.262254 0.459368
v -0.630332 1.288601 0.459368
v -0.666323 1.298245 0.459368
v -0.702314 1.288601 0.459368
v -0.728662 1.262254 0.459368
v -0.738306 1.226262 0.459368
v -0.728662 1.190271 0.459368
v -0.702314 1.163924 0.459368
v -0.666323 1.170986 0.441906
v -0.638685 1.178392 0.441906
v -0.618453 1.198624 0.441906
v -0.611047 1.226262 0.441906
v -0.618453 1.253900 0.441906
v -0.638685 1.274133 0.441906
v -0.666323 1.281538 0.441906
v -0.693961 1.274133 0.441906
v -0.714194 1.253900 0.441906
v -0.721599 1.226262 0.441906
v -0.714194 1.198624 0.441906
v -0.693961 1.178392 0.441906
v -0.666323 1.170986 0.462586
v -0.638685 1.178392 0.462586
v -0.618453 1.198624 0.462586
v -0.611047 1.226262 0.462586
v -0.618453 1.253900 0.462586
v -0.638685 1.274133 0.462586
v -0.666323 1.281538 0.462586
v -0.693961 1.274133 0.462586
v -0.714194 1.253900 0.462586
v -0.721599 1.226262 0.462586
v -0.714194 1.198624 0.462586
v -0.693961 1.178392 0.462586
v 0.666323 1.170986 0.462586
v 0.693961 1.178392 0.462586
v 0.714193 1.198624 0.462586
v 0.721599 1.226262 0.462586
v 0.714193 1.253900 0.462586
v 0.693961 1.274133 0.462586
v 0.666323 1.281538 0.462586
v 0.638685 1.274133 0.462586
v 0.618453 1.253900 0.462586
v 0.611047 1.226262 0.462586
v 0.618453 1.198624 0.462586
v 0.638685 1.178392 0.462586
v -0.230727 0.487393 1.682842
v -0.230727 0.835684 1.682266
v -0.313842 0.487393 0.771334
v -0.313842 0.879691 0.771910
v 0.230727 0.487393 1.682842
v 0.230727 0.835684 1.682266
v 0.313842 0.487393 0.771334
v 0.313842 0.879691 0.771910
v -0.203903 0.877947 1.635643
v -0.277355 0.921954 0.822960
v 0.277355 0.921954 0.822960
v 0.203903 0.877947 1.635643
v -0.100058 0.941945 1.433830
v -0.130440 0.985952 0.980571
v 0.130440 0.985952 0.980571
v 0.100058 0.941945 1.433830
v -0.100058 0.972811 1.444107
v -0.136102 1.016819 0.990848
v 0.136102 1.016819 0.990848
v 0.100058 0.972811 1.444107
v -0.100058 1.041094 1.459842
v -0.121786 1.082682 1.071891
v 0.121786 1.082682 1.071891
v 0.100058 1.041094 1.459842
v -0.066774 1.080442 1.480801
v -0.090978 1.131948 1.270226
v 0.090978 1.131948 1.270226
v 0.066774 1.080442 1.480801
v 0.059470 1.012325 1.441978
v -0.059470 1.012325 1.441978
v 0.059470 1.040808 1.443520
v -0.059470 1.040808 1.443520
v 0.059470 1.063761 1.452219
v -0.059470 1.063761 1.452219
v 0.059470 1.013806 1.348170
v -0.059470 1.013806 1.348170
v 0.059470 1.046651 1.350298
v -0.059470 1.046651 1.350298
v 0.059470 1.073923 1.360278
v -0.059470 1.073923 1.360278
vn -0.0000 -0.0000 1.0000
vn -0.0000 -0.8894 0.4570
vn 0.4447 -0.7703 0.4570
vn 0.7703 -0.4447 0.4570
vn 0.8894 -0.0000 0.4570
vn 0.7703 0.4447 0.4570
vn 0.4447 0.7703 0.4570
vn -0.0000 0.8894 0.4570
vn -0.4447 0.7703 0.4570
vn -0.7703 0.4447 0.4570
vn -0.8894 -0.0000 0.4570
vn -0.7703 -0.4447 0.4570
vn -0.9140 -0.0000 -0.4058
vn -0.4447 -0.7703 0.4570
vn -0.0000 0.9140 -0.4058
vn 0.3613 0.6258 -0.6913
vn 0.4570 0.7915 -0.4058
vn 0.7915 0.4570 -0.4058
vn -0.4570 -0.7915 -0.4058
vn 0.4570 -0.7915 -0.4058
vn -0.7915 0.4570 -0.4058
vn -0.0000 -0.9140 -0.4058
vn 0.9140 -0.0000 -0.4058
vn -0.7915 -0.4570 -0.4058
vn -0.4570 0.7915 -0.4058
vn 0.7915 -0.4570 -0.4058
vn -0.0000 -1.0000 -0.0000
vn -0.5000 -0.8660 -0.0000
vn 0.7226 -0.0000 -0.6913
vn 0.6258 -0.3613 -0.6913
vn -0.7226 -0.0000 -0.6913
vn -0.0000 0.7226 -0.6913
vn -0.6258 -0.3613 -0.6913
vn -0.0000 -0.7226 -0.6913
vn -0.6258 0.3613 -0.6913
vn -0.3613 0.6258 -0.6913
vn 0.6258 0.3613 -0.6913
vn -0.3613 -0.6258 -0.6913
vn 0.3613 -0.6258 -0.6913
vn -1.0000 -0.0000 -0.0000
vn -0.8660 0.5000 -0.0000
vn 0.8660 0.5000 -0.0000
vn 1.0000 -0.0000 -0.0000
vn 0.5000 -0.8660 -0.0000
vn -0.8660 -0.5000 -0.0000
vn 0.5000 0.8660 -0.0000
vn -0.5000 0.8660 -0.0000
vn -0.0000 1.0000 -0.0000
vn 0.8660 -0.5000 -0.0000
vn -0.9852 0.1711 -0.0000
vn -0.1059 -0.0000 -0.9944
vn -0.1978 -0.0000 -0.9802
vn 0.9852 0.1711 -0.0000
vn 0.0035 0.8387 -0.5445
vn -0.0000 0.6296 -0.7769
vn 0.0163 0.9767 -0.2138
vn 0.0035 0.8387 0.5445
vn 0.8028 0.5963 -0.0000
vn -0.8028 0.5963 -0.0000
vn -0.0035 0.8387 0.5445
vn -0.0000 0.6296 0.7769
vn -0.0000 0.8434 -0.5373
vn -0.0163 0.9767 -0.2138
vn -0.0163 0.9767 0.2138
vn -0.0035 0.8387 -0.5445
vn 0.0163 0.9767 0.2138
vn -0.0000 0.8434 0.5373
vn -0.8026 0.5966 -0.0000
vn 0.8026 0.5966 -0.0000
vn 0.1059 -0.0000 -0.9944
vn -0.0000 0.4392 -0.8984
vn -0.0000 -0.4392 -0.8984
vn 0.1978 -0.0000 -0.9802
vn -0.0000 -0.5713 -0.8208
vn -0.0000 -0.3420 -0.9397
vn -0.0000 -0.9815 -0.1915
vn -0.0000 -0.8370 0.5472
vn -0.0000 -0.6428 0.7660
vn -0.0000 0.8370 0.5472
vn -0.0000 0.6428 0.7660
vn -0.0000 0.9815 -0.1915
vn -0.9491 -0.2433 0.2002
vn -0.9965 -0.0264 -0.0797
vn -0.9495 -0.0668 0.3065
vn -0.0000 0.5713 -0.8208
vn -0.0000 0.3420 -0.9397
vn 0.9491 0.2433 0.2002
vn 0.9965 0.0264 -0.0797
vn 0.9495 0.0668 0.3065
vn 0.9130 0.3699 -0.1721
vn 0.7387 0.6551 0.1587
vn 0.7355 0.5289 -0.4235
vn -0.9130 -0.3699 -0.1721
vn -0.7387 -0.6551 0.1587
vn -0.7355 -0.5289 -0.4235
vn -0.9487 0.1552 -0.2753
vn -0.9999 -0.0000 0.0115
vn -0.9503 -0.0000 -0.3112
vn 0.9965 -0.0264 -0.0797
vn 0.9491 -0.2433 0.2002
vn 0.9495 -0.0668 0.3065
vn 0.9999 -0.0000 0.0115
vn 0.9487 0.1552 -0.2753
vn 0.9503 -0.0000 -0.3112
vn -0.9864 0.0252 0.1624
vn -0.9501 -0.3024 -0.0766
vn -0.9487 -0.1552 -0.2753
vn -0.9497 0.2884 0.1224
vn -0.9501 0.3024 -0.0766
vn -0.9491 0.2433 0.2002
vn 0.9501 -0.3024 -0.0766
vn 0.9864 0.0252 0.1624
vn 0.9487 -0.1552 -0.2753
vn 0.9501 0.3024 -0.0766
vn 0.9497 0.2884 0.1224
vn -0.9495 0.0668 0.3065
vn -0.9497 -0.2884 0.1224
vn -0.9864 -0.0252 0.1624
vn 0.9497 -0.2884 0.1224
vn 0.9864 -0.0252 0.1624
vn -0.9965 0.0264 -0.0797
vn 0.9192 0.3901 0.0532
vn 0.9130 -0.3699 -0.1721
vn 0.8968 -0.3120 0.3137
vn -0.8968 -0.3120 0.3137
vn -0.8664 0.1891 -0.4623
vn -0.9192 0.3901 0.0532
vn 0.7387 -0.6551 0.1587
vn 0.7355 -0.5289 -0.4235
vn -0.7355 0.5289 -0.4235
vn 0.8664 0.1891 -0.4623
vn -0.8472 -0.0000 0.5313
vn -0.8664 -0.1891 -0.4623
vn 0.8472 -0.0000 0.5313
vn 0.8664 -0.1891 -0.4623
vn -0.8968 0.3120 0.3137
vn -0.7387 0.6551 0.1587
vn 0.8968 0.3120 0.3137
vn -0.9130 0.3699 -0.1721
vn -0.9116 -0.4044 0.0741
vn -0.9876 -0.1512 0.0425
vn -0.9406 -0.1937 0.2787
vn -0.0000 -0.0000 -1.0000
vn 0.9116 -0.4044 0.0741
vn 0.9876 -0.1512 0.0425
vn 0.9544 -0.2941 0.0515
vn 0.8374 -0.0094 0.5466
vn 0.9507 -0.0096 0.3100
vn 0.9406 -0.1937 0.2787
vn -0.8730 -0.0007 0.4878
vn -0.9918 -0.0000 0.1282
vn -0.9886 0.0545 0.1406
vn 0.8613 -0.1035 0.4974
vn -0.8613 -0.1035 0.4974
vn -0.0000 -0.9951 0.0990
vn -0.0000 0.9210 0.3896
vn -0.0000 0.9772 -0.2125
vn 0.0094 0.9200 -0.3918
vn -0.1422 0.0400 0.9890
vn -0.1769 0.0632 0.9822
vn -0.0821 -0.0000 0.9966
vn 0.0003 0.9996 0.0296
vn 0.0003 0.9917 -0.1289
vn 0.9962 -0.0190 0.0844
vn 0.9885 0.0545 0.1409
vn 0.9845 0.1548 0.0830
vn 0.2384 -0.0000 0.9712
vn -0.0000 -0.9918 0.1280
vn -0.0000 -0.9898 0.1425
vn -0.0000 -0.9909 0.1344
vn 0.6069 0.1585 0.7788
vn 0.8358 -0.0007 0.5491
vn -0.6069 0.1585 0.7788
vn 0.4955 -0.0000 0.8686
vn 0.7400 -0.0000 0.6726
vn -0.5346 -0.0000 0.8451
vn -0.5494 -0.0000 0.8356
vn -0.7997 -0.0000 0.6005
vn -0.0000 0.9898 0.1425
vn -0.0000 -0.0227 0.9997
vn -0.0000 -0.0686 0.9976
vn -0.9994 -0.0000 0.0337
vn -0.9507 -0.0096 0.3100
vn -0.8374 -0.0094 0.5466
vn -0.9458 0.0158 0.3245
vn -0.5713 0.5077 0.6449
vn -0.6705 0.3861 0.6335
vn -0.0000 0.6608 0.7505
vn -0.0000 0.4403 0.8979
vn 0.7685 0.4166 0.4856
vn 0.9121 -0.0235 0.4093
vn 0.9372 0.0061 0.3488
vn 0.0517 -0.0213 0.9984
vn 0.0254 0.0554 0.9981
vn 0.0255 0.0539 0.9982
vn 0.9994 -0.0034 0.0337
vn -0.9994 -0.0034 0.0337
vn -0.9636 -0.0186 0.2667
vn -0.0000 0.0747 -0.9972
vn -0.0000 0.1014 -0.9948
vn -0.0000 0.0456 -0.9990
vn -0.7926 0.6034 -0.0876
vn -0.9514 0.1507 -0.2687
vn -0.9499 0.2231 -0.2191
vn 0.8251 0.5482 0.1366
vn 0.9468 0.1374 0.2912
vn 0.9494 0.1972 0.2444
vn 0.9499 0.2231 -0.2191
vn -0.8251 0.5482 0.1366
vn -0.9494 0.1972 0.2444
vn -0.9468 0.1374 0.2912
vn 0.9514 0.1507 -0.2687
vn 0.7926 0.6034 -0.0876
vn 0.6608 -0.7505 -0.0077
vn 0.5954 -0.8034 -0.0093
vn 0.6612 -0.7502 -0.0077
vn -0.5954 -0.8034 -0.0093
vn -0.6608 -0.7505 -0.0077
vn -0.6612 -0.7502 -0.0077
vn -0.0517 -0.0213 0.9984
vn 0.0421 -0.0358 0.9985
vn -0.0254 0.0554 0.9981
vn -0.0255 0.0539 0.9982
vn 0.5346 -0.0000 0.8451
vn -0.0000 -0.8983 0.4393
vn -0.0000 -0.9889 0.1483
vn -0.0000 0.8983 0.4393
vn -0.0000 0.9889 0.1483
vn 0.4910 0.5932 0.6380
vn 0.9500 0.2326 0.2084
vn 0.0644 0.5803 0.8118
vn -0.1141 0.8081 0.5779
vn 0.1141 0.8081 0.5779
vn 0.9918 -0.0000 0.1282
vn -0.0000 -0.0735 -0.9973
vn -0.0000 0.0139 -0.9999
vn -0.2995 0.9288 0.2181
vn -0.4910 0.5932 0.6380
vn -0.0000 -0.3103 0.9506
vn -0.9500 0.2326 0.2084
vn -0.0000 -0.2033 -0.9791
vn -0.1395 0.9687 0.2052
vn 0.1395 0.9687 0.2052
vn -0.0000 -0.2531 -0.9674
vn 0.2995 0.9288 0.2181
vn 0.2396 0.4283 0.8713
vn 0.0064 0.9737 -0.2278
vn -0.0000 0.7724 0.6351
vn -0.7723 0.6321 0.0629
vn -0.7724 0.6321 0.0629
vn 0.7707 0.6338 0.0649
vn -0.9967 -0.0000 0.0812
vn -0.9921 0.0958 0.0808
vn -0.5733 -0.0114 0.8192
vn -0.4359 -0.0038 0.9000
vn -0.4363 -0.0126 0.8997
vn 0.3644 -0.1266 0.9226
vn 0.5889 -0.0311 0.8076
vn 0.4359 -0.0038 0.9000
vn 0.1164 -0.3945 0.9115
vn 0.4623 -0.3321 0.8222
vn 0.3256 -0.0132 0.9454
vn -0.2396 0.4283 0.8713
vn -0.3256 -0.0132 0.9454
vn 0.1388 -0.6190 0.7730
vn 0.3355 -0.8332 0.4396
vn 0.8500 -0.0073 0.5267
vn 0.5733 -0.0114 0.8192
vn -0.8450 -0.1283 0.5192
vn -0.4623 -0.3321 0.8222
vn -0.5889 -0.0311 0.8076
vn -0.0000 0.5325 0.8465
vn -0.0000 0.3920 0.9200
vn -0.1164 -0.3945 0.9115
vn -0.3644 -0.1266 0.9226
vn -0.1388 -0.6190 0.7730
vn 0.4363 -0.0126 0.8997
vn -0.0000 0.0742 0.9972
vn -0.0000 -0.0140 0.9999
vn -0.0000 0.2038 0.9790
vn -0.0000 0.2531 0.9674
vn 0.8450 -0.1283 0.5192
vn -0.8500 -0.0073 0.5267
vn -0.0000 0.8232 0.5678
vn -0.3355 -0.8332 0.4396
vn -0.1578 -0.8831 0.4418
vn -0.0000 0.9444 0.3289
vn -0.0000 0.9667 0.2559
vn -0.9225 -0.0000 -0.3860
vn 0.3860 -0.0000 -0.9225
vn 0.9225 -0.0000 0.3860
vn -0.3860 -0.0000 0.9225
vn -0.9188 -0.0000 0.3947
vn -0.3947 -0.0000 -0.9188
vn 0.9188 -0.0000 -0.3947
vn 0.3947 -0.0000 0.9188
vn 0.9834 0.1760 0.0433
vn 0.9854 0.1653 0.0405
vn 0.9856 0.1645 0.0403
vn -0.9854 0.1653 0.0405
vn -0.9834 0.1760 0.0433
vn -0.9856 0.1645 0.0403
vn -0.0000 0.0393 0.9992
vn 0.8141 0.5772 0.0641
vn 0.8793 0.4701 0.0769
vn 0.7691 0.6073 0.1989
vn -0.0000 0.9647 0.2635
vn -0.0000 0.9943 0.1069
vn -0.8793 0.4701 0.0769
vn -0.8141 0.5772 0.0641
vn -0.7691 0.6073 0.1989
vn -0.0000 -0.9859 -0.1671
vn -0.0000 -0.9908 -0.1351
vn -0.0000 0.4217 -0.9067
vn 0.3908 -0.0000 0.9205
vn 0.1897 -0.0000 0.9818
vn -0.8695 0.1624 0.4664
vn 0.8695 0.1624 0.4664
vn -0.0000 0.8696 0.4937
vn -0.1897 -0.0000 0.9818
vn 0.1703 -0.0000 0.9854
vn -0.1703 -0.0000 0.9854
vn -0.0000 -0.9704 -0.2416
vn -0.3908 -0.0000 0.9205
vn -0.0000 0.7707 0.6372
vn -0.0000 -0.8107 -0.5854
vn 0.4054 -0.7021 -0.5854
vn 0.7021 -0.4054 -0.5854
vn 0.8107 -0.0000 -0.5854
vn 0.7021 0.4054 -0.5854
vn 0.4054 0.7021 -0.5854
vn -0.0000 0.8107 -0.5854
vn -0.4054 0.7021 -0.5854
vn -0.7021 0.4054 -0.5854
vn -0.8107 -0.0000 -0.5854
vn -0.7021 -0.4054 -0.5854
vn -0.8445 -0.0000 0.5355
vn -0.4054 -0.7021 -0.5854
vn 0.2833 0.4907 0.8239
vn -0.0000 0.8445 0.5355
vn 0.4223 0.7314 0.5355
vn 0.7314 0.4223 0.5355
vn -0.4223 -0.7314 0.5355
vn 0.4223 -0.7314 0.5355
vn -0.7314 0.4223 0.5355
vn -0.0000 -0.8445 0.5355
vn 0.8445 -0.0000 0.5355
vn -0.7314 -0.4223 0.5355
vn -0.4223 0.7314 0.5355
vn 0.7314 -0.4223 0.5355
vn 0.5667 -0.0000 0.8239
vn -0.5667 -0.0000 0.8239
vn -0.0000 0.5667 0.8239
vn -0.4907 -0.2833 0.8239
vn -0.0000 -0.5667 0.8239
vn -0.2833 0.4907 0.8239
vn -0.2833 -0.4907 0.8239
vn 0.2833 -0.4907 0.8239
vn -0.4907 0.2833 0.8239
vn 0.4907 -0.2833 0.8239
vn 0.4907 0.2833 0.8239
vn -0.9959 -0.0001 0.0909
vn -0.9855 0.1393 0.0972
vn -0.9959 0.0002 0.0908
vn -0.0000 0.0015 -1.0000
vn 0.9959 -0.0001 0.0909
vn 0.9855 0.1393 0.0972
vn 0.9865 0.1322 0.0965
vn -0.0000 0.0017 1.0000
vn -0.4247 0.8593 -0.2849
vn -0.9865 0.1322 0.0965
vn -0.3815 0.8411 0.3834
vn 0.2501 0.9521 0.1757
vn 0.3815 0.8411 0.3834
vn -0.0000 0.7409 0.6716
vn 0.4247 0.8593 -0.2849
vn -0.0000 0.7703 -0.6377
vn 0.9967 -0.0281 0.0763
vn 0.9875 -0.1480 0.0539
vn 0.9796 -0.1953 0.0467
vn 0.2093 0.8122 -0.5446
vn -0.2501 0.9521 0.1757
vn 0.2402 -0.7871 0.5682
vn 0.3822 -0.3637 0.8495
vn 0.1702 -0.8315 0.5288
vn -0.9875 -0.1480 0.0539
vn -0.9967 -0.0281 0.0763
vn -0.9796 -0.1953 0.0467
vn 0.0725 -0.1935 0.9784
vn -0.0000 -0.3159 0.9488
vn -0.0000 0.5203 -0.8540
vn -0.2093 0.8122 -0.5446
vn -0.0000 0.9999 -0.0111
vn -0.0000 0.8815 -0.4721
vn 0.9979 -0.0133 0.0628
vn 0.9899 0.1116 0.0878
vn -0.9899 0.1116 0.0878
vn -0.9979 -0.0133 0.0628
vn -0.0000 0.9714 0.2376
vn 0.9121 0.3722 0.1717
vn 0.9555 0.2812 0.0890
vn -0.9555 0.2812 0.0890
vn -0.9121 0.3722 0.1717
vn 0.1419 -0.0380 0.9892
vn -0.0725 -0.1935 0.9784
vn -0.1419 -0.0380 0.9892
vn -0.3822 -0.3637 0.8495
vn -0.2402 -0.7871 0.5682
vn -0.1702 -0.8315 0.5288
vn -0.0000 -0.1929 0.9812
vn -0.0000 -0.0647 0.9979
vn -0.0000 -0.3436 0.9391
vn -0.0000 -0.9939 -0.1099
vn -0.0000 0.9999 0.0158
vn -0.9192 -0.3901 0.0532
vn -0.9502 -0.3095 -0.0365
vn -0.9502 0.3095 -0.0365
vn 0.9502 -0.3095 -0.0365
vn 0.9502 0.3095 -0.0365
vn 0.9192 -0.3901 0.0532
vn -0.9544 -0.2941 0.0515
vn 0.8637 -0.0346 0.5027
vn 0.9994 -0.0000 0.0337
vn -0.2371 0.1038 0.9659
vn -0.8637 -0.0346 0.5027
vn 0.7617 0.4726 0.4433
vn 0.5713 0.5077 0.6449
vn -0.9430 0.1589 -0.2926
vn 0.9383 0.1440 0.3145
vn -0.9383 0.1440 0.3145
vn 0.9430 0.1589 -0.2926
vn 0.5896 -0.8077 -0.0095
vn -0.5896 -0.8077 -0.0095
vn -0.0421 -0.0358 0.9985
vn 0.8896 0.4051 0.2111
vn -0.0644 0.5803 0.8118
vn -0.8896 0.4051 0.2111
vn 0.7100 0.7018 0.0578
vn 0.3308 0.1444 0.9326
vn -0.3308 0.1444 0.9326
vn 0.1578 -0.8831 0.4418
vn -0.8324 -0.2209 0.5082
vn 0.8324 -0.2209 0.5082
vn 0.9833 0.1770 0.0436
vn -0.9833 0.1770 0.0436
vn 0.8874 0.4537 0.0811
vn -0.8874 0.4537 0.0811
vn -0.8543 -0.0000 0.5198
vn 0.8543 -0.0000 0.5198
vn 0.9959 0.0002 0.0908
vn 0.3675 -0.1578 0.9165
vn 0.7999 0.5553 0.2278
vn -0.7999 0.5553 0.2278
vn -0.3675 -0.1578 0.9165
vt 0.510000 0.250000
vt 0.870000 0.042154
vt 0.870000 0.457846
vt 0.250000 0.490000
vt 0.250000 0.250000
vt 0.370000 0.457846
vt 0.457846 0.370000
vt 0.490000 0.250000
vt 0.457846 0.130000
vt 0.370000 0.042154
vt 0.250000 0.010000
vt 0.130000 0.042154
vt 0.042154 0.130000
vt 0.010000 0.250000
vt 0.042154 0.370000
vt 0.130000 0.457846
vt 0.375000 0.250000
vt 0.625000 0.000000
vt 0.375000 0.000000
vt 0.625000 0.500000
vt 0.375000 0.500000
vt 0.375000 0.750000
vt 0.375000 1.000000
vt 0.625000 0.750000
vt 0.125000 0.750000
vt 0.125000 0.500000
vt 0.625000 0.250000
vt 0.625000 1.000000
vt 0.875000 0.500000
vt 0.888889 0.500000
vt 1.000000 1.000000
vt 1.000000 0.500000
vt 0.777778 0.500000
vt 0.888889 1.000000
vt 0.666667 0.500000
vt 0.777778 1.000000
vt 0.555556 0.500000
vt 0.666667 1.000000
vt 0.444444 0.500000
vt 0.555556 1.000000
vt 0.333333 0.500000
vt 0.444444 1.000000
vt 0.222222 0.500000
vt 0.333333 1.000000
vt 0.111111 0.500000
vt 0.222222 1.000000
vt 0.000000 0.500000
vt 0.111111 1.000000
vt 0.000000 1.000000
vt 0.486354 0.291676
vt 0.095731 0.433851
vt 0.595731 0.433851
vt 0.832085 0.024474
vt 0.986354 0.291676
vt 0.630044 0.750000
vt 0.870666 0.750000
vt 0.629334 0.750000
vt 0.855845 0.750000
vt 0.875000 0.750000
vt 0.623820 0.750000
vt 0.623820 0.750000
vt 0.874999 0.750000
vt 0.869956 0.750000
vt 0.625000 0.000000
vt 0.750000 0.490000
vt 0.630000 0.457846
vt 0.542154 0.370000
vt 0.542154 0.130000
vt 0.630000 0.042154
vt 0.750000 0.010000
vt 0.957846 0.130000
vt 0.990000 0.250000
vt 0.957846 0.370000
vt 0.404269 0.433851
vt 0.332085 0.024474
vt 0.167915 0.024474
vt 0.013646 0.291676
vt 0.904269 0.433851
vt 0.513646 0.291676
vt 0.667915 0.024474
s 1
usemtl BrighterMetalMat
f 2626/1401/1425 2618/1403/1425 2622/1402/1425
f 3186/1401/1425 3178/1403/1425 3182/1402/1425
f 2618/1403/1425 2628/1466/1425 2617/1465/1425
f 2628/1466/1425 2626/1401/1425 2627/1467/1425
f 2626/1401/1425 2624/1469/1425 2625/1468/1425
f 2624/1469/1425 2622/1402/1425 2623/1470/1425
f 2622/1402/1425 2620/1472/1425 2621/1471/1425
f 2620/1472/1425 2618/1403/1425 2619/1473/1425
f 2618/1403/1425 2626/1401/1425 2628/1466/1425
f 2626/1401/1425 2622/1402/1425 2624/1469/1425
f 2622/1402/1425 2618/1403/1425 2620/1472/1425
f 3178/1403/1425 3188/1466/1425 3177/1465/1425
f 3188/1466/1425 3186/1401/1425 3187/1467/1425
f 3186/1401/1425 3184/1469/1425 3185/1468/1425
f 3184/1469/1425 3182/1402/1425 3183/1470/1425
f 3182/1402/1425 3180/1472/1425 3181/1471/1425
f 3180/1472/1425 3178/1403/1425 3179/1473/1425
f 3178/1403/1425 3186/1401/1425 3188/1466/1425
f 3186/1401/1425 3182/1402/1425 3184/1469/1425
f 3182/1402/1425 3178/1403/1425 3180/1472/1425
usemtl Roof
f 2629/1404/1426 2630/1406/1427 2641/1405/1425
f 2630/1406/1427 2631/1407/1428 2641/1405/1425
f 2631/1407/1428 2632/1408/1429 2641/1405/1425
f 2632/1408/1429 2633/1409/1430 2641/1405/1425
f 2633/1409/1430 2634/1410/1431 2641/1405/1425
f 2634/1410/1431 2635/1411/1432 2641/1405/1425
f 2635/1411/1432 2636/1412/1433 2641/1405/1425
f 2636/1412/1433 2637/1413/1434 2641/1405/1425
f 2637/1413/1434 2638/1414/1435 2641/1405/1425
f 2638/1414/1435 2639/1415/1436 2641/1405/1425
f 2639/1415/1436 2638/1414/1435 2651/1414/1437
f 2639/1415/1436 2640/1416/1438 2641/1405/1425
f 2640/1416/1438 2629/1404/1426 2641/1405/1425
f 2648/1411/1439 2647/1410/1441 2659/1410/1440
f 2634/1410/1431 2633/1409/1430 2646/1409/1442
f 2629/1404/1426 2640/1416/1438 2653/1416/1443
f 2636/1412/1433 2635/1411/1432 2648/1411/1439
f 2631/1407/1428 2630/1406/1427 2643/1406/1444
f 2638/1414/1435 2637/1413/1434 2650/1413/1445
f 2630/1406/1427 2629/1404/1426 2642/1404/1446
f 2633/1409/1430 2632/1408/1429 2645/1408/1447
f 2640/1416/1438 2639/1415/1436 2652/1415/1448
f 2635/1411/1432 2634/1410/1431 2647/1410/1441
f 2637/1413/1434 2636/1412/1433 2649/1412/1449
f 2632/1408/1429 2631/1407/1428 2644/1407/1450
f 2660/1411/1451 2659/1410/1452 2671/1410/1452
f 2644/1407/1450 2656/1407/1454 2657/1408/1453
f 2652/1415/1448 2651/1414/1437 2663/1414/1455
f 2649/1412/1449 2648/1411/1439 2660/1411/1456
f 2646/1409/1442 2645/1408/1447 2657/1408/1453
f 2653/1416/1443 2652/1415/1448 2664/1415/1457
f 2643/1406/1444 2642/1404/1446 2654/1404/1458
f 2649/1412/1449 2661/1412/1460 2662/1413/1459
f 2646/1409/1442 2658/1409/1461 2659/1410/1440
f 2642/1404/1446 2653/1416/1443 2665/1416/1462
f 2643/1406/1444 2655/1406/1463 2656/1407/1454
f 2651/1414/1437 2650/1413/1445 2662/1413/1459
f 2657/1408/1464 2656/1407/1465 2668/1407/1465
f 2664/1415/1466 2663/1414/1467 2675/1414/1467
f 2661/1412/1468 2660/1411/1451 2672/1411/1451
f 2658/1409/1469 2657/1408/1464 2669/1408/1464
f 2665/1416/1470 2664/1415/1466 2676/1415/1466
f 2655/1406/1471 2654/1404/1472 2666/1404/1472
f 2662/1413/1473 2661/1412/1468 2673/1412/1468
f 2659/1410/1452 2658/1409/1469 2670/1409/1469
f 2654/1404/1472 2665/1416/1470 2677/1416/1470
f 2656/1407/1465 2655/1406/1471 2667/1406/1471
f 2663/1414/1467 2662/1413/1473 2674/1413/1473
f 2639/1415/1436 2651/1414/1437 2652/1415/1448
f 2648/1411/1439 2659/1410/1440 2660/1411/1456
f 2634/1410/1431 2646/1409/1442 2647/1410/1441
f 2629/1404/1426 2653/1416/1443 2642/1404/1446
f 2636/1412/1433 2648/1411/1439 2649/1412/1449
f 2631/1407/1428 2643/1406/1444 2644/1407/1450
f 2638/1414/1435 2650/1413/1445 2651/1414/1437
f 2630/1406/1427 2642/1404/1446 2643/1406/1444
f 2633/1409/1430 2645/1408/1447 2646/1409/1442
f 2640/1416/1438 2652/1415/1448 2653/1416/1443
f 2635/1411/1432 2647/1410/1441 2648/1411/1439
f 2637/1413/1434 2649/1412/1449 2650/1413/1445
f 2632/1408/1429 2644/1407/1450 2645/1408/1447
f 2660/1411/1451 2671/1410/1452 2672/1411/1451
f 2644/1407/1450 2657/1408/1453 2645/1408/1447
f 2652/1415/1448 2663/1414/1455 2664/1415/1457
f 2649/1412/1449 2660/1411/1456 2661/1412/1460
f 2646/1409/1442 2657/1408/1453 2658/1409/1461
f 2653/1416/1443 2664/1415/1457 2665/1416/1462
f 2643/1406/1444 2654/1404/1458 2655/1406/1463
f 2649/1412/1449 2662/1413/1459 2650/1413/1445
f 2646/1409/1442 2659/1410/1440 2647/1410/1441
f 2642/1404/1446 2665/1416/1462 2654/1404/1458
f 2643/1406/1444 2656/1407/1454 2644/1407/1450
f 2651/1414/1437 2662/1413/1459 2663/1414/1455
f 2657/1408/1464 2668/1407/1465 2669/1408/1464
f 2664/1415/1466 2675/1414/1467 2676/1415/1466
f 2661/1412/1468 2672/1411/1451 2673/1412/1468
f 2658/1409/1469 2669/1408/1464 2670/1409/1469
f 2665/1416/1470 2676/1415/1466 2677/1416/1470
f 2655/1406/1471 2666/1404/1472 2667/1406/1471
f 2662/1413/1473 2673/1412/1468 2674/1413/1473
f 2659/1410/1452 2670/1409/1469 2671/1410/1452
f 2654/1404/1472 2677/1416/1470 2666/1404/1472
f 2656/1407/1465 2667/1406/1471 2668/1407/1465
f 2663/1414/1467 2674/1413/1473 2675/1414/1467
usemtl Roof
f 2680/1417/1464 2678/1419/1464 2679/1418/1474
f 2701/1420/1475 2685/1420/1476 2684/1421/1476
f 2682/1422/1467 2684/1421/1467 2685/1420/1477
f 2678/1423/1425 2682/1422/1425 2683/1424/1425
f 2678/1425/1451 2680/1426/1451 2684/1421/1451
f 2688/1420/1478 2685/1420/1479 2681/1427/1479
f 2693/1424/1480 2689/1424/1481 2688/1420/1478
f 2683/1424/1477 2685/1420/1477 2688/1420/1482
f 2687/1427/1483 2681/1427/1474 2679/1418/1474
f 2686/1428/1484 2679/1428/1485 2683/1424/1485
f 2694/1428/1486 2690/1428/1487 2693/1424/1480
f 2691/1427/1488 2687/1427/1489 2686/1418/1484
f 2686/1428/1484 2689/1424/1481 2693/1424/1480
f 2692/1420/1490 2688/1420/1478 2687/1427/1489
f 2697/1424/1486 2696/1420/1491 2695/1429/1491
f 2692/1420/1490 2691/1427/1488 2695/1427/1491
f 2697/1424/1492 2693/1424/1492 2692/1420/1492
f 2695/1427/1493 2691/1427/1493 2690/1418/1493
f 2700/1421/1475 2699/1417/1494 2698/1427/1494
f 2700/1421/1495 2684/1421/1495 2680/1426/1495
f 2698/1427/1496 2681/1427/1496 2685/1420/1496
f 2680/1417/1497 2681/1427/1497 2698/1427/1494
f 2923/1424/1728 2919/1424/1730 2918/1420/1729
f 2923/1424/1731 2922/1420/1732 2921/1429/1732
f 2917/1427/1733 2916/1418/1735 2920/1418/1734
f 2925/1459/1736 2916/1459/1737 2919/1424/1737
f 2922/1420/1738 2918/1420/1738 2917/1427/1738
f 2924/1424/1739 2926/1424/1739 2930/1424/1740
f 2927/1418/1741 2920/1418/1734 2916/1418/1735
f 2919/1424/1730 2923/1424/1728 2926/1424/1742
f 2926/1424/1743 2923/1424/1731 2920/1459/1731
f 2931/1459/1744 2929/1459/1746 2928/1424/1745
f 2925/1459/1736 2924/1424/1736 2928/1424/1747
f 2931/1418/1744 2927/1418/1748 2925/1418/1748
f 2926/1424/1743 2927/1459/1743 2931/1459/1749
f 2932/1404/1750 2944/1405/1567 2933/1406/1751
f 2933/1406/1751 2944/1405/1567 2934/1407/1752
f 2934/1407/1752 2944/1405/1567 2935/1408/1753
f 2935/1408/1753 2944/1405/1567 2936/1409/1754
f 2936/1409/1754 2944/1405/1567 2937/1410/1755
f 2937/1410/1755 2944/1405/1567 2938/1411/1756
f 2938/1411/1756 2944/1405/1567 2939/1412/1757
f 2939/1412/1757 2944/1405/1567 2940/1413/1758
f 2940/1413/1758 2944/1405/1567 2941/1414/1759
f 2941/1414/1759 2944/1405/1567 2942/1415/1760
f 2954/1414/1761 2941/1414/1759 2942/1415/1760
f 2942/1415/1760 2944/1405/1567 2943/1416/1762
f 2943/1416/1762 2944/1405/1567 2932/1404/1750
f 2962/1410/1763 2950/1410/1765 2951/1411/1764
f 2949/1409/1766 2936/1409/1754 2937/1410/1755
f 2956/1416/1767 2943/1416/1762 2932/1404/1750
f 2951/1411/1764 2938/1411/1756 2939/1412/1757
f 2946/1406/1768 2933/1406/1751 2934/1407/1752
f 2953/1413/1769 2940/1413/1758 2941/1414/1759
f 2945/1404/1770 2932/1404/1750 2933/1406/1751
f 2948/1408/1771 2935/1408/1753 2936/1409/1754
f 2955/1415/1772 2942/1415/1760 2943/1416/1762
f 2950/1410/1765 2937/1410/1755 2938/1411/1756
f 2952/1412/1773 2939/1412/1757 2940/1413/1758
f 2947/1407/1774 2934/1407/1752 2935/1408/1753
f 2974/1410/1452 2962/1410/1452 2963/1411/1451
f 2947/1407/1774 2948/1408/1771 2960/1408/1775
f 2966/1414/1776 2954/1414/1761 2955/1415/1772
f 2963/1411/1777 2951/1411/1764 2952/1412/1773
f 2960/1408/1775 2948/1408/1771 2949/1409/1766
f 2967/1415/1778 2955/1415/1772 2956/1416/1767
f 2957/1404/1779 2945/1404/1770 2946/1406/1768
f 2964/1412/1780 2952/1412/1773 2953/1413/1769
f 2949/1409/1766 2950/1410/1765 2962/1410/1763
f 2968/1416/1781 2956/1416/1767 2945/1404/1770
f 2958/1406/1782 2946/1406/1768 2947/1407/1774
f 2965/1413/1783 2953/1413/1769 2954/1414/1761
f 2971/1407/1465 2959/1407/1465 2960/1408/1464
f 2978/1414/1467 2966/1414/1467 2967/1415/1466
f 2975/1411/1451 2963/1411/1451 2964/1412/1468
f 2972/1408/1464 2960/1408/1464 2961/1409/1469
f 2979/1415/1466 2967/1415/1466 2968/1416/1470
f 2969/1404/1472 2957/1404/1472 2958/1406/1471
f 2976/1412/1468 2964/1412/1468 2965/1413/1473
f 2973/1409/1469 2961/1409/1469 2962/1410/1452
f 2980/1416/1470 2968/1416/1470 2957/1404/1472
f 2970/1406/1471 2958/1406/1471 2959/1407/1465
f 2977/1413/1473 2965/1413/1473 2966/1414/1467
f 2680/1417/1464 2679/1418/1474 2681/1427/1474
f 2701/1420/1475 2684/1421/1476 2700/1421/1475
f 2682/1422/1467 2685/1420/1477 2683/1424/1477
f 2678/1423/1425 2683/1424/1425 2679/1428/1425
f 2678/1425/1451 2684/1421/1451 2682/1422/1451
f 2688/1420/1478 2681/1427/1479 2687/1427/1489
f 2693/1424/1480 2688/1420/1478 2692/1420/1490
f 2683/1424/1477 2688/1420/1482 2689/1424/1482
f 2687/1427/1483 2679/1418/1474 2686/1418/1483
f 2686/1428/1484 2683/1424/1485 2689/1424/1481
f 2694/1428/1486 2693/1424/1480 2697/1424/1486
f 2691/1427/1488 2686/1418/1484 2690/1418/1487
f 2686/1428/1484 2693/1424/1480 2690/1428/1487
f 2692/1420/1490 2687/1427/1489 2691/1427/1488
f 2697/1424/1486 2695/1429/1491 2694/1459/1486
f 2692/1420/1490 2695/1427/1491 2696/1420/1491
f 2697/1424/1492 2692/1420/1492 2696/1420/1492
f 2695/1427/1493 2690/1418/1493 2694/1418/1493
f 2700/1421/1475 2698/1427/1494 2701/1420/1475
f 2700/1421/1495 2680/1426/1495 2699/1426/1495
f 2698/1427/1496 2685/1420/1496 2701/1420/1496
f 2680/1417/1497 2698/1427/1494 2699/1417/1494
f 2923/1424/1728 2918/1420/1729 2922/1420/1870
f 2923/1424/1731 2921/1429/1732 2920/1459/1731
f 2917/1427/1733 2920/1418/1734 2921/1427/1871
f 2925/1459/1736 2919/1424/1737 2924/1424/1736
f 2922/1420/1738 2917/1427/1738 2921/1427/1738
f 2924/1424/1739 2930/1424/1740 2928/1424/1745
f 2927/1418/1741 2916/1418/1735 2925/1418/1872
f 2919/1424/1730 2926/1424/1742 2924/1424/1873
f 2926/1424/1743 2920/1459/1731 2927/1459/1743
f 2931/1459/1744 2928/1424/1745 2930/1424/1740
f 2925/1459/1736 2928/1424/1747 2929/1459/1747
f 2931/1418/1744 2925/1418/1748 2929/1418/1746
f 2926/1424/1743 2931/1459/1749 2930/1424/1749
f 2954/1414/1761 2942/1415/1760 2955/1415/1772
f 2962/1410/1763 2951/1411/1764 2963/1411/1777
f 2949/1409/1766 2937/1410/1755 2950/1410/1765
f 2956/1416/1767 2932/1404/1750 2945/1404/1770
f 2951/1411/1764 2939/1412/1757 2952/1412/1773
f 2946/1406/1768 2934/1407/1752 2947/1407/1774
f 2953/1413/1769 2941/1414/1759 2954/1414/1761
f 2945/1404/1770 2933/1406/1751 2946/1406/1768
f 2948/1408/1771 2936/1409/1754 2949/1409/1766
f 2955/1415/1772 2943/1416/1762 2956/1416/1767
f 2950/1410/1765 2938/1411/1756 2951/1411/1764
f 2952/1412/1773 2940/1413/1758 2953/1413/1769
f 2947/1407/1774 2935/1408/1753 2948/1408/1771
f 2974/1410/1452 2963/1411/1451 2975/1411/1451
f 2947/1407/1774 2960/1408/1775 2959/1407/1784
f 2966/1414/1776 2955/1415/1772 2967/1415/1778
f 2963/1411/1777 2952/1412/1773 2964/1412/1780
f 2960/1408/1775 2949/1409/1766 2961/1409/1785
f 2967/1415/1778 2956/1416/1767 2968/1416/1781
f 2957/1404/1779 2946/1406/1768 2958/1406/1782
f 2964/1412/1780 2953/1413/1769 2965/1413/1783
f 2949/1409/1766 2962/1410/1763 2961/1409/1785
f 2968/1416/1781 2945/1404/1770 2957/1404/1779
f 2958/1406/1782 2947/1407/1774 2959/1407/1784
f 2965/1413/1783 2954/1414/1761 2966/1414/1776
f 2971/1407/1465 2960/1408/1464 2972/1408/1464
f 2978/1414/1467 2967/1415/1466 2979/1415/1466
f 2975/1411/1451 2964/1412/1468 2976/1412/1468
f 2972/1408/1464 2961/1409/1469 2973/1409/1469
f 2979/1415/1466 2968/1416/1470 2980/1416/1470
f 2969/1404/1472 2958/1406/1471 2970/1406/1471
f 2976/1412/1468 2965/1413/1473 2977/1413/1473
f 2973/1409/1469 2962/1410/1452 2974/1410/1452
f 2980/1416/1470 2957/1404/1472 2969/1404/1472
f 2970/1406/1471 2959/1407/1465 2971/1407/1465
f 2977/1413/1473 2966/1414/1467 2978/1414/1467
usemtl MotorMat
f 2704/1430/1498 2702/1432/1499 2703/1431/1499
f 2706/1433/1500 2704/1430/1498 2705/1434/1498
f 2708/1435/1501 2706/1433/1500 2707/1436/1500
f 2710/1437/1502 2708/1435/1501 2709/1438/1501
f 2712/1439/1425 2710/1437/1425 2711/1440/1425
f 2714/1441/1503 2712/1439/1504 2713/1442/1504
f 2716/1443/1505 2714/1441/1503 2715/1444/1503
f 2708/1435/1506 2710/1437/1508 2728/1437/1507
f 2718/1445/1509 2716/1443/1505 2717/1446/1505
f 2702/1447/1510 2718/1445/1509 2719/1448/1509
f 2715/1444/1511 2713/1442/1513 2731/1442/1512
f 2745/1438/1514 2727/1438/1516 2725/1436/1515
f 2750/1441/1517 2732/1441/1519 2734/1443/1518
f 2718/1445/1520 2702/1447/1522 2720/1447/1521
f 2729/1440/1523 2711/1440/1525 2709/1438/1524
f 2723/1449/1526 2703/1449/1528 2719/1448/1527
f 2721/1430/1529 2704/1430/1531 2706/1433/1530
f 2732/1441/1532 2714/1441/1534 2716/1443/1533
f 2707/1436/1535 2705/1434/1537 2722/1434/1536
f 2717/1446/1538 2715/1444/1511 2733/1444/1539
f 2728/1437/1507 2710/1437/1508 2712/1439/1540
f 2713/1442/1513 2711/1440/1525 2729/1440/1523
f 2706/1433/1530 2708/1435/1506 2726/1435/1541
f 2716/1443/1533 2718/1445/1520 2736/1445/1542
f 2720/1432/1521 2702/1432/1522 2704/1430/1531
f 2727/1438/1543 2709/1438/1524 2707/1436/1535
f 2737/1448/1544 2719/1448/1527 2717/1446/1538
f 2705/1434/1537 2703/1431/1528 2723/1431/1526
f 2730/1439/1545 2712/1439/1540 2714/1441/1534
f 2743/1450/1546 2755/1451/1548 2751/1413/1547
f 2754/1452/1549 2742/1454/1551 2746/1453/1550
f 2735/1446/1552 2733/1444/1553 2751/1444/1547
f 2726/1435/1554 2728/1437/1507 2746/1437/1550
f 2734/1443/1518 2736/1445/1542 2754/1445/1549
f 2747/1440/1555 2729/1440/1523 2727/1438/1516
f 2738/1432/1556 2720/1432/1521 2721/1430/1529
f 2755/1448/1548 2737/1448/1544 2735/1446/1552
f 2728/1437/1507 2730/1439/1545 2748/1439/1557
f 2722/1434/1536 2723/1431/1526 2741/1431/1558
f 2736/1445/1542 2720/1447/1521 2738/1447/1556
f 2749/1442/1559 2731/1442/1512 2729/1440/1523
f 2739/1430/1560 2721/1430/1529 2724/1433/1561
f 2741/1449/1558 2723/1449/1526 2737/1448/1544
f 2748/1439/1557 2730/1439/1545 2732/1441/1519
f 2725/1436/1515 2722/1434/1536 2740/1434/1562
f 2733/1444/1553 2731/1442/1512 2749/1442/1559
f 2724/1433/1561 2726/1435/1554 2744/1435/1563
f 2866/1417/1464 2864/1419/1464 2865/1418/1464
f 2870/1421/1567 2866/1417/1567 2867/1427/1567
f 2868/1422/1467 2870/1421/1467 2871/1420/1467
f 2864/1423/1425 2868/1422/1425 2869/1424/1425
f 2864/1425/1451 2866/1426/1451 2870/1421/1451
f 2869/1424/1472 2871/1420/1472 2867/1429/1472
f 2874/1417/1464 2872/1419/1464 2873/1418/1464
f 2878/1421/1567 2874/1417/1567 2875/1427/1567
f 2876/1422/1467 2878/1421/1467 2879/1420/1467
f 2872/1423/1425 2876/1422/1425 2877/1424/1425
f 2872/1425/1451 2874/1426/1451 2878/1421/1451
f 2877/1424/1472 2879/1420/1472 2875/1429/1472
f 2882/1417/1713 2880/1419/1713 2881/1418/1713
f 2886/1421/1714 2882/1417/1714 2883/1427/1714
f 2884/1422/1715 2886/1421/1715 2887/1420/1715
f 2880/1423/1716 2884/1422/1716 2885/1424/1716
f 2880/1425/1451 2882/1426/1451 2886/1421/1451
f 2887/1420/1472 2883/1429/1472 2881/1459/1472
f 2890/1417/1717 2888/1419/1717 2889/1418/1717
f 2894/1421/1718 2890/1417/1718 2891/1427/1718
f 2892/1422/1719 2894/1421/1719 2895/1420/1719
f 2888/1423/1720 2892/1422/1720 2893/1424/1720
f 2890/1426/1451 2894/1421/1451 2892/1422/1451
f 2893/1424/1472 2895/1420/1472 2891/1429/1472
f 2898/1417/1464 2896/1419/1464 2897/1418/1464
f 2902/1421/1567 2898/1417/1567 2899/1427/1567
f 2900/1422/1467 2902/1421/1467 2903/1420/1467
f 2896/1423/1425 2900/1422/1425 2901/1424/1425
f 2896/1425/1451 2898/1426/1451 2902/1421/1451
f 2901/1424/1472 2903/1420/1472 2899/1429/1472
f 3191/1417/1786 3189/1419/1788 3190/1418/1787
f 3195/1421/1789 3191/1417/1789 3192/1427/1789
f 3195/1421/1790 3196/1420/1792 3194/1424/1791
f 3189/1423/1793 3193/1422/1793 3194/1424/1793
f 3191/1426/1451 3195/1421/1451 3193/1422/1451
f 3198/1427/1794 3192/1427/1795 3190/1418/1787
f 3197/1428/1796 3200/1424/1798 3204/1424/1797
f 3197/1428/1796 3190/1428/1799 3194/1424/1799
f 3199/1420/1800 3196/1420/1801 3192/1427/1801
f 3194/1424/1791 3196/1420/1792 3199/1420/1800
f 3204/1424/1802 3203/1420/1804 3207/1420/1803
f 3203/1420/1805 3199/1420/1800 3198/1427/1794
f 3204/1424/1797 3200/1424/1798 3199/1420/1800
f 3198/1427/1794 3197/1418/1796 3201/1418/1806
f 3222/1418/1807 3213/1418/1809 3209/1418/1808
f 3206/1427/1810 3202/1427/1812 3201/1418/1811
f 3205/1428/1813 3201/1428/1814 3204/1424/1814
f 3207/1420/1815 3203/1420/1805 3202/1427/1816
f 3215/1420/1817 3211/1420/1818 3210/1427/1818
f 3211/1420/1818 3207/1420/1815 3206/1427/1815
f 3208/1424/1819 3207/1420/1803 3211/1420/1820
f 3210/1427/1821 3206/1427/1810 3205/1418/1822
f 3216/1424/1823 3215/1420/1817 3214/1429/1817
f 3212/1424/1824 3211/1420/1820 3215/1420/1825
f 3214/1427/1826 3210/1427/1821 3209/1418/1827
f 3218/1428/1828 3205/1428/1813 3208/1424/1829
f 3226/1418/1467 3220/1418/1467 3218/1418/1467
f 3219/1424/1464 3221/1424/1464 3227/1424/1464
f 3217/1424/1830 3208/1424/1829 3212/1424/1831
f 3221/1424/1832 3216/1424/1833 3213/1459/1809
f 3209/1418/1808 3205/1418/1813 3218/1418/1828
f 3212/1424/1831 3216/1424/1833 3221/1424/1832
f 3226/1428/1834 3224/1428/1835 3223/1424/1835
f 3228/1428/1836 3226/1428/1834 3225/1424/1834
f 3228/1418/1467 3222/1418/1467 3220/1418/1467
f 3227/1424/1837 3221/1424/1832 3222/1459/1807
f 3217/1424/1464 3219/1424/1464 3225/1424/1464
f 3224/1428/1838 3218/1428/1838 3217/1424/1838
f 2704/1430/1498 2703/1431/1499 2705/1434/1498
f 2706/1433/1500 2705/1434/1498 2707/1436/1500
f 2708/1435/1501 2707/1436/1500 2709/1438/1501
f 2710/1437/1502 2709/1438/1501 2711/1440/1502
f 2712/1439/1425 2711/1440/1425 2713/1442/1425
f 2714/1441/1503 2713/1442/1504 2715/1444/1503
f 2716/1443/1505 2715/1444/1503 2717/1446/1505
f 2708/1435/1506 2728/1437/1507 2726/1435/1541
f 2718/1445/1509 2717/1446/1505 2719/1448/1509
f 2702/1447/1510 2719/1448/1509 2703/1449/1510
f 2715/1444/1511 2731/1442/1512 2733/1444/1539
f 2745/1438/1514 2725/1436/1515 2743/1436/1546
f 2750/1441/1517 2734/1443/1518 2752/1443/1839
f 2718/1445/1520 2720/1447/1521 2736/1445/1542
f 2729/1440/1523 2709/1438/1524 2727/1438/1543
f 2723/1449/1526 2719/1448/1527 2737/1448/1544
f 2721/1430/1529 2706/1433/1530 2724/1433/1840
f 2732/1441/1532 2716/1443/1533 2734/1443/1841
f 2707/1436/1535 2722/1434/1536 2725/1436/1842
f 2717/1446/1538 2733/1444/1539 2735/1446/1843
f 2728/1437/1507 2712/1439/1540 2730/1439/1545
f 2713/1442/1513 2729/1440/1523 2731/1442/1512
f 2706/1433/1530 2726/1435/1541 2724/1433/1840
f 2716/1443/1533 2736/1445/1542 2734/1443/1841
f 2720/1432/1521 2704/1430/1531 2721/1430/1529
f 2727/1438/1543 2707/1436/1535 2725/1436/1842
f 2737/1448/1544 2717/1446/1538 2735/1446/1843
f 2705/1434/1537 2723/1431/1526 2722/1434/1536
f 2730/1439/1545 2714/1441/1534 2732/1441/1532
f 2741/1404/1558 2743/1450/1546 2740/1474/1562
f 2743/1450/1546 2747/1475/1555 2745/1409/1514
f 2747/1475/1555 2751/1413/1547 2749/1476/1559
f 2751/1413/1547 2755/1451/1548 2753/1477/1844
f 2755/1451/1548 2743/1450/1546 2741/1404/1558
f 2743/1450/1546 2751/1413/1547 2747/1475/1555
f 2739/1478/1560 2754/1452/1549 2738/1465/1556
f 2754/1452/1549 2750/1468/1517 2752/1479/1839
f 2750/1468/1517 2746/1453/1550 2748/1480/1557
f 2746/1453/1550 2742/1454/1551 2744/1471/1563
f 2742/1454/1551 2754/1452/1549 2739/1478/1560
f 2754/1452/1549 2746/1453/1550 2750/1468/1517
f 2735/1446/1552 2751/1444/1547 2753/1446/1844
f 2726/1435/1554 2746/1437/1550 2744/1435/1563
f 2734/1443/1518 2754/1445/1549 2752/1443/1839
f 2747/1440/1555 2727/1438/1516 2745/1438/1514
f 2738/1432/1556 2721/1430/1529 2739/1430/1560
f 2755/1448/1548 2735/1446/1552 2753/1446/1844
f 2728/1437/1507 2748/1439/1557 2746/1437/1550
f 2722/1434/1536 2741/1431/1558 2740/1434/1562
f 2736/1445/1542 2738/1447/1556 2754/1445/1549
f 2749/1442/1559 2729/1440/1523 2747/1440/1555
f 2739/1430/1560 2724/1433/1561 2742/1433/1551
f 2741/1449/1558 2737/1448/1544 2755/1448/1548
f 2748/1439/1557 2732/1441/1519 2750/1441/1517
f 2725/1436/1515 2740/1434/1562 2743/1436/1546
f 2733/1444/1553 2749/1442/1559 2751/1444/1547
f 2724/1433/1561 2744/1435/1563 2742/1433/1551
f 2866/1417/1464 2865/1418/1464 2867/1427/1464
f 2870/1421/1567 2867/1427/1567 2871/1420/1567
f 2868/1422/1467 2871/1420/1467 2869/1424/1467
f 2864/1423/1425 2869/1424/1425 2865/1428/1425
f 2864/1425/1451 2870/1421/1451 2868/1422/1451
f 2869/1424/1472 2867/1429/1472 2865/1459/1472
f 2874/1417/1464 2873/1418/1464 2875/1427/1464
f 2878/1421/1567 2875/1427/1567 2879/1420/1567
f 2876/1422/1467 2879/1420/1467 2877/1424/1467
f 2872/1423/1425 2877/1424/1425 2873/1428/1425
f 2872/1425/1451 2878/1421/1451 2876/1422/1451
f 2877/1424/1472 2875/1429/1472 2873/1459/1472
f 2882/1417/1713 2881/1418/1713 2883/1427/1713
f 2886/1421/1714 2883/1427/1714 2887/1420/1714
f 2884/1422/1715 2887/1420/1715 2885/1424/1715
f 2880/1423/1716 2885/1424/1716 2881/1428/1716
f 2880/1425/1451 2886/1421/1451 2884/1422/1451
f 2887/1420/1472 2881/1459/1472 2885/1424/1472
f 2890/1417/1717 2889/1418/1717 2891/1427/1717
f 2894/1421/1718 2891/1427/1718 2895/1420/1718
f 2892/1422/1719 2895/1420/1719 2893/1424/1719
f 2888/1423/1720 2893/1424/1720 2889/1428/1720
f 2890/1426/1451 2892/1422/1451 2888/1425/1451
f 2893/1424/1472 2891/1429/1472 2889/1459/1472
f 2898/1417/1464 2897/1418/1464 2899/1427/1464
f 2902/1421/1567 2899/1427/1567 2903/1420/1567
f 2900/1422/1467 2903/1420/1467 2901/1424/1467
f 2896/1423/1425 2901/1424/1425 2897/1428/1425
f 2896/1425/1451 2902/1421/1451 2900/1422/1451
f 2901/1424/1472 2899/1429/1472 2897/1459/1472
f 3191/1417/1786 3190/1418/1787 3192/1427/1795
f 3195/1421/1789 3192/1427/1789 3196/1420/1789
f 3195/1421/1790 3194/1424/1791 3193/1422/1874
f 3189/1423/1793 3194/1424/1793 3190/1428/1793
f 3191/1426/1451 3193/1422/1451 3189/1425/1451
f 3198/1427/1794 3190/1418/1787 3197/1418/1796
f 3197/1428/1796 3204/1424/1797 3201/1428/1806
f 3197/1428/1796 3194/1424/1799 3200/1424/1798
f 3199/1420/1800 3192/1427/1801 3198/1427/1794
f 3194/1424/1791 3199/1420/1800 3200/1424/1798
f 3204/1424/1802 3207/1420/1803 3208/1424/1819
f 3203/1420/1805 3198/1427/1794 3202/1427/1816
f 3204/1424/1797 3199/1420/1800 3203/1420/1805
f 3198/1427/1794 3201/1418/1806 3202/1427/1816
f 3222/1418/1807 3209/1418/1808 3220/1418/1875
f 3206/1427/1810 3201/1418/1811 3205/1418/1822
f 3205/1428/1813 3204/1424/1814 3208/1424/1829
f 3207/1420/1815 3202/1427/1816 3206/1427/1815
f 3215/1420/1817 3210/1427/1818 3214/1427/1817
f 3211/1420/1818 3206/1427/1815 3210/1427/1818
f 3208/1424/1819 3211/1420/1820 3212/1424/1824
f 3210/1427/1821 3205/1418/1822 3209/1418/1827
f 3216/1424/1823 3214/1429/1817 3213/1459/1823
f 3212/1424/1824 3215/1420/1825 3216/1424/1876
f 3214/1427/1826 3209/1418/1827 3213/1418/1877
f 3218/1428/1828 3208/1424/1829 3217/1424/1830
f 3226/1418/1467 3218/1418/1467 3224/1418/1467
f 3219/1424/1464 3227/1424/1464 3225/1424/1464
f 3217/1424/1830 3212/1424/1831 3219/1424/1878
f 3221/1424/1832 3213/1459/1809 3222/1459/1807
f 3209/1418/1808 3218/1418/1828 3220/1418/1875
f 3212/1424/1831 3221/1424/1832 3219/1424/1878
f 3226/1428/1834 3223/1424/1835 3225/1424/1834
f 3228/1428/1836 3225/1424/1834 3227/1424/1836
f 3228/1418/1467 3220/1418/1467 3226/1418/1467
f 3227/1424/1837 3222/1459/1807 3228/1459/1837
f 3217/1424/1464 3225/1424/1464 3223/1424/1464
f 3224/1428/1838 3217/1424/1838 3223/1424/1838
usemtl Body
f 2756/1419/1564 2757/1418/1566 2759/1427/1565
f 2758/1417/1567 2759/1427/1567 2763/1420/1567
f 2760/1422/1568 2762/1421/1570 2763/1420/1569
f 2766/1424/1571 2761/1424/1573 2783/1424/1572
f 2756/1425/1451 2758/1426/1451 2762/1421/1451
f 2783/1424/1572 2761/1424/1573 2763/1420/1569
f 2773/1418/1574 2833/1418/1576 2770/1419/1575
f 2767/1422/1577 2760/1422/1568 2761/1424/1573
f 2757/1418/1566 2756/1419/1564 2764/1419/1578
f 2764/1425/1451 2756/1425/1451 2760/1422/1451
f 2770/1425/1579 2768/1425/1451 2769/1422/1451
f 2768/1425/1451 2764/1425/1451 2767/1422/1451
f 2835/1455/1580 2830/1457/1582 2828/1456/1581
f 2829/1418/1583 2765/1418/1585 2764/1419/1584
f 2766/1424/1586 2765/1459/1472 2829/1458/1587
f 2769/1422/1588 2831/1460/1590 2834/1424/1589
f 2767/1422/1591 2766/1424/1591 2831/1461/1591
f 2772/1425/1592 2775/1422/1594 2779/1422/1593
f 2818/1424/1595 2774/1424/1596 2834/1424/1589
f 2772/1425/1592 2770/1425/1579 2771/1422/1579
f 2833/1418/1576 2773/1418/1574 2819/1418/1597
f 2779/1422/1598 2775/1422/1599 2774/1424/1596
f 2815/1418/1600 2776/1418/1601 2777/1419/1601
f 2776/1418/1601 2773/1418/1574 2772/1419/1602
f 2778/1424/1603 2774/1424/1472 2773/1459/1472
f 2780/1418/1425 2785/1418/1604 2791/1418/1425
f 2781/1427/1425 2780/1418/1425 2786/1418/1425
f 2785/1459/1604 2765/1459/1605 2766/1424/1605
f 2781/1427/1606 2759/1427/1565 2757/1418/1566
f 2780/1418/1607 2757/1418/1566 2765/1418/1608
f 2782/1420/1567 2763/1420/1567 2759/1427/1567
f 2792/1418/1609 2791/1418/1611 2862/1418/1610
f 2862/1459/1612 2791/1459/1613 2790/1424/1613
f 2782/1420/1425 2781/1427/1425 2787/1427/1425
f 2784/1424/1604 2783/1424/1425 2789/1424/1425
f 2785/1459/1604 2784/1424/1604 2790/1424/1425
f 2783/1424/1425 2782/1420/1425 2788/1420/1425
f 2861/1424/1614 2789/1424/1616 2795/1424/1615
f 2796/1459/1617 2792/1459/1619 2809/1459/1618
f 2789/1424/1616 2788/1420/1620 2794/1420/1620
f 2793/1427/1621 2787/1427/1621 2786/1418/1622
f 2794/1420/1623 2788/1420/1624 2787/1427/1624
f 2798/1420/1625 2794/1420/1623 2793/1427/1623
f 2800/1459/1626 2792/1459/1628 2796/1459/1627
f 2802/1420/1629 2794/1420/1631 2798/1420/1630
f 2795/1424/1632 2794/1420/1631 2802/1420/1629
f 2801/1427/1633 2793/1427/1634 2792/1418/1628
f 2797/1427/1635 2793/1427/1634 2801/1427/1633
f 2799/1424/1636 2795/1424/1632 2803/1424/1637
f 2806/1420/1638 2798/1420/1640 2799/1424/1639
f 2796/1418/1641 2797/1427/1643 2805/1427/1642
f 2799/1424/1644 2796/1459/1617 2811/1459/1645
f 2808/1424/1646 2795/1424/1647 2799/1424/1644
f 2809/1459/1618 2792/1459/1619 2795/1424/1647
f 2812/1423/1425 2813/1422/1425 2814/1424/1425
f 2813/1422/1648 2779/1422/1598 2778/1424/1598
f 2812/1425/1649 2777/1425/1650 2779/1422/1593
f 2814/1424/1651 2778/1424/1603 2776/1459/1652
f 2822/1424/1653 2818/1424/1595 2816/1424/1654
f 2842/1424/1655 2826/1424/1657 2827/1459/1656
f 2771/1422/1658 2834/1424/1589 2774/1424/1596
f 2816/1424/1659 2834/1424/1660 2833/1462/1660
f 2821/1418/1661 2823/1418/1662 2827/1418/1656
f 2837/1459/1663 2773/1459/1663 2774/1424/1663
f 2817/1418/1664 2819/1418/1597 2823/1418/1662
f 2820/1424/1665 2816/1424/1659 2817/1459/1659
f 2826/1424/1657 2824/1424/1667 2825/1459/1666
f 2824/1424/1668 2820/1424/1665 2821/1459/1665
f 2826/1424/1657 2822/1424/1653 2820/1424/1669
f 2840/1424/1670 2822/1424/1653 2826/1424/1657
f 2830/1457/1582 2831/1424/1671 2829/1458/1587
f 2834/1424/1672 2835/1455/1580 2832/1463/1580
f 2833/1459/1576 2832/1463/1674 2828/1456/1673
f 2835/1455/1675 2834/1424/1589 2831/1460/1590
f 2833/1418/1576 2829/1464/1677 2768/1419/1676
f 2844/1424/1678 2836/1424/1680 2838/1424/1679
f 2841/1418/1681 2839/1418/1683 2847/1418/1682
f 2843/1418/1684 2841/1418/1681 2849/1418/1685
f 2836/1424/1686 2774/1424/1686 2818/1424/1595
f 2818/1424/1595 2822/1424/1653 2840/1424/1670
f 2827/1418/1656 2823/1418/1662 2841/1418/1687
f 2819/1418/1597 2773/1418/1688 2837/1418/1688
f 2841/1418/1687 2823/1418/1662 2819/1418/1597
f 2851/1418/1689 2849/1418/1685 2857/1418/1690
f 2847/1418/1682 2845/1418/1692 2853/1418/1691
f 2854/1424/1693 2846/1424/1695 2848/1424/1694
f 2845/1459/1696 2837/1459/1697 2836/1424/1697
f 2848/1424/1694 2840/1424/1699 2842/1424/1698
f 2850/1424/1700 2842/1424/1698 2843/1459/1684
f 2846/1424/1695 2838/1424/1679 2840/1424/1699
f 2839/1418/1683 2837/1418/1701 2845/1418/1692
f 2855/1459/1702 2853/1459/1703 2852/1424/1703
f 2857/1459/1704 2855/1459/1702 2854/1424/1702
f 2857/1459/1704 2856/1424/1704 2858/1424/1705
f 2849/1418/1685 2847/1418/1682 2855/1418/1706
f 2852/1424/1707 2844/1424/1678 2846/1424/1695
f 2853/1459/1708 2845/1459/1696 2844/1424/1696
f 2856/1424/1709 2848/1424/1694 2850/1424/1700
f 2858/1424/1710 2850/1424/1700 2851/1459/1689
f 2861/1424/1612 2860/1424/1711 2863/1459/1711
f 2860/1424/1711 2795/1424/1712 2792/1459/1712
f 2756/1419/1564 2759/1427/1565 2758/1417/1845
f 2758/1417/1567 2763/1420/1567 2762/1421/1567
f 2760/1422/1568 2763/1420/1569 2761/1424/1573
f 2766/1424/1571 2783/1424/1572 2784/1424/1846
f 2756/1425/1451 2762/1421/1451 2760/1422/1451
f 2783/1424/1572 2763/1420/1569 2782/1420/1847
f 2773/1418/1574 2770/1419/1575 2772/1419/1602
f 2767/1422/1577 2761/1424/1573 2766/1424/1571
f 2757/1418/1566 2764/1419/1578 2765/1418/1608
f 2764/1425/1451 2760/1422/1451 2767/1422/1451
f 2770/1425/1579 2769/1422/1451 2771/1422/1579
f 2768/1425/1451 2767/1422/1451 2769/1422/1451
f 2835/1455/1580 2828/1456/1581 2832/1463/1580
f 2829/1418/1583 2764/1419/1584 2768/1419/1848
f 2766/1424/1586 2829/1458/1587 2831/1424/1671
f 2769/1422/1588 2834/1424/1589 2771/1422/1658
f 2767/1422/1591 2831/1461/1591 2769/1422/1591
f 2772/1425/1592 2779/1422/1593 2777/1425/1650
f 2818/1424/1595 2834/1424/1589 2816/1424/1654
f 2772/1425/1592 2771/1422/1579 2775/1422/1594
f 2833/1418/1576 2819/1418/1597 2817/1418/1664
f 2779/1422/1598 2774/1424/1596 2778/1424/1598
f 2815/1418/1600 2777/1419/1601 2812/1419/1600
f 2776/1418/1601 2772/1419/1602 2777/1419/1601
f 2778/1424/1603 2773/1459/1472 2776/1459/1652
f 2780/1418/1425 2791/1418/1425 2786/1418/1425
f 2781/1427/1425 2786/1418/1425 2787/1427/1425
f 2785/1459/1604 2766/1424/1605 2784/1424/1604
f 2781/1427/1606 2757/1418/1566 2780/1418/1607
f 2780/1418/1607 2765/1418/1608 2785/1418/1849
f 2782/1420/1567 2759/1427/1567 2781/1427/1567
f 2791/1418/1611 2792/1418/1609 2786/1418/1622
f 2792/1418/1609 2862/1418/1610 2863/1418/1610
f 2862/1459/1612 2790/1424/1613 2861/1424/1612
f 2782/1420/1425 2787/1427/1425 2788/1420/1425
f 2784/1424/1604 2789/1424/1425 2790/1424/1425
f 2785/1459/1604 2790/1424/1425 2791/1459/1425
f 2783/1424/1425 2788/1420/1425 2789/1424/1425
f 2789/1424/1616 2861/1424/1614 2790/1424/1850
f 2861/1424/1614 2795/1424/1615 2860/1424/1851
f 2796/1459/1617 2809/1459/1618 2811/1459/1645
f 2789/1424/1616 2794/1420/1620 2795/1424/1615
f 2793/1427/1621 2786/1418/1622 2792/1418/1609
f 2794/1420/1623 2787/1427/1624 2793/1427/1623
f 2798/1420/1625 2793/1427/1623 2797/1427/1625
f 2800/1459/1626 2796/1459/1627 2804/1459/1852
f 2802/1420/1629 2798/1420/1630 2806/1420/1853
f 2795/1424/1632 2802/1420/1629 2803/1424/1637
f 2801/1427/1633 2792/1418/1628 2800/1418/1626
f 2797/1427/1635 2801/1427/1633 2805/1427/1854
f 2799/1424/1636 2803/1424/1637 2807/1424/1855
f 2806/1420/1638 2799/1424/1639 2807/1424/1856
f 2796/1418/1641 2805/1427/1642 2804/1418/1857
f 2799/1424/1644 2811/1459/1645 2810/1424/1858
f 2808/1424/1646 2799/1424/1644 2810/1424/1858
f 2809/1459/1618 2795/1424/1647 2808/1424/1646
f 2812/1423/1425 2814/1424/1425 2815/1428/1425
f 2813/1422/1648 2778/1424/1598 2814/1424/1648
f 2812/1425/1649 2779/1422/1593 2813/1422/1649
f 2814/1424/1651 2776/1459/1652 2815/1459/1651
f 2822/1424/1653 2816/1424/1654 2820/1424/1859
f 2842/1424/1655 2827/1459/1656 2843/1459/1860
f 2771/1422/1658 2774/1424/1596 2775/1422/1599
f 2816/1424/1659 2833/1462/1660 2817/1459/1659
f 2821/1418/1661 2827/1418/1656 2825/1418/1666
f 2837/1459/1663 2774/1424/1663 2836/1424/1663
f 2817/1418/1664 2823/1418/1662 2821/1418/1861
f 2820/1424/1665 2817/1459/1659 2821/1459/1665
f 2826/1424/1657 2825/1459/1666 2827/1459/1656
f 2824/1424/1668 2821/1459/1665 2825/1459/1668
f 2826/1424/1657 2820/1424/1669 2824/1424/1667
f 2840/1424/1670 2826/1424/1657 2842/1424/1655
f 2830/1457/1582 2829/1458/1587 2828/1456/1581
f 2834/1424/1672 2832/1463/1580 2833/1462/1672
f 2833/1459/1576 2828/1456/1673 2829/1459/1677
f 2835/1455/1675 2831/1460/1590 2830/1457/1862
f 2833/1418/1576 2768/1419/1676 2770/1419/1575
f 2844/1424/1678 2838/1424/1679 2846/1424/1695
f 2841/1418/1681 2847/1418/1682 2849/1418/1685
f 2843/1418/1684 2849/1418/1685 2851/1418/1689
f 2836/1424/1686 2818/1424/1595 2838/1424/1863
f 2818/1424/1595 2840/1424/1670 2838/1424/1863
f 2827/1418/1656 2841/1418/1687 2843/1418/1860
f 2819/1418/1597 2837/1418/1688 2839/1418/1864
f 2841/1418/1687 2819/1418/1597 2839/1418/1864
f 2851/1418/1689 2857/1418/1690 2859/1418/1865
f 2847/1418/1682 2853/1418/1691 2855/1418/1706
f 2854/1424/1693 2848/1424/1694 2856/1424/1866
f 2845/1459/1696 2836/1424/1697 2844/1424/1696
f 2848/1424/1694 2842/1424/1698 2850/1424/1700
f 2850/1424/1700 2843/1459/1684 2851/1459/1689
f 2846/1424/1695 2840/1424/1699 2848/1424/1694
f 2839/1418/1683 2845/1418/1692 2847/1418/1682
f 2855/1459/1702 2852/1424/1703 2854/1424/1702
f 2857/1459/1704 2854/1424/1702 2856/1424/1704
f 2857/1459/1704 2858/1424/1705 2859/1459/1705
f 2849/1418/1685 2855/1418/1706 2857/1418/1867
f 2852/1424/1707 2846/1424/1695 2854/1424/1693
f 2853/1459/1708 2844/1424/1696 2852/1424/1708
f 2856/1424/1709 2850/1424/1700 2858/1424/1710
f 2858/1424/1710 2851/1459/1689 2859/1459/1865
f 2861/1424/1612 2863/1459/1711 2862/1459/1612
f 2860/1424/1711 2792/1459/1712 2863/1459/1711
usemtl Material
f 2907/1424/1721 2906/1420/1723 2910/1420/1722
f 2909/1427/1724 2905/1427/1726 2904/1418/1725
f 2915/1459/1727 2913/1459/1727 2912/1424/1727
f 2907/1424/1721 2910/1420/1722 2911/1424/1868
f 2909/1427/1724 2904/1418/1725 2908/1418/1869
f 2915/1459/1727 2912/1424/1727 2914/1424/1727
usemtl Roof
f 2981/1404/1750 2993/1405/1567 2982/1406/1751
f 2982/1406/1751 2993/1405/1567 2983/1407/1752
f 2983/1407/1752 2993/1405/1567 2984/1408/1753
f 2984/1408/1753 2993/1405/1567 2985/1409/1754
f 2985/1409/1754 2993/1405/1567 2986/1410/1755
f 2986/1410/1755 2993/1405/1567 2987/1411/1756
f 2987/1411/1756 2993/1405/1567 2988/1412/1757
f 2988/1412/1757 2993/1405/1567 2989/1413/1758
f 2989/1413/1758 2993/1405/1567 2990/1414/1759
f 2990/1414/1759 2993/1405/1567 2991/1415/1760
f 3003/1414/1761 2990/1414/1759 2991/1415/1760
f 2991/1415/1760 2993/1405/1567 2992/1416/1762
f 2992/1416/1762 2993/1405/1567 2981/1404/1750
f 3011/1410/1763 2999/1410/1765 3000/1411/1764
f 2998/1409/1766 2985/1409/1754 2986/1410/1755
f 3005/1416/1767 2992/1416/1762 2981/1404/1750
f 3000/1411/1764 2987/1411/1756 2988/1412/1757
f 2982/1406/1751 2983/1407/1752 2996/1407/1774
f 3002/1413/1769 2989/1413/1758 2990/1414/1759
f 2981/1404/1750 2982/1406/1751 2995/1406/1768
f 2997/1408/1771 2984/1408/1753 2985/1409/1754
f 3004/1415/1772 2991/1415/1760 2992/1416/1762
f 2999/1410/1765 2986/1410/1755 2987/1411/1756
f 3001/1412/1773 2988/1412/1757 2989/1413/1758
f 2996/1407/1774 2983/1407/1752 2984/1408/1753
f 3023/1410/1452 3011/1410/1452 3012/1411/1451
f 3008/1407/1784 2996/1407/1774 2997/1408/1771
f 3003/1414/1761 3004/1415/1772 3016/1415/1778
f 3012/1411/1777 3000/1411/1764 3001/1412/1773
f 2997/1408/1771 2998/1409/1766 3010/1409/1785
f 3016/1415/1778 3004/1415/1772 3005/1416/1767
f 3006/1404/1779 2994/1404/1770 2995/1406/1768
f 3013/1412/1780 3001/1412/1773 3002/1413/1769
f 3010/1409/1785 2998/1409/1766 2999/1410/1765
f 3017/1416/1781 3005/1416/1767 2994/1404/1770
f 3007/1406/1782 2995/1406/1768 2996/1407/1774
f 3014/1413/1783 3002/1413/1769 3003/1414/1761
f 3020/1407/1465 3008/1407/1465 3009/1408/1464
f 3027/1414/1467 3015/1414/1467 3016/1415/1466
f 3024/1411/1451 3012/1411/1451 3013/1412/1468
f 3021/1408/1464 3009/1408/1464 3010/1409/1469
f 3028/1415/1466 3016/1415/1466 3017/1416/1470
f 3018/1404/1472 3006/1404/1472 3007/1406/1471
f 3025/1412/1468 3013/1412/1468 3014/1413/1473
f 3022/1409/1469 3010/1409/1469 3011/1410/1452
f 3029/1416/1470 3017/1416/1470 3006/1404/1472
f 3019/1406/1471 3007/1406/1471 3008/1407/1465
f 3026/1413/1473 3014/1413/1473 3015/1414/1467
f 3003/1414/1761 2991/1415/1760 3004/1415/1772
f 3011/1410/1763 3000/1411/1764 3012/1411/1777
f 2998/1409/1766 2986/1410/1755 2999/1410/1765
f 3005/1416/1767 2981/1404/1750 2994/1404/1770
f 3000/1411/1764 2988/1412/1757 3001/1412/1773
f 2982/1406/1751 2996/1407/1774 2995/1406/1768
f 3002/1413/1769 2990/1414/1759 3003/1414/1761
f 2981/1404/1750 2995/1406/1768 2994/1404/1770
f 2997/1408/1771 2985/1409/1754 2998/1409/1766
f 3004/1415/1772 2992/1416/1762 3005/1416/1767
f 2999/1410/1765 2987/1411/1756 3000/1411/1764
f 3001/1412/1773 2989/1413/1758 3002/1413/1769
f 2996/1407/1774 2984/1408/1753 2997/1408/1771
f 3023/1410/1452 3012/1411/1451 3024/1411/1451
f 3008/1407/1784 2997/1408/1771 3009/1408/1775
f 3003/1414/1761 3016/1415/1778 3015/1414/1776
f 3012/1411/1777 3001/1412/1773 3013/1412/1780
f 2997/1408/1771 3010/1409/1785 3009/1408/1775
f 3016/1415/1778 3005/1416/1767 3017/1416/1781
f 3006/1404/1779 2995/1406/1768 3007/1406/1782
f 3013/1412/1780 3002/1413/1769 3014/1413/1783
f 3010/1409/1785 2999/1410/1765 3011/1410/1763
f 3017/1416/1781 2994/1404/1770 3006/1404/1779
f 3007/1406/1782 2996/1407/1774 3008/1407/1784
f 3014/1413/1783 3003/1414/1761 3015/1414/1776
f 3020/1407/1465 3009/1408/1464 3021/1408/1464
f 3027/1414/1467 3016/1415/1466 3028/1415/1466
f 3024/1411/1451 3013/1412/1468 3025/1412/1468
f 3021/1408/1464 3010/1409/1469 3022/1409/1469
f 3028/1415/1466 3017/1416/1470 3029/1416/1470
f 3018/1404/1472 3007/1406/1471 3019/1406/1471
f 3025/1412/1468 3014/1413/1473 3026/1413/1473
f 3022/1409/1469 3011/1410/1452 3023/1410/1452
f 3029/1416/1470 3006/1404/1472 3018/1404/1472
f 3019/1406/1471 3008/1407/1465 3020/1407/1465
f 3026/1413/1473 3015/1414/1467 3027/1414/1467
usemtl Roof
f 3030/1404/1426 3031/1406/1427 3042/1405/1425
f 3031/1406/1427 3032/1407/1428 3042/1405/1425
f 3032/1407/1428 3033/1408/1429 3042/1405/1425
f 3033/1408/1429 3034/1409/1430 3042/1405/1425
f 3034/1409/1430 3035/1410/1431 3042/1405/1425
f 3035/1410/1431 3036/1411/1432 3042/1405/1425
f 3036/1411/1432 3037/1412/1433 3042/1405/1425
f 3037/1412/1433 3038/1413/1434 3042/1405/1425
f 3038/1413/1434 3039/1414/1435 3042/1405/1425
f 3039/1414/1435 3040/1415/1436 3042/1405/1425
f 3040/1415/1436 3039/1414/1435 3052/1414/1437
f 3040/1415/1436 3041/1416/1438 3042/1405/1425
f 3041/1416/1438 3030/1404/1426 3042/1405/1425
f 3049/1411/1439 3048/1410/1441 3060/1410/1440
f 3035/1410/1431 3034/1409/1430 3047/1409/1442
f 3030/1404/1426 3041/1416/1438 3054/1416/1443
f 3037/1412/1433 3036/1411/1432 3049/1411/1439
f 3032/1407/1428 3031/1406/1427 3044/1406/1444
f 3039/1414/1435 3038/1413/1434 3051/1413/1445
f 3031/1406/1427 3030/1404/1426 3043/1404/1446
f 3034/1409/1430 3033/1408/1429 3046/1408/1447
f 3041/1416/1438 3040/1415/1436 3053/1415/1448
f 3036/1411/1432 3035/1410/1431 3048/1410/1441
f 3038/1413/1434 3037/1412/1433 3050/1412/1449
f 3033/1408/1429 3032/1407/1428 3045/1407/1450
f 3061/1411/1451 3060/1410/1452 3072/1410/1452
f 3046/1408/1447 3045/1407/1450 3057/1407/1454
f 3052/1414/1437 3064/1414/1455 3065/1415/1457
f 3050/1412/1449 3049/1411/1439 3061/1411/1456
f 3047/1409/1442 3046/1408/1447 3058/1408/1453
f 3053/1415/1448 3065/1415/1457 3066/1416/1462
f 3044/1406/1444 3043/1404/1446 3055/1404/1458
f 3051/1413/1445 3050/1412/1449 3062/1412/1460
f 3048/1410/1441 3047/1409/1442 3059/1409/1461
f 3054/1416/1443 3066/1416/1462 3055/1404/1458
f 3045/1407/1450 3044/1406/1444 3056/1406/1463
f 3052/1414/1437 3051/1413/1445 3063/1413/1459
f 3058/1408/1464 3057/1407/1465 3069/1407/1465
f 3065/1415/1466 3064/1414/1467 3076/1414/1467
f 3062/1412/1468 3061/1411/1451 3073/1411/1451
f 3059/1409/1469 3058/1408/1464 3070/1408/1464
f 3066/1416/1470 3065/1415/1466 3077/1415/1466
f 3056/1406/1471 3055/1404/1472 3067/1404/1472
f 3063/1413/1473 3062/1412/1468 3074/1412/1468
f 3060/1410/1452 3059/1409/1469 3071/1409/1469
f 3055/1404/1472 3066/1416/1470 3078/1416/1470
f 3057/1407/1465 3056/1406/1471 3068/1406/1471
f 3064/1414/1467 3063/1413/1473 3075/1413/1473
f 3040/1415/1436 3052/1414/1437 3053/1415/1448
f 3049/1411/1439 3060/1410/1440 3061/1411/1456
f 3035/1410/1431 3047/1409/1442 3048/1410/1441
f 3030/1404/1426 3054/1416/1443 3043/1404/1446
f 3037/1412/1433 3049/1411/1439 3050/1412/1449
f 3032/1407/1428 3044/1406/1444 3045/1407/1450
f 3039/1414/1435 3051/1413/1445 3052/1414/1437
f 3031/1406/1427 3043/1404/1446 3044/1406/1444
f 3034/1409/1430 3046/1408/1447 3047/1409/1442
f 3041/1416/1438 3053/1415/1448 3054/1416/1443
f 3036/1411/1432 3048/1410/1441 3049/1411/1439
f 3038/1413/1434 3050/1412/1449 3051/1413/1445
f 3033/1408/1429 3045/1407/1450 3046/1408/1447
f 3061/1411/1451 3072/1410/1452 3073/1411/1451
f 3046/1408/1447 3057/1407/1454 3058/1408/1453
f 3052/1414/1437 3065/1415/1457 3053/1415/1448
f 3050/1412/1449 3061/1411/1456 3062/1412/1460
f 3047/1409/1442 3058/1408/1453 3059/1409/1461
f 3053/1415/1448 3066/1416/1462 3054/1416/1443
f 3044/1406/1444 3055/1404/1458 3056/1406/1463
f 3051/1413/1445 3062/1412/1460 3063/1413/1459
f 3048/1410/1441 3059/1409/1461 3060/1410/1440
f 3054/1416/1443 3055/1404/1458 3043/1404/1446
f 3045/1407/1450 3056/1406/1463 3057/1407/1454
f 3052/1414/1437 3063/1413/1459 3064/1414/1455
f 3058/1408/1464 3069/1407/1465 3070/1408/1464
f 3065/1415/1466 3076/1414/1467 3077/1415/1466
f 3062/1412/1468 3073/1411/1451 3074/1412/1468
f 3059/1409/1469 3070/1408/1464 3071/1409/1469
f 3066/1416/1470 3077/1415/1466 3078/1416/1470
f 3056/1406/1471 3067/1404/1472 3068/1406/1471
f 3063/1413/1473 3074/1412/1468 3075/1413/1473
f 3060/1410/1452 3071/1409/1469 3072/1410/1452
f 3055/1404/1472 3078/1416/1470 3067/1404/1472
f 3057/1407/1465 3068/1406/1471 3069/1407/1465
f 3064/1414/1467 3075/1413/1473 3076/1414/1467
usemtl Roof
f 3079/1404/1426 3080/1406/1427 3091/1405/1425
f 3080/1406/1427 3081/1407/1428 3091/1405/1425
f 3081/1407/1428 3082/1408/1429 3091/1405/1425
f 3082/1408/1429 3083/1409/1430 3091/1405/1425
f 3083/1409/1430 3084/1410/1431 3091/1405/1425
f 3084/1410/1431 3085/1411/1432 3091/1405/1425
f 3085/1411/1432 3086/1412/1433 3091/1405/1425
f 3086/1412/1433 3087/1413/1434 3091/1405/1425
f 3087/1413/1434 3088/1414/1435 3091/1405/1425
f 3088/1414/1435 3089/1415/1436 3091/1405/1425
f 3089/1415/1436 3088/1414/1435 3101/1414/1437
f 3089/1415/1436 3090/1416/1438 3091/1405/1425
f 3090/1416/1438 3079/1404/1426 3091/1405/1425
f 3098/1411/1439 3097/1410/1441 3109/1410/1440
f 3084/1410/1431 3083/1409/1430 3096/1409/1442
f 3079/1404/1426 3090/1416/1438 3103/1416/1443
f 3086/1412/1433 3085/1411/1432 3098/1411/1439
f 3081/1407/1428 3080/1406/1427 3093/1406/1444
f 3088/1414/1435 3087/1413/1434 3100/1413/1445
f 3080/1406/1427 3079/1404/1426 3092/1404/1446
f 3083/1409/1430 3082/1408/1429 3095/1408/1447
f 3090/1416/1438 3089/1415/1436 3102/1415/1448
f 3085/1411/1432 3084/1410/1431 3097/1410/1441
f 3087/1413/1434 3086/1412/1433 3099/1412/1449
f 3082/1408/1429 3081/1407/1428 3094/1407/1450
f 3110/1411/1451 3109/1410/1452 3121/1410/1452
f 3095/1408/1447 3094/1407/1450 3106/1407/1454
f 3102/1415/1448 3101/1414/1437 3113/1414/1455
f 3098/1411/1439 3110/1411/1456 3111/1412/1460
f 3095/1408/1447 3107/1408/1453 3108/1409/1461
f 3102/1415/1448 3114/1415/1457 3115/1416/1462
f 3093/1406/1444 3092/1404/1446 3104/1404/1458
f 3099/1412/1449 3111/1412/1460 3112/1413/1459
f 3097/1410/1441 3096/1409/1442 3108/1409/1461
f 3092/1404/1446 3103/1416/1443 3115/1416/1462
f 3093/1406/1444 3105/1406/1463 3106/1407/1454
f 3101/1414/1437 3100/1413/1445 3112/1413/1459
f 3107/1408/1464 3106/1407/1465 3118/1407/1465
f 3114/1415/1466 3113/1414/1467 3125/1414/1467
f 3111/1412/1468 3110/1411/1451 3122/1411/1451
f 3108/1409/1469 3107/1408/1464 3119/1408/1464
f 3115/1416/1470 3114/1415/1466 3126/1415/1466
f 3105/1406/1471 3104/1404/1472 3116/1404/1472
f 3112/1413/1473 3111/1412/1468 3123/1412/1468
f 3109/1410/1452 3108/1409/1469 3120/1409/1469
f 3104/1404/1472 3115/1416/1470 3127/1416/1470
f 3106/1407/1465 3105/1406/1471 3117/1406/1471
f 3113/1414/1467 3112/1413/1473 3124/1413/1473
f 3089/1415/1436 3101/1414/1437 3102/1415/1448
f 3098/1411/1439 3109/1410/1440 3110/1411/1456
f 3084/1410/1431 3096/1409/1442 3097/1410/1441
f 3079/1404/1426 3103/1416/1443 3092/1404/1446
f 3086/1412/1433 3098/1411/1439 3099/1412/1449
f 3081/1407/1428 3093/1406/1444 3094/1407/1450
f 3088/1414/1435 3100/1413/1445 3101/1414/1437
f 3080/1406/1427 3092/1404/1446 3093/1406/1444
f 3083/1409/1430 3095/1408/1447 3096/1409/1442
f 3090/1416/1438 3102/1415/1448 3103/1416/1443
f 3085/1411/1432 3097/1410/1441 3098/1411/1439
f 3087/1413/1434 3099/1412/1449 3100/1413/1445
f 3082/1408/1429 3094/1407/1450 3095/1408/1447
f 3110/1411/1451 3121/1410/1452 3122/1411/1451
f 3095/1408/1447 3106/1407/1454 3107/1408/1453
f 3102/1415/1448 3113/1414/1455 3114/1415/1457
f 3098/1411/1439 3111/1412/1460 3099/1412/1449
f 3095/1408/1447 3108/1409/1461 3096/1409/1442
f 3102/1415/1448 3115/1416/1462 3103/1416/1443
f 3093/1406/1444 3104/1404/1458 3105/1406/1463
f 3099/1412/1449 3112/1413/1459 3100/1413/1445
f 3097/1410/1441 3108/1409/1461 3109/1410/1440
f 3092/1404/1446 3115/1416/1462 3104/1404/1458
f 3093/1406/1444 3106/1407/1454 3094/1407/1450
f 3101/1414/1437 3112/1413/1459 3113/1414/1455
f 3107/1408/1464 3118/1407/1465 3119/1408/1464
f 3114/1415/1466 3125/1414/1467 3126/1415/1466
f 3111/1412/1468 3122/1411/1451 3123/1412/1468
f 3108/1409/1469 3119/1408/1464 3120/1409/1469
f 3115/1416/1470 3126/1415/1466 3127/1416/1470
f 3105/1406/1471 3116/1404/1472 3117/1406/1471
f 3112/1413/1473 3123/1412/1468 3124/1413/1473
f 3109/1410/1452 3120/1409/1469 3121/1410/1452
f 3104/1404/1472 3127/1416/1470 3116/1404/1472
f 3106/1407/1465 3117/1406/1471 3118/1407/1465
f 3113/1414/1467 3124/1413/1473 3125/1414/1467
usemtl Roof
f 3128/1404/1426 3129/1406/1427 3140/1405/1425
f 3129/1406/1427 3130/1407/1428 3140/1405/1425
f 3130/1407/1428 3131/1408/1429 3140/1405/1425
f 3131/1408/1429 3132/1409/1430 3140/1405/1425
f 3132/1409/1430 3133/1410/1431 3140/1405/1425
f 3133/1410/1431 3134/1411/1432 3140/1405/1425
f 3134/1411/1432 3135/1412/1433 3140/1405/1425
f 3135/1412/1433 3136/1413/1434 3140/1405/1425
f 3136/1413/1434 3137/1414/1435 3140/1405/1425
f 3137/1414/1435 3138/1415/1436 3140/1405/1425
f 3138/1415/1436 3137/1414/1435 3150/1414/1437
f 3138/1415/1436 3139/1416/1438 3140/1405/1425
f 3139/1416/1438 3128/1404/1426 3140/1405/1425
f 3146/1410/1441 3158/1410/1440 3159/1411/1456
f 3133/1410/1431 3132/1409/1430 3145/1409/1442
f 3128/1404/1426 3139/1416/1438 3152/1416/1443
f 3135/1412/1433 3134/1411/1432 3147/1411/1439
f 3130/1407/1428 3129/1406/1427 3142/1406/1444
f 3137/1414/1435 3136/1413/1434 3149/1413/1445
f 3129/1406/1427 3128/1404/1426 3141/1404/1446
f 3132/1409/1430 3131/1408/1429 3144/1408/1447
f 3139/1416/1438 3138/1415/1436 3151/1415/1448
f 3134/1411/1432 3133/1410/1431 3146/1410/1441
f 3136/1413/1434 3135/1412/1433 3148/1412/1449
f 3131/1408/1429 3130/1407/1428 3143/1407/1450
f 3159/1411/1451 3158/1410/1452 3170/1410/1452
f 3144/1408/1447 3143/1407/1450 3155/1407/1454
f 3150/1414/1437 3162/1414/1455 3163/1415/1457
f 3148/1412/1449 3147/1411/1439 3159/1411/1456
f 3145/1409/1442 3144/1408/1447 3156/1408/1453
f 3152/1416/1443 3151/1415/1448 3163/1415/1457
f 3142/1406/1444 3141/1404/1446 3153/1404/1458
f 3148/1412/1449 3160/1412/1460 3161/1413/1459
f 3146/1410/1441 3145/1409/1442 3157/1409/1461
f 3141/1404/1446 3152/1416/1443 3164/1416/1462
f 3143/1407/1450 3142/1406/1444 3154/1406/1463
f 3150/1414/1437 3149/1413/1445 3161/1413/1459
f 3156/1408/1464 3155/1407/1465 3167/1407/1465
f 3163/1415/1466 3162/1414/1467 3174/1414/1467
f 3160/1412/1468 3159/1411/1451 3171/1411/1451
f 3157/1409/1469 3156/1408/1464 3168/1408/1464
f 3164/1416/1470 3163/1415/1466 3175/1415/1466
f 3154/1406/1471 3153/1404/1472 3165/1404/1472
f 3161/1413/1473 3160/1412/1468 3172/1412/1468
f 3158/1410/1452 3157/1409/1469 3169/1409/1469
f 3153/1404/1472 3164/1416/1470 3176/1416/1470
f 3155/1407/1465 3154/1406/1471 3166/1406/1471
f 3162/1414/1467 3161/1413/1473 3173/1413/1473
f 3138/1415/1436 3150/1414/1437 3151/1415/1448
f 3146/1410/1441 3159/1411/1456 3147/1411/1439
f 3133/1410/1431 3145/1409/1442 3146/1410/1441
f 3128/1404/1426 3152/1416/1443 3141/1404/1446
f 3135/1412/1433 3147/1411/1439 3148/1412/1449
f 3130/1407/1428 3142/1406/1444 3143/1407/1450
f 3137/1414/1435 3149/1413/1445 3150/1414/1437
f 3129/1406/1427 3141/1404/1446 3142/1406/1444
f 3132/1409/1430 3144/1408/1447 3145/1409/1442
f 3139/1416/1438 3151/1415/1448 3152/1416/1443
f 3134/1411/1432 3146/1410/1441 3147/1411/1439
f 3136/1413/1434 3148/1412/1449 3149/1413/1445
f 3131/1408/1429 3143/1407/1450 3144/1408/1447
f 3159/1411/1451 3170/1410/1452 3171/1411/1451
f 3144/1408/1447 3155/1407/1454 3156/1408/1453
f 3150/1414/1437 3163/1415/1457 3151/1415/1448
f 3148/1412/1449 3159/1411/1456 3160/1412/1460
f 3145/1409/1442 3156/1408/1453 3157/1409/1461
f 3152/1416/1443 3163/1415/1457 3164/1416/1462
f 3142/1406/1444 3153/1404/1458 3154/1406/1463
f 3148/1412/1449 3161/1413/1459 3149/1413/1445
f 3146/1410/1441 3157/1409/1461 3158/1410/1440
f 3141/1404/1446 3164/1416/1462 3153/1404/1458
f 3143/1407/1450 3154/1406/1463 3155/1407/1454
f 3150/1414/1437 3161/1413/1459 3162/1414/1455
f 3156/1408/1464 3167/1407/1465 3168/1408/1464
f 3163/1415/1466 3174/1414/1467 3175/1415/1466
f 3160/1412/1468 3171/1411/1451 3172/1412/1468
f 3157/1409/1469 3168/1408/1464 3169/1409/1469
f 3164/1416/1470 3175/1415/1466 3176/1416/1470
f 3154/1406/1471 3165/1404/1472 3166/1406/1471
f 3161/1413/1473 3172/1412/1468 3173/1413/1473
f 3158/1410/1452 3169/1409/1469 3170/1410/1452
f 3153/1404/1472 3176/1416/1470 3165/1404/1472
f 3155/1407/1465 3166/1406/1471 3167/1407/1465
f 3162/1414/1467 3173/1413/1473 3174/1414/1467
